FlowName,CAS,Compartment,FlowID
"1,1,1,2-TETRACHLORO-2-FLUOROETHANE",000354110,air,000354110
"1,1,1,2-TETRACHLOROETHANE",000630206,air,000630206
"1,1,1,2-TETRACHLOROETHANE",000630206,water,000630206
"1,1,1-TRICHLOROETHANE",000071556,air,000071556
"1,1,1-TRICHLOROETHANE",000071556,water,000071556
"1,1,2,2-TETRACHLOROETHANE",000079345,air,000079345
"1,1,2,2-TETRACHLOROETHANE",000079345,soil,000079345
"1,1,2,2-TETRACHLOROETHANE",000079345,water,000079345
"1,1,2-TRICHLOROETHANE",000079005,air,000079005
"1,1,2-TRICHLOROETHANE",000079005,water,000079005
"1,1-DICHLORO-1-FLUOROETHANE",001717006,air,001717006
"1,1-DICHLORO-1-FLUOROETHANE",001717006,water,001717006
"1,1-DIMETHYL HYDRAZINE",000057147,air,000057147
"1,2,3-TRICHLOROPROPANE",000096184,air,000096184
"1,2,3-TRICHLOROPROPANE",000096184,water,000096184
"1,2,4-TRICHLOROBENZENE",000120821,air,000120821
"1,2,4-TRICHLOROBENZENE",000120821,soil,000120821
"1,2,4-TRIMETHYLBENZENE",000095636,air,000095636
"1,2,4-TRIMETHYLBENZENE",000095636,soil,000095636
"1,2,4-TRIMETHYLBENZENE",000095636,water,000095636
"1,2-BUTYLENE OXIDE",000106887,air,000106887
"1,2-DIBROMO-3-CHLOROPROPANE",000096128,air,000096128
"1,2-DIBROMOETHANE",000106934,air,000106934
"1,2-DICHLORO-1,1,2-TRIFLUOROETHANE",000354234,air,000354234
"1,2-DICHLORO-1,1-DIFLUOROETHANE",001649087,air,001649087
"1,2-DICHLORO-1,1-DIFLUOROETHANE",001649087,water,001649087
"1,2-DICHLOROBENZENE",000095501,air,000095501
"1,2-DICHLOROBENZENE",000095501,water,000095501
"1,2-DICHLOROETHANE",000107062,air,000107062
"1,2-DICHLOROETHANE",000107062,soil,000107062
"1,2-DICHLOROETHANE",000107062,water,000107062
"1,2-DICHLOROETHYLENE",000540590,air,000540590
"1,2-DICHLOROETHYLENE",000540590,water,000540590
"1,2-DICHLOROPROPANE",000078875,air,000078875
"1,2-DICHLOROPROPANE",000078875,water,000078875
"1,2-DIPHENYLHYDRAZINE",000122667,air,000122667
"1,2-PHENYLENEDIAMINE",000095545,air,000095545
"1,3-BUTADIENE",000106990,air,000106990
"1,3-BUTADIENE",000106990,soil,000106990
"1,3-BUTADIENE",000106990,water,000106990
"1,3-DICHLOROBENZENE",000541731,air,000541731
"1,3-DICHLOROPROPYLENE",000542756,air,000542756
"1,3-DICHLOROPROPYLENE",000542756,water,000542756
"1,3-PHENYLENEDIAMINE",000108452,air,000108452
"1,4-DICHLORO-2-BUTENE",000764410,air,000764410
"1,4-DICHLORO-2-BUTENE",000764410,water,000764410
"1,4-DICHLOROBENZENE",000106467,air,000106467
"1,4-DICHLOROBENZENE",000106467,water,000106467
"1,4-DIOXANE",000123911,air,000123911
"1,4-DIOXANE",000123911,soil,000123911
"1,4-DIOXANE",000123911,water,000123911
"1-(3-CHLOROALLYL)-3,5,7-TRIAZA-1-AZONIAADAMANTANE CHLORIDE",004080313,air,004080313
"1-(3-CHLOROALLYL)-3,5,7-TRIAZA-1-AZONIAADAMANTANE CHLORIDE",004080313,soil,004080313
"1-(3-CHLOROALLYL)-3,5,7-TRIAZA-1-AZONIAADAMANTANE CHLORIDE",004080313,water,004080313
1-BROMOPROPANE,000106945,air,000106945
1-BROMOPROPANE,000106945,water,000106945
"1-CHLORO-1,1,2,2-TETRAFLUOROETHANE",000354256,air,000354256
"1-CHLORO-1,1-DIFLUOROETHANE",000075683,air,000075683
"1-CHLORO-1,1-DIFLUOROETHANE",000075683,water,000075683
"2,2-BIS(BROMOMETHYL)-1,3-PROPANEDIOL",003296900,air,003296900
"2,2-DICHLORO-1,1,1-TRIFLUOROETHANE",000306832,air,000306832
"2,2-DICHLORO-1,1,1-TRIFLUOROETHANE",000306832,soil,000306832
"2,3-DICHLOROPROPENE",000078886,air,000078886
"2,4,5-TRICHLOROPHENOL",000095954,air,000095954
"2,4,6-TRICHLOROPHENOL",000088062,air,000088062
"2,4-D",000094757,air,000094757
"2,4-D",000094757,water,000094757
"2,4-D 2-ETHYLHEXYL ESTER",001928434,air,001928434
"2,4-D 2-ETHYLHEXYL ESTER",001928434,water,001928434
"2,4-D BUTOXYETHYL ESTER",001929733,air,001929733
"2,4-DIAMINOTOLUENE",000095807,air,000095807
"2,4-DICHLOROPHENOL",000120832,air,000120832
"2,4-DICHLOROPHENOL",000120832,water,000120832
"2,4-DIMETHYLPHENOL",000105679,air,000105679
"2,4-DIMETHYLPHENOL",000105679,water,000105679
"2,4-DINITROPHENOL",000051285,air,000051285
"2,4-DINITROTOLUENE",000121142,air,000121142
"2,6-DINITROTOLUENE",000606202,air,000606202
"2,6-XYLIDINE",000087627,air,000087627
2-ACETYLAMINOFLUORENE,000053963,air,000053963
"2-CHLORO-1,1,1,2-TETRAFLUOROETHANE",002837890,air,002837890
"2-CHLORO-1,1,1,2-TETRAFLUOROETHANE",002837890,soil,002837890
"2-CHLORO-1,1,1-TRIFLUOROETHANE",000075887,air,000075887
"2-CHLORO-1,1,1-TRIFLUOROETHANE",000075887,water,000075887
2-ETHOXYETHANOL,000110805,air,000110805
2-ETHOXYETHANOL,000110805,water,000110805
2-MERCAPTOBENZOTHIAZOLE,000149304,air,000149304
2-MERCAPTOBENZOTHIAZOLE,000149304,soil,000149304
2-MERCAPTOBENZOTHIAZOLE,000149304,water,000149304
2-METHOXYETHANOL,000109864,air,000109864
2-METHOXYETHANOL,000109864,water,000109864
2-METHYLLACTONITRILE,000075865,air,000075865
2-METHYLPYRIDINE,000109068,air,000109068
2-NITROPHENOL,000088755,water,000088755
2-NITROPROPANE,000079469,air,000079469
2-PHENYLPHENOL,000090437,air,000090437
2-PHENYLPHENOL,000090437,water,000090437
"3,3'-DICHLOROBENZIDINE",000091941,air,000091941
"3,3'-DIMETHOXYBENZIDINE",000119904,air,000119904
"3,3'-DIMETHOXYBENZIDINE DIHYDROCHLORIDE",020325400,air,020325400
"3,3'-DIMETHYLBENZIDINE",000119937,air,000119937
"3-CHLORO-1,1,1-TRIFLUOROPROPANE",000460355,air,000460355
3-CHLORO-2-METHYL-1-PROPENE,000563473,air,000563473
3-CHLOROPROPIONITRILE,000542767,air,000542767
3-IODO-2-PROPYNYL BUTYLCARBAMATE,055406536,air,055406536
"4,4'-DIAMINODIPHENYL ETHER",000101804,air,000101804
"4,4'-DIAMINODIPHENYL ETHER",000101804,water,000101804
"4,4'-ISOPROPYLIDENEDIPHENOL",000080057,air,000080057
"4,4'-ISOPROPYLIDENEDIPHENOL",000080057,soil,000080057
"4,4'-ISOPROPYLIDENEDIPHENOL",000080057,water,000080057
"4,4'-METHYLENEBIS(2-CHLOROANILINE)",000101144,air,000101144
"4,4'-METHYLENEDIANILINE",000101779,air,000101779
"4,4'-METHYLENEDIANILINE",000101779,water,000101779
"4,6-DINITRO-O-CRESOL",000534521,air,000534521
4-AMINOBIPHENYL,000092671,air,000092671
4-DIMETHYLAMINOAZOBENZENE,000060117,air,000060117
4-NITROPHENOL,000100027,air,000100027
5-NITRO-O-TOLUIDINE,000099558,air,000099558
ACEPHATE,030560191,air,030560191
ACETALDEHYDE,000075070,air,000075070
ACETALDEHYDE,000075070,soil,000075070
ACETALDEHYDE,000075070,water,000075070
ACETAMIDE,000060355,air,000060355
ACETAMIDE,000060355,water,000060355
ACETONITRILE,000075058,air,000075058
ACETONITRILE,000075058,soil,000075058
ACETONITRILE,000075058,water,000075058
ACETOPHENONE,000098862,air,000098862
ACETOPHENONE,000098862,water,000098862
"ACIFLUORFEN, SODIUM SALT",062476599,air,062476599
ACROLEIN,000107028,air,000107028
ACROLEIN,000107028,soil,000107028
ACROLEIN,000107028,water,000107028
ACRYLAMIDE,000079061,air,000079061
ACRYLAMIDE,000079061,soil,000079061
ACRYLAMIDE,000079061,water,000079061
ACRYLIC ACID,000079107,air,000079107
ACRYLIC ACID,000079107,soil,000079107
ACRYLIC ACID,000079107,water,000079107
ACRYLONITRILE,000107131,air,000107131
ACRYLONITRILE,000107131,soil,000107131
ACRYLONITRILE,000107131,water,000107131
ALACHLOR,015972608,air,015972608
ALDICARB,000116063,air,000116063
ALDRIN,000309002,air,000309002
ALLYL ALCOHOL,000107186,air,000107186
ALLYL ALCOHOL,000107186,soil,000107186
ALLYL ALCOHOL,000107186,water,000107186
ALLYL CHLORIDE,000107051,air,000107051
ALLYLAMINE,000107119,air,000107119
ALPHA-NAPHTHYLAMINE,000134327,air,000134327
ALUMINUM (FUME OR DUST),007429905,air,007429905
ALUMINUM (FUME OR DUST),007429905,soil,007429905
ALUMINUM OXIDE (FIBROUS FORMS),001344281,air,001344281
ALUMINUM OXIDE (FIBROUS FORMS),001344281,soil,001344281
ALUMINUM OXIDE (FIBROUS FORMS),001344281,water,001344281
ALUMINUM PHOSPHIDE,020859738,air,020859738
AMETRYN,000834128,air,000834128
AMETRYN,000834128,soil,000834128
AMITROLE,000061825,air,000061825
AMMONIA,007664417,air,007664417
AMMONIA,007664417,soil,007664417
AMMONIA,007664417,water,007664417
ANILINE,000062533,air,000062533
ANILINE,000062533,water,000062533
ANTHRACENE,000120127,air,000120127
ANTHRACENE,000120127,soil,000120127
ANTHRACENE,000120127,water,000120127
ANTIMONY,007440360,air,007440360
ANTIMONY,007440360,soil,007440360
ANTIMONY,007440360,water,007440360
ANTIMONY COMPOUNDS,N010,air,N010
ANTIMONY COMPOUNDS,N010,soil,N010
ANTIMONY COMPOUNDS,N010,water,N010
ARSENIC,007440382,air,007440382
ARSENIC,007440382,soil,007440382
ARSENIC,007440382,water,007440382
ARSENIC COMPOUNDS,N020,air,N020
ARSENIC COMPOUNDS,N020,soil,N020
ARSENIC COMPOUNDS,N020,water,N020
ASBESTOS (FRIABLE),001332214,air,001332214
ASBESTOS (FRIABLE),001332214,soil,001332214
ATRAZINE,001912249,air,001912249
ATRAZINE,001912249,soil,001912249
ATRAZINE,001912249,water,001912249
BARIUM,007440393,air,007440393
BARIUM,007440393,soil,007440393
BARIUM,007440393,water,007440393
BARIUM COMPOUNDS,N040,air,N040
BARIUM COMPOUNDS,N040,soil,N040
BARIUM COMPOUNDS,N040,water,N040
BENFLURALIN,001861401,air,001861401
BENFLURALIN,001861401,soil,001861401
BENOMYL,017804352,air,017804352
BENZAL CHLORIDE,000098873,air,000098873
BENZENE,000071432,air,000071432
BENZENE,000071432,soil,000071432
BENZENE,000071432,water,000071432
BENZIDINE,000092875,air,000092875
"BENZO(G,H,I)PERYLENE",000191242,air,000191242
"BENZO(G,H,I)PERYLENE",000191242,soil,000191242
"BENZO(G,H,I)PERYLENE",000191242,water,000191242
BENZOIC TRICHLORIDE,000098077,air,000098077
BENZOYL CHLORIDE,000098884,air,000098884
BENZOYL CHLORIDE,000098884,water,000098884
BENZOYL PEROXIDE,000094360,air,000094360
BENZYL CHLORIDE,000100447,air,000100447
BENZYL CHLORIDE,000100447,soil,000100447
BENZYL CHLORIDE,000100447,water,000100447
BERYLLIUM,007440417,air,007440417
BERYLLIUM,007440417,water,007440417
BERYLLIUM COMPOUNDS,N050,air,N050
BERYLLIUM COMPOUNDS,N050,soil,N050
BERYLLIUM COMPOUNDS,N050,water,N050
BETA-NAPHTHYLAMINE,000091598,air,000091598
BIFENTHRIN,082657043,air,082657043
BIPHENYL,000092524,air,000092524
BIPHENYL,000092524,soil,000092524
BIPHENYL,000092524,water,000092524
BIS(2-CHLORO-1-METHYLETHYL) ETHER,000108601,air,000108601
BIS(2-CHLOROETHOXY)METHANE,000111911,air,000111911
BIS(2-CHLOROETHYL) ETHER,000111444,air,000111444
BIS(2-CHLOROETHYL) ETHER,000111444,water,000111444
BIS(CHLOROMETHYL) ETHER,000542881,air,000542881
BORON TRICHLORIDE,010294345,air,010294345
BORON TRIFLUORIDE,007637072,air,007637072
BROMINE,007726956,air,007726956
BROMINE,007726956,water,007726956
BROMOCHLORODIFLUOROMETHANE,000353593,air,000353593
BROMOFORM,000075252,water,000075252
BROMOMETHANE,000074839,air,000074839
BROMOMETHANE,000074839,soil,000074839
BROMOMETHANE,000074839,water,000074839
BROMOTRIFLUOROMETHANE,000075638,air,000075638
BROMOXYNIL,001689845,air,001689845
BROMOXYNIL OCTANOATE,001689992,air,001689992
BUTYL ACRYLATE,000141322,air,000141322
BUTYL ACRYLATE,000141322,soil,000141322
BUTYL ACRYLATE,000141322,water,000141322
BUTYRALDEHYDE,000123728,air,000123728
BUTYRALDEHYDE,000123728,soil,000123728
BUTYRALDEHYDE,000123728,water,000123728
C.I. DIRECT BLACK 38,001937377,air,001937377
C.I. DIRECT BLUE 218,028407376,air,028407376
C.I. DIRECT BLUE 218,028407376,water,028407376
C.I. SOLVENT YELLOW 34,000492808,air,000492808
CADMIUM,007440439,air,007440439
CADMIUM,007440439,soil,007440439
CADMIUM,007440439,water,007440439
CADMIUM COMPOUNDS,N078,air,N078
CADMIUM COMPOUNDS,N078,soil,N078
CADMIUM COMPOUNDS,N078,water,N078
CALCIUM CYANAMIDE,000156627,air,000156627
CAPTAN,000133062,air,000133062
CARBARYL,000063252,air,000063252
CARBARYL,000063252,water,000063252
CARBOFURAN,001563662,air,001563662
CARBON DISULFIDE,000075150,air,000075150
CARBON DISULFIDE,000075150,soil,000075150
CARBON DISULFIDE,000075150,water,000075150
CARBON TETRACHLORIDE,000056235,air,000056235
CARBON TETRACHLORIDE,000056235,soil,000056235
CARBON TETRACHLORIDE,000056235,water,000056235
CARBONYL SULFIDE,000463581,air,000463581
CARBONYL SULFIDE,000463581,water,000463581
CARBOXIN,005234684,air,005234684
CATECHOL,000120809,air,000120809
CATECHOL,000120809,soil,000120809
CATECHOL,000120809,water,000120809
CERTAIN GLYCOL ETHERS,N230,air,N230
CERTAIN GLYCOL ETHERS,N230,soil,N230
CERTAIN GLYCOL ETHERS,N230,water,N230
CHLORDANE,000057749,air,000057749
CHLORIMURON ETHYL,090982324,air,090982324
CHLORINE,007782505,air,007782505
CHLORINE,007782505,soil,007782505
CHLORINE,007782505,water,007782505
CHLORINE DIOXIDE,010049044,air,010049044
CHLORINE DIOXIDE,010049044,soil,010049044
CHLOROACETIC ACID,000079118,air,000079118
CHLOROBENZENE,000108907,air,000108907
CHLOROBENZENE,000108907,water,000108907
CHLOROBENZILATE,000510156,air,000510156
CHLORODIFLUOROMETHANE,000075456,air,000075456
CHLOROETHANE,000075003,air,000075003
CHLOROETHANE,000075003,soil,000075003
CHLOROETHANE,000075003,water,000075003
CHLOROFORM,000067663,air,000067663
CHLOROFORM,000067663,soil,000067663
CHLOROFORM,000067663,water,000067663
CHLOROMETHANE,000074873,air,000074873
CHLOROMETHANE,000074873,soil,000074873
CHLOROMETHANE,000074873,water,000074873
CHLOROMETHYL METHYL ETHER,000107302,air,000107302
CHLOROPHENOLS,N084,air,N084
CHLOROPHENOLS,N084,water,N084
CHLOROPICRIN,000076062,air,000076062
CHLOROPRENE,000126998,air,000126998
CHLOROPRENE,000126998,water,000126998
CHLOROTHALONIL,001897456,air,001897456
CHLOROTHALONIL,001897456,water,001897456
CHLORSULFURON,064902723,air,064902723
CHROMIUM,007440473,air,007440473
CHROMIUM,007440473,soil,007440473
CHROMIUM,007440473,water,007440473
CHROMIUM COMPOUNDS(EXCEPT CHROMITE ORE MINED IN THE TRANSVAAL REGION),N090,air,N090
CHROMIUM COMPOUNDS(EXCEPT CHROMITE ORE MINED IN THE TRANSVAAL REGION),N090,soil,N090
CHROMIUM COMPOUNDS(EXCEPT CHROMITE ORE MINED IN THE TRANSVAAL REGION),N090,water,N090
COBALT,007440484,air,007440484
COBALT,007440484,soil,007440484
COBALT,007440484,water,007440484
COBALT COMPOUNDS,N096,air,N096
COBALT COMPOUNDS,N096,soil,N096
COBALT COMPOUNDS,N096,water,N096
COPPER,007440508,air,007440508
COPPER,007440508,soil,007440508
COPPER,007440508,water,007440508
COPPER COMPOUNDS,N100,air,N100
COPPER COMPOUNDS,N100,soil,N100
COPPER COMPOUNDS,N100,water,N100
CREOSOTE,008001589,air,008001589
CREOSOTE,008001589,soil,008001589
CREOSOTE,008001589,water,008001589
CRESOL (MIXED ISOMERS),001319773,air,001319773
CRESOL (MIXED ISOMERS),001319773,soil,001319773
CRESOL (MIXED ISOMERS),001319773,water,001319773
CROTONALDEHYDE,004170303,air,004170303
CUMENE,000098828,air,000098828
CUMENE,000098828,soil,000098828
CUMENE,000098828,water,000098828
CUMENE HYDROPEROXIDE,000080159,air,000080159
CUMENE HYDROPEROXIDE,000080159,soil,000080159
CUMENE HYDROPEROXIDE,000080159,water,000080159
CYANAZINE,021725462,air,021725462
CYANIDE COMPOUNDS,N106,air,N106
CYANIDE COMPOUNDS,N106,soil,N106
CYANIDE COMPOUNDS,N106,water,N106
CYCLOATE,001134232,air,001134232
CYCLOHEXANE,000110827,air,000110827
CYCLOHEXANE,000110827,soil,000110827
CYCLOHEXANE,000110827,water,000110827
CYCLOHEXANOL,000108930,air,000108930
CYCLOHEXANOL,000108930,water,000108930
CYFLUTHRIN,068359375,air,068359375
CYFLUTHRIN,068359375,water,068359375
DAZOMET,000533744,air,000533744
DAZOMET,000533744,water,000533744
DECABROMODIPHENYL OXIDE,001163195,air,001163195
DECABROMODIPHENYL OXIDE,001163195,water,001163195
DI(2-ETHYLHEXYL) PHTHALATE,000117817,air,000117817
DI(2-ETHYLHEXYL) PHTHALATE,000117817,soil,000117817
DI(2-ETHYLHEXYL) PHTHALATE,000117817,water,000117817
DIALLATE,002303164,air,002303164
DIAMINOTOLUENE (MIXED ISOMERS),025376458,air,025376458
DIAMINOTOLUENE (MIXED ISOMERS),025376458,water,025376458
DIAZINON,000333415,air,000333415
DIAZINON,000333415,water,000333415
DIBENZOFURAN,000132649,air,000132649
DIBENZOFURAN,000132649,water,000132649
DIBUTYL PHTHALATE,000084742,air,000084742
DIBUTYL PHTHALATE,000084742,soil,000084742
DIBUTYL PHTHALATE,000084742,water,000084742
DICAMBA,001918009,air,001918009
DICAMBA,001918009,water,001918009
DICHLOROBENZENE (MIXED ISOMERS),025321226,air,025321226
DICHLOROBROMOMETHANE,000075274,water,000075274
DICHLORODIFLUOROMETHANE,000075718,air,000075718
DICHLORODIFLUOROMETHANE,000075718,water,000075718
DICHLOROFLUOROMETHANE,000075434,air,000075434
DICHLOROMETHANE,000075092,air,000075092
DICHLOROMETHANE,000075092,soil,000075092
DICHLOROMETHANE,000075092,water,000075092
DICHLOROPHENE,000097234,air,000097234
DICHLOROTETRAFLUOROETHANE (CFC-114),000076142,air,000076142
DICHLORVOS,000062737,air,000062737
DICOFOL,000115322,air,000115322
DICYCLOPENTADIENE,000077736,air,000077736
DICYCLOPENTADIENE,000077736,water,000077736
DIEPOXYBUTANE,001464535,air,001464535
DIETHANOLAMINE,000111422,air,000111422
DIETHANOLAMINE,000111422,soil,000111422
DIETHANOLAMINE,000111422,water,000111422
DIETHYL SULFATE,000064675,air,000064675
DIFLUBENZURON,035367385,air,035367385
DIHYDROSAFROLE,000094586,air,000094586
DIISOCYANATES,N120,air,N120
DIISOCYANATES,N120,soil,N120
DIISOCYANATES,N120,water,N120
DIMETHOATE,000060515,air,000060515
DIMETHOATE,000060515,water,000060515
DIMETHYL PHTHALATE,000131113,air,000131113
DIMETHYL PHTHALATE,000131113,soil,000131113
DIMETHYL SULFATE,000077781,air,000077781
DIMETHYL SULFATE,000077781,soil,000077781
DIMETHYL SULFATE,000077781,water,000077781
DIMETHYLAMINE,000124403,air,000124403
DIMETHYLAMINE,000124403,soil,000124403
DIMETHYLAMINE,000124403,water,000124403
DIMETHYLAMINE DICAMBA,002300665,air,002300665
DIMETHYLCARBAMYL CHLORIDE,000079447,air,000079447
DINITROBUTYL PHENOL,000088857,air,000088857
DINITROBUTYL PHENOL,000088857,water,000088857
DINITROTOLUENE (MIXED ISOMERS),025321146,air,025321146
DINITROTOLUENE (MIXED ISOMERS),025321146,soil,025321146
DINITROTOLUENE (MIXED ISOMERS),025321146,water,025321146
DIOXIN AND DIOXIN-LIKE COMPOUNDS,N150,air,N150
DIOXIN AND DIOXIN-LIKE COMPOUNDS,N150,soil,N150
DIOXIN AND DIOXIN-LIKE COMPOUNDS,N150,water,N150
DIPHENYLAMINE,000122394,air,000122394
DIPHENYLAMINE,000122394,soil,000122394
DIPHENYLAMINE,000122394,water,000122394
DIPOTASSIUM ENDOTHALL,002164070,air,002164070
DIPOTASSIUM ENDOTHALL,002164070,water,002164070
DIPROPYL ISOCINCHOMERONATE,000136458,air,000136458
DIURON,000330541,air,000330541
DIURON,000330541,soil,000330541
DIURON,000330541,water,000330541
EPICHLOROHYDRIN,000106898,air,000106898
EPICHLOROHYDRIN,000106898,soil,000106898
EPICHLOROHYDRIN,000106898,water,000106898
ETHYL ACRYLATE,000140885,air,000140885
ETHYL ACRYLATE,000140885,water,000140885
ETHYL CHLOROFORMATE,000541413,air,000541413
ETHYL DIPROPYLTHIOCARBAMATE,000759944,air,000759944
ETHYLBENZENE,000100414,air,000100414
ETHYLBENZENE,000100414,soil,000100414
ETHYLBENZENE,000100414,water,000100414
ETHYLENE,000074851,air,000074851
ETHYLENE,000074851,soil,000074851
ETHYLENE,000074851,water,000074851
ETHYLENE GLYCOL,000107211,air,000107211
ETHYLENE GLYCOL,000107211,soil,000107211
ETHYLENE GLYCOL,000107211,water,000107211
ETHYLENE OXIDE,000075218,air,000075218
ETHYLENE OXIDE,000075218,soil,000075218
ETHYLENE OXIDE,000075218,water,000075218
ETHYLENE THIOUREA,000096457,air,000096457
"ETHYLENEBISDITHIOCARBAMIC ACID, SALTS AND ESTERS",N171,air,N171
ETHYLENEIMINE,000151564,air,000151564
ETHYLIDENE DICHLORIDE,000075343,air,000075343
FENOXAPROP ETHYL,066441234,air,066441234
FERBAM,014484641,air,014484641
FLUORINE,007782414,air,007782414
FLUOROURACIL,000051218,air,000051218
FOLPET,000133073,air,000133073
FOMESAFEN,072178020,air,072178020
FOMESAFEN,072178020,water,072178020
FORMALDEHYDE,000050000,air,000050000
FORMALDEHYDE,000050000,soil,000050000
FORMALDEHYDE,000050000,water,000050000
FORMIC ACID,000064186,air,000064186
FORMIC ACID,000064186,soil,000064186
FORMIC ACID,000064186,water,000064186
FREON 113,000076131,air,000076131
FURAN,000110009,air,000110009
GLYCIDOL,000556525,air,000556525
GLYCIDOL,000556525,water,000556525
HEPTACHLOR,000076448,air,000076448
"HEXACHLORO-1,3-BUTADIENE",000087683,air,000087683
HEXACHLOROBENZENE,000118741,air,000118741
HEXACHLOROBENZENE,000118741,water,000118741
HEXACHLOROCYCLOPENTADIENE,000077474,air,000077474
HEXACHLOROCYCLOPENTADIENE,000077474,water,000077474
HEXACHLOROETHANE,000067721,air,000067721
HEXACHLOROPHENE,000070304,air,000070304
HEXAZINONE,051235042,air,051235042
HYDRAMETHYLNON,067485294,air,067485294
HYDRAZINE,000302012,air,000302012
"HYDROCHLORIC ACID (1995 AND AFTER ""ACID AEROSOLS"" ONLY)",007647010,air,007647010
"HYDROCHLORIC ACID (1995 AND AFTER ""ACID AEROSOLS"" ONLY)",007647010,soil,007647010
HYDROGEN CYANIDE,000074908,air,000074908
HYDROGEN CYANIDE,000074908,water,000074908
HYDROGEN FLUORIDE,007664393,air,007664393
HYDROGEN FLUORIDE,007664393,soil,007664393
HYDROGEN FLUORIDE,007664393,water,007664393
HYDROGEN SULFIDE,007783064,air,007783064
HYDROGEN SULFIDE,007783064,soil,007783064
HYDROGEN SULFIDE,007783064,water,007783064
HYDROQUINONE,000123319,air,000123319
HYDROQUINONE,000123319,soil,000123319
HYDROQUINONE,000123319,water,000123319
IRON PENTACARBONYL,013463406,air,013463406
ISOBUTYRALDEHYDE,000078842,air,000078842
ISOBUTYRALDEHYDE,000078842,water,000078842
ISODRIN,000465736,air,000465736
ISOPRENE,000078795,air,000078795
ISOPRENE,000078795,water,000078795
"ISOPROPYL ALCOHOL (MANUFACTURING,STRONG-ACID PROCESS ONLY,NO SUPPLIER)",000067630,air,000067630
"ISOPROPYL ALCOHOL (MANUFACTURING,STRONG-ACID PROCESS ONLY,NO SUPPLIER)",000067630,soil,000067630
ISOSAFROLE,000120581,air,000120581
LACTOFEN,077501634,air,077501634
LEAD,007439921,air,007439921
LEAD,007439921,soil,007439921
LEAD,007439921,water,007439921
LEAD COMPOUNDS,N420,air,N420
LEAD COMPOUNDS,N420,soil,N420
LEAD COMPOUNDS,N420,water,N420
LINDANE,000058899,air,000058899
LINURON,000330552,air,000330552
LITHIUM CARBONATE,000554132,air,000554132
LITHIUM CARBONATE,000554132,water,000554132
M-CRESOL,000108394,air,000108394
M-CRESOL,000108394,water,000108394
M-DINITROBENZENE,000099650,air,000099650
M-XYLENE,000108383,air,000108383
M-XYLENE,000108383,soil,000108383
M-XYLENE,000108383,water,000108383
MALATHION,000121755,air,000121755
MALATHION,000121755,water,000121755
MALEIC ANHYDRIDE,000108316,air,000108316
MALEIC ANHYDRIDE,000108316,soil,000108316
MALEIC ANHYDRIDE,000108316,water,000108316
MALONONITRILE,000109773,air,000109773
MANGANESE,007439965,air,007439965
MANGANESE,007439965,soil,007439965
MANGANESE,007439965,water,007439965
MANGANESE COMPOUNDS,N450,air,N450
MANGANESE COMPOUNDS,N450,soil,N450
MANGANESE COMPOUNDS,N450,water,N450
MECOPROP,000093652,air,000093652
MERCURY,007439976,air,007439976
MERCURY,007439976,soil,007439976
MERCURY,007439976,water,007439976
MERCURY COMPOUNDS,N458,air,N458
MERCURY COMPOUNDS,N458,soil,N458
MERCURY COMPOUNDS,N458,water,N458
MERPHOS,000150505,air,000150505
METHACRYLONITRILE,000126987,air,000126987
METHAM SODIUM,000137428,air,000137428
METHANOL,000067561,air,000067561
METHANOL,000067561,soil,000067561
METHANOL,000067561,water,000067561
METHOXONE,000094746,air,000094746
METHOXONE SODIUM SALT,003653483,air,003653483
METHOXYCHLOR,000072435,air,000072435
METHYL ACRYLATE,000096333,air,000096333
METHYL ACRYLATE,000096333,water,000096333
METHYL CHLOROCARBONATE,000079221,air,000079221
METHYL HYDRAZINE,000060344,air,000060344
METHYL IODIDE,000074884,air,000074884
METHYL IODIDE,000074884,water,000074884
METHYL ISOBUTYL KETONE,000108101,air,000108101
METHYL ISOBUTYL KETONE,000108101,soil,000108101
METHYL ISOBUTYL KETONE,000108101,water,000108101
METHYL ISOCYANATE,000624839,air,000624839
METHYL METHACRYLATE,000080626,air,000080626
METHYL METHACRYLATE,000080626,soil,000080626
METHYL METHACRYLATE,000080626,water,000080626
METHYL TERT-BUTYL ETHER,001634044,air,001634044
METHYL TERT-BUTYL ETHER,001634044,soil,001634044
METHYL TERT-BUTYL ETHER,001634044,water,001634044
METHYLENE BROMIDE,000074953,air,000074953
METHYLENE BROMIDE,000074953,water,000074953
METRIBUZIN,021087649,air,021087649
METRIBUZIN,021087649,water,021087649
MIXTURE,MIXTURE,air,MIXTURE
MIXTURE,MIXTURE,soil,MIXTURE
MIXTURE,MIXTURE,water,MIXTURE
MOLYBDENUM TRIOXIDE,001313275,air,001313275
MOLYBDENUM TRIOXIDE,001313275,soil,001313275
MOLYBDENUM TRIOXIDE,001313275,water,001313275
MONOCHLOROPENTAFLUOROETHANE,000076153,air,000076153
MONURON,000150685,air,000150685
MYCLOBUTANIL,088671890,air,088671890
"N,N-DIMETHYLANILINE",000121697,air,000121697
"N,N-DIMETHYLFORMAMIDE",000068122,air,000068122
"N,N-DIMETHYLFORMAMIDE",000068122,soil,000068122
"N,N-DIMETHYLFORMAMIDE",000068122,water,000068122
N-BUTYL ALCOHOL,000071363,air,000071363
N-BUTYL ALCOHOL,000071363,soil,000071363
N-BUTYL ALCOHOL,000071363,water,000071363
N-HEXANE,000110543,air,000110543
N-HEXANE,000110543,soil,000110543
N-HEXANE,000110543,water,000110543
N-METHYL-2-PYRROLIDONE,000872504,air,000872504
N-METHYL-2-PYRROLIDONE,000872504,soil,000872504
N-METHYL-2-PYRROLIDONE,000872504,water,000872504
N-METHYLOLACRYLAMIDE,000924425,air,000924425
N-METHYLOLACRYLAMIDE,000924425,water,000924425
N-NITROSO-N-ETHYLUREA,000759739,air,000759739
N-NITROSO-N-METHYLUREA,000684935,air,000684935
N-NITROSODI-N-BUTYLAMINE,000924163,air,000924163
N-NITROSODI-N-PROPYLAMINE,000621647,air,000621647
N-NITROSODIETHYLAMINE,000055185,air,000055185
N-NITROSODIPHENYLAMINE,000086306,air,000086306
N-NITROSOPIPERIDINE,000100754,air,000100754
NALED,000300765,air,000300765
NAPHTHALENE,000091203,air,000091203
NAPHTHALENE,000091203,soil,000091203
NAPHTHALENE,000091203,water,000091203
NICKEL,007440020,air,007440020
NICKEL,007440020,soil,007440020
NICKEL,007440020,water,007440020
NICKEL COMPOUNDS,N495,air,N495
NICKEL COMPOUNDS,N495,soil,N495
NICKEL COMPOUNDS,N495,water,N495
NICOTINE AND SALTS,N503,air,N503
NICOTINE AND SALTS,N503,soil,N503
NICOTINE AND SALTS,N503,water,N503
NITRAPYRIN,001929824,air,001929824
NITRATE COMPOUNDS,N511,air,N511
NITRATE COMPOUNDS,N511,soil,N511
NITRATE COMPOUNDS,N511,water,N511
NITRIC ACID,007697372,air,007697372
NITRIC ACID,007697372,soil,007697372
NITRIC ACID,007697372,water,007697372
NITRILOTRIACETIC ACID,000139139,air,000139139
NITROBENZENE,000098953,air,000098953
NITROBENZENE,000098953,soil,000098953
NITROBENZENE,000098953,water,000098953
NITROGLYCERIN,000055630,air,000055630
NITROGLYCERIN,000055630,soil,000055630
NITROGLYCERIN,000055630,water,000055630
NITROMETHANE,000075525,air,000075525
NITROMETHANE,000075525,water,000075525
NONYLPHENOL,N530,air,N530
NONYLPHENOL,N530,soil,N530
NONYLPHENOL,N530,water,N530
O-ANISIDINE,000090040,air,000090040
O-ANISIDINE,000090040,water,000090040
O-CRESOL,000095487,air,000095487
O-CRESOL,000095487,water,000095487
O-TOLUIDINE,000095534,air,000095534
O-TOLUIDINE,000095534,water,000095534
O-TOLUIDINE HYDROCHLORIDE,000636215,air,000636215
O-XYLENE,000095476,air,000095476
O-XYLENE,000095476,soil,000095476
O-XYLENE,000095476,water,000095476
OCTACHLOROSTYRENE,029082744,water,029082744
OSMIUM TETROXIDE,020816120,air,020816120
OXYDIAZON,019666309,air,019666309
OXYFLUORFEN,042874033,air,042874033
OZONE,010028156,air,010028156
P-CHLOROANILINE,000106478,air,000106478
P-CHLOROANILINE,000106478,water,000106478
P-CRESIDINE,000120718,air,000120718
P-CRESIDINE,000120718,water,000120718
P-CRESOL,000106445,air,000106445
P-CRESOL,000106445,water,000106445
P-NITROANILINE,000100016,air,000100016
P-PHENYLENEDIAMINE,000106503,air,000106503
P-PHENYLENEDIAMINE,000106503,water,000106503
P-XYLENE,000106423,air,000106423
P-XYLENE,000106423,soil,000106423
P-XYLENE,000106423,water,000106423
PARALDEHYDE,000123637,air,000123637
PARALDEHYDE,000123637,water,000123637
PARAQUAT DICHLORIDE,001910425,air,001910425
PARAQUAT DICHLORIDE,001910425,soil,001910425
PARATHION,000056382,air,000056382
PENDIMETHALIN,040487421,air,040487421
PENDIMETHALIN,040487421,soil,040487421
PENDIMETHALIN,040487421,water,040487421
PENTACHLOROBENZENE,000608935,air,000608935
PENTACHLOROBENZENE,000608935,water,000608935
PENTACHLOROETHANE,000076017,air,000076017
PENTACHLOROPHENOL,000087865,air,000087865
PENTACHLOROPHENOL,000087865,water,000087865
PENTOBARBITAL SODIUM,000057330,air,000057330
PERACETIC ACID,000079210,air,000079210
PERACETIC ACID,000079210,soil,000079210
PERACETIC ACID,000079210,water,000079210
PERMETHRIN,052645531,air,052645531
PHENANTHRENE,000085018,air,000085018
PHENANTHRENE,000085018,soil,000085018
PHENANTHRENE,000085018,water,000085018
PHENOL,000108952,air,000108952
PHENOL,000108952,soil,000108952
PHENOL,000108952,water,000108952
PHENOTHRIN,026002802,air,026002802
PHENYTOIN,000057410,air,000057410
PHOSGENE,000075445,air,000075445
PHOSPHINE,007803512,air,007803512
PHOSPHINE,007803512,water,007803512
PHOSPHORUS (YELLOW OR WHITE),007723140,air,007723140
PHOSPHORUS (YELLOW OR WHITE),007723140,soil,007723140
PHOSPHORUS (YELLOW OR WHITE),007723140,water,007723140
PHTHALIC ANHYDRIDE,000085449,air,000085449
PHTHALIC ANHYDRIDE,000085449,soil,000085449
PHTHALIC ANHYDRIDE,000085449,water,000085449
PICLORAM,001918021,air,001918021
PICLORAM,001918021,water,001918021
PICRIC ACID,000088891,air,000088891
PIPERONYL BUTOXIDE,000051036,air,000051036
POLYCHLORINATED ALKANES,N583,air,N583
POLYCHLORINATED BIPHENYLS,001336363,air,001336363
POLYCHLORINATED BIPHENYLS,001336363,soil,001336363
POLYCHLORINATED BIPHENYLS,001336363,water,001336363
POLYCYCLIC AROMATIC COMPOUNDS,N590,air,N590
POLYCYCLIC AROMATIC COMPOUNDS,N590,soil,N590
POLYCYCLIC AROMATIC COMPOUNDS,N590,water,N590
POTASSIUM BROMATE,007758012,air,007758012
POTASSIUM DIMETHYLDITHIOCARBAMATE,000128030,air,000128030
POTASSIUM N-METHYLDITHIOCARBAMATE,000137417,air,000137417
PROMETRYN,007287196,air,007287196
PRONAMIDE,023950585,air,023950585
PROPACHLOR,001918167,air,001918167
PROPANE SULTONE,001120714,air,001120714
PROPANIL,000709988,air,000709988
PROPANIL,000709988,soil,000709988
PROPARGITE,002312358,air,002312358
PROPARGYL ALCOHOL,000107197,air,000107197
PROPICONAZOLE,060207901,air,060207901
PROPICONAZOLE,060207901,water,060207901
PROPIONALDEHYDE,000123386,air,000123386
PROPIONALDEHYDE,000123386,soil,000123386
PROPIONALDEHYDE,000123386,water,000123386
PROPOXUR,000114261,air,000114261
PROPYLENE,000115071,air,000115071
PROPYLENE,000115071,soil,000115071
PROPYLENE,000115071,water,000115071
PROPYLENE OXIDE,000075569,air,000075569
PROPYLENE OXIDE,000075569,soil,000075569
PROPYLENE OXIDE,000075569,water,000075569
PROPYLENEIMINE,000075558,air,000075558
PYRIDINE,000110861,air,000110861
PYRIDINE,000110861,water,000110861
QUINOLINE,000091225,air,000091225
QUINONE,000106514,air,000106514
QUINTOZENE,000082688,air,000082688
RESMETHRIN,010453868,air,010453868
"S,S,S-TRIBUTYLTRITHIOPHOSPHATE",000078488,air,000078488
SAFROLE,000094597,air,000094597
SEC-BUTYL ALCOHOL,000078922,air,000078922
SEC-BUTYL ALCOHOL,000078922,water,000078922
SELENIUM,007782492,air,007782492
SELENIUM,007782492,soil,007782492
SELENIUM,007782492,water,007782492
SELENIUM COMPOUNDS,N725,air,N725
SELENIUM COMPOUNDS,N725,soil,N725
SELENIUM COMPOUNDS,N725,water,N725
SILVER,007440224,air,007440224
SILVER,007440224,soil,007440224
SILVER,007440224,water,007440224
SILVER COMPOUNDS,N740,air,N740
SILVER COMPOUNDS,N740,soil,N740
SILVER COMPOUNDS,N740,water,N740
SIMAZINE,000122349,air,000122349
SIMAZINE,000122349,water,000122349
SODIUM AZIDE,026628228,air,026628228
SODIUM DICAMBA,001982690,air,001982690
SODIUM DICAMBA,001982690,soil,001982690
SODIUM DIMETHYLDITHIOCARBAMATE,000128041,air,000128041
SODIUM DIMETHYLDITHIOCARBAMATE,000128041,soil,000128041
SODIUM NITRITE,007632000,air,007632000
SODIUM NITRITE,007632000,soil,007632000
SODIUM NITRITE,007632000,water,007632000
STRYCHNINE AND SALTS,N746,air,N746
STYRENE,000100425,air,000100425
STYRENE,000100425,soil,000100425
STYRENE,000100425,water,000100425
STYRENE OXIDE,000096093,air,000096093
"SULFURIC ACID (1994 AND AFTER ""ACID AEROSOLS"" ONLY)",007664939,air,007664939
"SULFURIC ACID (1994 AND AFTER ""ACID AEROSOLS"" ONLY)",007664939,soil,007664939
SULFURYL FLUORIDE,002699798,air,002699798
TEMEPHOS,003383968,air,003383968
TERT-BUTYL ALCOHOL,000075650,air,000075650
TERT-BUTYL ALCOHOL,000075650,soil,000075650
TERT-BUTYL ALCOHOL,000075650,water,000075650
TETRABROMOBISPHENOL A,000079947,air,000079947
TETRABROMOBISPHENOL A,000079947,soil,000079947
TETRABROMOBISPHENOL A,000079947,water,000079947
TETRACHLOROETHYLENE,000127184,air,000127184
TETRACHLOROETHYLENE,000127184,soil,000127184
TETRACHLOROETHYLENE,000127184,water,000127184
TETRACHLORVINPHOS,000961115,air,000961115
TETRACYCLINE HYDROCHLORIDE,000064755,air,000064755
TETRAFLUOROETHYLENE,000116143,air,000116143
THALLIUM,007440280,air,007440280
THALLIUM COMPOUNDS,N760,air,N760
THALLIUM COMPOUNDS,N760,soil,N760
THALLIUM COMPOUNDS,N760,water,N760
THIABENDAZOLE,000148798,air,000148798
THIOACETAMIDE,000062555,air,000062555
THIOBENCARB,028249776,air,028249776
THIODICARB,059669260,air,059669260
THIOPHANATE-METHYL,023564058,air,023564058
THIOSEMICARBAZIDE,000079196,air,000079196
THIOUREA,000062566,air,000062566
THIRAM,000137268,air,000137268
THIRAM,000137268,soil,000137268
THIRAM,000137268,water,000137268
TITANIUM TETRACHLORIDE,007550450,air,007550450
TOLUENE,000108883,air,000108883
TOLUENE,000108883,soil,000108883
TOLUENE,000108883,water,000108883
TOLUENE DIISOCYANATE (MIXED ISOMERS),026471625,air,026471625
TOLUENE DIISOCYANATE (MIXED ISOMERS),026471625,soil,026471625
"TOLUENE-2,4-DIISOCYANATE",000584849,air,000584849
"TOLUENE-2,4-DIISOCYANATE",000584849,soil,000584849
"TOLUENE-2,4-DIISOCYANATE",000584849,water,000584849
"TOLUENE-2,6-DIISOCYANATE",000091087,air,000091087
"TOLUENE-2,6-DIISOCYANATE",000091087,soil,000091087
"TOLUENE-2,6-DIISOCYANATE",000091087,water,000091087
TOXAPHENE,008001352,air,008001352
TRADE SECRET CHEMICAL,TRD SECRT,air,TRD SECRT
"TRANS-1,3-DICHLOROPROPENE",010061026,air,010061026
"TRANS-1,4-DICHLORO-2-BUTENE",000110576,air,000110576
TRIADIMEFON,043121433,air,043121433
TRIALLATE,002303175,air,002303175
TRIBENURON METHYL,101200480,air,101200480
TRICHLORFON,000052686,air,000052686
TRICHLOROACETYL CHLORIDE,000076028,air,000076028
TRICHLOROETHYLENE,000079016,air,000079016
TRICHLOROETHYLENE,000079016,soil,000079016
TRICHLOROETHYLENE,000079016,water,000079016
TRICHLOROFLUOROMETHANE,000075694,air,000075694
TRICHLOROFLUOROMETHANE,000075694,water,000075694
TRICLOPYR TRIETHYLAMMONIUM SALT,057213691,air,057213691
TRIETHYLAMINE,000121448,air,000121448
TRIETHYLAMINE,000121448,soil,000121448
TRIETHYLAMINE,000121448,water,000121448
TRIFLURALIN,001582098,air,001582098
TRIFORINE,026644462,air,026644462
"TRIS(2,3-DIBROMOPROPYL) PHOSPHATE",000126727,air,000126727
TRYPAN BLUE,000072571,air,000072571
URETHANE,000051796,air,000051796
VANADIUM (EXCEPT WHEN CONTAINED IN AN ALLOY),007440622,air,007440622
VANADIUM (EXCEPT WHEN CONTAINED IN AN ALLOY),007440622,soil,007440622
VANADIUM (EXCEPT WHEN CONTAINED IN AN ALLOY),007440622,water,007440622
VANADIUM COMPOUNDS,N770,air,N770
VANADIUM COMPOUNDS,N770,soil,N770
VANADIUM COMPOUNDS,N770,water,N770
VINYL ACETATE,000108054,air,000108054
VINYL ACETATE,000108054,soil,000108054
VINYL ACETATE,000108054,water,000108054
VINYL CHLORIDE,000075014,air,000075014
VINYL CHLORIDE,000075014,water,000075014
VINYL FLUORIDE,000075025,air,000075025
VINYLIDENE CHLORIDE,000075354,air,000075354
VINYLIDENE CHLORIDE,000075354,water,000075354
WARFARIN AND SALTS,N874,air,N874
XYLENE (MIXED ISOMERS),001330207,air,001330207
XYLENE (MIXED ISOMERS),001330207,soil,001330207
XYLENE (MIXED ISOMERS),001330207,water,001330207
ZINC (FUME OR DUST),007440666,air,007440666
ZINC (FUME OR DUST),007440666,soil,007440666
ZINC COMPOUNDS,N982,air,N982
ZINC COMPOUNDS,N982,soil,N982
ZINC COMPOUNDS,N982,water,N982
ZINEB,012122677,air,012122677
