FlowID,FlowName,SRS_CAS,SRS_ID,Source
,Carbon dioxide,124-38-9,46795,eGRID
,Methane,74-82-8,48548,eGRID
,Nitrous oxide,10024-97-2,94780,eGRID
,Sulfur dioxide,7446-09-5,36802,eGRID
,Nitrogen oxides,,96397,eGRID
67425,(Ethylenebis(Oxyethylenenitrilo)) Tetraacetic Acid,67-42-5,49030,NEI
79345,"1,1,2,2-Tetrachloroethane",79-34-5,48715,NEI
79005,"1,1,2-Trichloroethane",79-00-5,48739,NEI
57147,"1,1-Dimethyl Hydrazine",57-14-7,48940,NEI
58899,"1,2,3,4,5,6-Hexachlorocyclohexane",58-89-9,49118,NEI
120821,"1,2,4-Trichlorobenzene",120-82-1,47007,NEI
96128,"1,2-Dibromo-3-Chloropropane",96-12-8,48146,NEI
110714,"1,2-Dimethoxyethane",110-71-4,47669,NEI
122667,"1,2-Diphenylhydrazine",122-66-7,47248,NEI
106887,"1,2-Epoxybutane",106-88-7,47498,NEI
75558,"1,2-Propylenimine",75-55-8,87885,NEI
106990,"1,3-Butadiene",106-99-0,47490,NEI
542756,"1,3-Dichloropropene",542-75-6,45499,NEI
1120714,"1,3-Propanesultone",1120-71-4,43483,NEI
106467,"1,4-Dichlorobenzene",106-46-7,47524,NEI
90120,1-Methylnaphthalene,90-12-0,48309,NEI
5522430,1-Nitropyrene,5522-43-0,38608,NEI
540841,"2,2,4-Trimethylpentane",540-84-1,88529,NEI
7012375,"2,4,4 -Trichlorobiphenyl (PCB-28)",7012-37-5,87338,NEI
95954,"2,4,5-Trichlorophenol",95-95-4,47719,NEI
88062,"2,4,6-Trichlorophenol",88-06-2,48401,NEI
94757,"2,4-Dichlorophenoxy Acetic Acid",94-75-7,48475,NEI
51285,"2,4-Dinitrophenol",51-28-5,49177,NEI
121142,"2,4-Dinitrotoluene",121-14-2,46998,NEI
584849,"2,4-Toluene Diisocyanate",584-84-9,45190,NEI
112254,2-(Hexyloxy)Ethanol,112-25-4,47282,NEI
53963,2-Acetylaminofluorene,53-96-3,49152,NEI
112072,2-Butoxyethyl Acetate,112-07-2,96033,NEI
532274,2-Chloroacetophenone,532-27-4,45685,NEI
2051607,2-Chlorobiphenyl (PCB-1),2051-60-7,81661,NEI
91587,2-Chloronaphthalene,91-58-7,48260,NEI
91576,2-Methylnaphthalene,91-57-6,87964,NEI
79469,2-Nitropropane,79-46-9,48708,NEI
20706256,2-Propoxyethyl Acetate,20706-25-6,82597,NEI
91941,"3,3 -Dichlorobenzidine",91-94-1,48246,NEI
119904,"3,3 -Dimethoxybenzidine",119-90-4,47040,NEI
119937,"3,3 -Dimethylbenzidine",119-93-7,95217,NEI
56495,3-Methylcholanthrene,56-49-5,48958,NEI
2050682,"4,4 -Dichlorobiphenyl (PCB-15)",2050-68-2,81662,NEI
101144,"4,4 -Methylenebis(2-Chloraniline)",101-14-4,47850,NEI
101779,"4,4 -Methylenedianiline",101-77-9,47823,NEI
101688,"4,4 -Methylenediphenyl Diisocyanate",101-68-8,47830,NEI
534521,"4,6-Dinitro-o-Cresol",534-52-1,45599,NEI
92671,4-Aminobiphenyl,92-67-1,87829,NEI
60117,4-Dimethylaminoazobenzene,60-11-7,49098,NEI
92933,4-Nitrobiphenyl,92-93-3,87812,NEI
100027,4-Nitrophenol,100-02-7,47917,NEI
3697243,5-Methylchrysene,3697-24-3,91779,NEI
57976,"7,12-Dimethylbenz[a]Anthracene",57-97-6,89262,NEI
194592,"7H-Dibenzo[c,g]carbazole",194-59-2,91722,NEI
83329,Acenaphthene,83-32-9,48599,NEI
208968,Acenaphthylene,208-96-8,46344,NEI
75070,Acetaldehyde,75-07-0,48526,NEI
60355,Acetamide,60-35-5,49089,NEI
75058,Acetonitrile,75-05-8,48527,NEI
98862,Acetophenone,98-86-2,47967,NEI
107028,Acrolein,107-02-8,47488,NEI
79061,Acrylamide,79-06-1,48733,NEI
79107,Acrylic Acid,79-10-7,48729,NEI
107131,Acrylonitrile,107-13-1,47480,NEI
107051,Allyl Chloride,107-05-1,47486,NEI
NH3,Ammonia,7664-41-7,38644,NEI
62533,Aniline,62-53-3,49067,NEI
120127,Anthracene,120-12-7,95212,NEI
7440360,Antimony,7440-36-0,36975,NEI
7440382,Arsenic,7440-38-2,36973,NEI
1332214,Asbestos,1332-21-4,16369,NEI
56553,Benz[a]Anthracene,56-55-3,48956,NEI
71432,Benzene,71-43-2,98385,NEI
92875,Benzidine,92-87-5,48195,NEI
203338,Benzo(a)Fluoranthene,203-33-8,94309,NEI
203123,"Benzo(g,h,i)Fluoranthene",203-12-3,78943,NEI
50328,Benzo[a]Pyrene,50-32-8,49190,NEI
205992,Benzo[b]Fluoranthene,205-99-2,93562,NEI
192972,Benzo[e]Pyrene,192-97-2,91750,NEI
191242,"Benzo[g,h,i,]Perylene",191-24-2,91912,NEI
205823,Benzo[j]fluoranthene,205-82-3,46346,NEI
207089,Benzo[k]Fluoranthene,207-08-9,93556,NEI
56832736,Benzofluoranthenes,56832-73-6,51299,NEI
98077,Benzotrichloride,98-07-7,87374,NEI
100447,Benzyl Chloride,100-44-7,94767,NEI
7440417,Beryllium,7440-41-7,36837,NEI
57578,Beta-Propiolactone,57-57-8,49142,NEI
92524,Biphenyl,92-52-4,48214,NEI
117817,Bis(2-Ethylhexyl)Phthalate,117-81-7,95501,NEI
542881,Bis(Chloromethyl)Ether,542-88-1,45495,NEI
75252,Bromoform,75-25-2,48938,NEI
124174,Butyl Carbitol Acetate,124-17-4,46802,NEI
7440439,Cadmium,7440-43-9,36835,NEI
156627,Calcium Cyanamide,156-62-7,46361,NEI
133062,Captan,133-06-2,46639,NEI
63252,Carbaryl,63-25-2,49061,NEI
86748,Carbazole,86-74-8,48443,NEI
112152,Carbitol Acetate,112-15-2,96030,NEI
75150,Carbon Disulfide,75-15-0,48521,NEI
CO,Carbon Monoxide,630-08-0,44569,NEI
56235,Carbon Tetrachloride,56-23-5,48965,NEI
463581,Carbonyl Sulfide,463-58-1,45878,NEI
120809,Catechol,120-80-9,47008,NEI
111159,Cellosolve Acetate,111-15-9,46932,NEI
110805,Cellosolve Solvent,110-80-5,47661,NEI
133904,Chloramben,133-90-4,46629,NEI
57749,Chlordane,57-74-9,49134,NEI
7782505,Chlorine,7782-50-5,38144,NEI
79118,Chloroacetic Acid,79-11-8,48728,NEI
108907,Chlorobenzene,108-90-7,47379,NEI
510156,Chlorobenzilate,510-15-6,46053,NEI
67663,Chloroform,67-66-3,49020,NEI
107302,Chloromethyl Methyl Ether,107-30-2,47472,NEI
126998,Chloroprene,126-99-8,46756,NEI
7738945,Chromic Acid (VI),7738-94-5,38465,NEI
18540299,Chromium (VI),18540-29-9,62530,NEI
16065831,Chromium III,16065-83-1,60916,NEI
1333820,Chromium Trioxide,1333-82-0,42993,NEI
218019,Chrysene,218-01-9,93021,NEI
8007452,Coal Tar,8007-45-2,35041,NEI
7440484,Cobalt,7440-48-4,36830,NEI
140,Coke Oven Emissions,,35874,NEI
1319773,Cresol/Cresylic Acid (Mixed Isomers),1319-77-3,43230,NEI
98828,Cumene,98-82-8,47969,NEI
57125,Cyanide,57-12-5,89604,NEI
2051243,Decachlorobiphenyl (PCB-209),2051-24-3,93573,NEI
16672392,Di(Ethylene Glycol Monobutyl Ether) Phthalate,16672-39-2,60034,NEI
334883,Diazomethane,334-88-3,46205,NEI
226368,"Dibenz[a,h]acridine",226-36-8,92639,NEI
192654,"Dibenzo[a,e]Pyrene",192-65-4,46350,NEI
53703,"Dibenzo[a,h]Anthracene",53-70-3,49154,NEI
189640,"Dibenzo[a,h]Pyrene",189-64-0,46353,NEI
189559,"Dibenzo[a,i]Pyrene",189-55-9,46354,NEI
224420,"Dibenzo[a,j]Acridine",224-42-0,46342,NEI
191300,"Dibenzo[a,l]Pyrene",191-30-0,46351,NEI
132649,Dibenzofuran,132-64-9,46646,NEI
84742,Dibutyl Phthalate,84-74-2,48873,NEI
111444,Dichloroethyl Ether,111-44-4,46914,NEI
62737,Dichlorvos,62-73-7,89211,NEI
111422,Diethanolamine,111-42-2,46916,NEI
64675,Diethyl Sulfate,64-67-5,49050,NEI
112367,Diethylene Glycol Diethyl Ether,112-36-7,96023,NEI
111966,Diethylene Glycol Dimethyl Ether,111-96-6,96044,NEI
112345,Diethylene Glycol Monobutyl Ether,112-34-5,47276,NEI
111900,Diethylene Glycol Monoethyl Ether,111-90-0,47301,NEI
111773,Diethylene Glycol Monomethyl Ether,111-77-3,96237,NEI
131113,Dimethyl Phthalate,131-11-3,97998,NEI
77781,Dimethyl Sulfate,77-78-1,48799,NEI
79447,Dimethylcarbamoyl Chloride,79-44-7,48709,NEI
106898,Epichlorohydrin,106-89-8,96714,NEI
140885,Ethyl Acrylate,140-88-5,97768,NEI
100414,Ethyl Benzene,100-41-4,94770,NEI
51796,Ethyl Carbamate,51-79-6,49165,NEI
75003,Ethyl Chloride,75-00-3,48532,NEI
106934,Ethylene Dibromide,106-93-4,47495,NEI
107062,Ethylene Dichloride,107-06-2,47485,NEI
107211,Ethylene Glycol,107-21-1,47475,NEI
109864,Ethylene Glycol Methyl Ether,109-86-4,47321,NEI
7795917,Ethylene Glycol Mono-Sec-Butyl Ether,7795-91-7,78933,NEI
110496,Ethylene Glycol Monomethyl Ether Acetate,110-49-6,47687,NEI
75218,Ethylene Oxide,75-21-8,48517,NEI
96457,Ethylene Thiourea,96-45-7,48129,NEI
151564,Ethyleneimine,151-56-4,46377,NEI
75343,Ethylidene Dichloride,75-34-3,48932,NEI
284,Extractable Organic Matter (EOM),,96236,NEI
383,Fine Mineral Fibers,,35894,NEI
206440,Fluoranthene,206-44-0,46345,NEI
86737,Fluorene,86-73-7,48444,NEI
50000,Formaldehyde,50-00-0,49201,NEI
171,Glycol Ethers,,35858,NEI
76448,Heptachlor,76-44-8,87744,NEI
28655712,Heptachlorobiphenyl,28655-71-2,59307,NEI
118741,Hexachlorobenzene,118-74-1,95480,NEI
26601649,Hexachlorobiphenyl,26601-64-9,56134,NEI
87683,Hexachlorobutadiene,87-68-3,48415,NEI
77474,Hexachlorocyclopentadiene,77-47-4,48812,NEI
67721,Hexachloroethane,67-72-1,49017,NEI
822060,Hexamethylene Diisocyanate,822-06-0,44441,NEI
680319,Hexamethylphosphoramide,680-31-9,44344,NEI
110543,Hexane,110-54-3,47684,NEI
302012,Hydrazine,302-01-2,46284,NEI
7647010,Hydrochloric Acid,7647-01-0,38657,NEI
74908,Hydrogen Cyanide,74-90-8,48540,NEI
7664393,Hydrogen Fluoride,7664-39-3,87730,NEI
7783064,Hydrogen Sulfide,7783-06-4,38126,NEI
123319,Hydroquinone,123-31-9,47211,NEI
193395,"Indeno[1,2,3-c,d]Pyrene",193-39-5,46349,NEI
78591,Isophorone,78-59-1,48764,NEI
7439921,Lead,7439-92-1,37012,NEI
108316,Maleic Anhydride,108-31-6,47417,NEI
7439965,Manganese,7439-96-5,37008,NEI
7439976,Mercury,7439-97-6,37007,NEI
67561,Methanol,67-56-1,49023,NEI
72435,Methoxychlor,72-43-5,48560,NEI
112356,Methoxytriglycol,112-35-6,47275,NEI
74839,Methyl Bromide,74-83-9,48547,NEI
74873,Methyl Chloride,74-87-3,48543,NEI
71556,Methyl Chloroform,71-55-6,48567,NEI
74884,Methyl Iodide,74-88-4,48542,NEI
108101,Methyl Isobutyl Ketone,108-10-1,47428,NEI
624839,Methyl Isocyanate,624-83-9,44702,NEI
80626,Methyl Methacrylate,80-62-6,48666,NEI
1634044,Methyl Tert-Butyl Ether,1634-04-4,41401,NEI
26914181,Methylanthracene,26914-18-1,79079,NEI
75092,Methylene Chloride,75-09-2,48524,NEI
60344,Methylhydrazine,60-34-4,49090,NEI
121697,"N,N-Dimethylaniline",121-69-7,94909,NEI
68122,"N,N-Dimethylformamide",68-12-2,49011,NEI
112594,N-Hexyl Carbitol,112-59-4,47202,NEI
684935,N-Nitroso-N-Methylurea,684-93-5,44334,NEI
62759,N-Nitrosodimethylamine,62-75-9,49062,NEI
59892,N-Nitrosomorpholine,59-89-2,49102,NEI
91203,Naphthalene,91-20-3,48273,NEI
7440020,Nickel,7440-02-0,37003,NEI
1313991,Nickel Oxide,1313-99-1,42873,NEI
604,Nickel Refinery Dust,,83260,NEI
98953,Nitrobenzene,98-95-3,87268,NEI
NOX,Nitrogen Oxides,,96397,NEI
130498292,"PAH, total",130498-29-2,84476,NEI
250,PAH/POM - Unspecified,,106307,NEI
PM-CON,PM Condensible,,77680,NEI
PM10-FIL,PM10 Filterable,,77684,NEI
PM10-PRI,PM10 Primary (Filt + Cond),,77683,NEI
PM25-FIL,PM2.5 Filterable,,77682,NEI
PM25-PRI,PM2.5 Primary (Filt + Cond),,77681,NEI
56382,Parathion,56-38-2,48961,NEI
25429292,Pentachlorobiphenyl,25429-29-2,56172,NEI
82688,Pentachloronitrobenzene,82-68-8,98352,NEI
87865,Pentachlorophenol,87-86-5,48409,NEI
198550,Perylene,198-55-0,46348,NEI
85018,Phenanthrene,85-01-8,98155,NEI
108952,Phenol,108-95-2,47376,NEI
122996,Phenyl Cellosolve,122-99-6,47227,NEI
75445,Phosgene,75-44-5,87890,NEI
7803512,Phosphine,7803-51-2,37301,NEI
7723140,Phosphorus,7723-14-0,38478,NEI
85449,Phthalic Anhydride,85-44-9,48853,NEI
1336363,Polychlorinated Biphenyls,1336-36-3,16366,NEI
123386,Propionaldehyde,123-38-6,94706,NEI
114261,Propoxur,114-26-1,95786,NEI
2807309,Propyl Cellosolve,2807-30-9,41708,NEI
78875,Propylene Dichloride,78-87-5,48750,NEI
75569,Propylene Oxide,75-56-9,48922,NEI
129000,Pyrene,129-00-0,46705,NEI
91225,Quinoline,91-22-5,87972,NEI
106514,Quinone,106-51-4,47519,NEI
617,Rockwool (Man-Made Fibers),,35894,NEI
7782492,Selenium,7782-49-2,38145,NEI
616,Slagwool (Man-Made Fibers),,,NEI
100425,Styrene,100-42-5,47892,NEI
96093,Styrene Oxide,96-09-3,48148,NEI
SO2,Sulfur Dioxide,7446-09-5,36802,NEI
540885,Tert-butyl Acetate,540-88-5,45532,NEI
26914330,Tetrachlorobiphenyl,26914-33-0,93149,NEI
127184,Tetrachloroethylene,127-18-4,46750,NEI
7550450,Titanium Tetrachloride,7550-45-0,39509,NEI
108883,Toluene,108-88-3,47380,NEI
95807,"Toluene-2,4-Diamine",95-80-7,47729,NEI
8001352,Toxaphene,8001-35-2,87298,NEI
79016,Trichloroethylene,79-01-6,48738,NEI
121448,Triethylamine,121-44-8,46986,NEI
112492,Triethylene Glycol Dimethyl Ether,112-49-2,47265,NEI
112276,Triethylene glycol,112-27-6,96026,NEI
1582098,Trifluralin,1582-09-8,93632,NEI
143226,Triglycol Monobutyl Ether,143-22-6,46502,NEI
108054,Vinyl Acetate,108-05-4,96461,NEI
593602,Vinyl Bromide,593-60-2,45076,NEI
75014,Vinyl Chloride,75-01-4,48531,NEI
75354,Vinylidene Chloride,75-35-4,48931,NEI
VOC,Volatile Organic Compounds,,83723,NEI
1330207,Xylenes (Mixed Isomers),1330-20-7,43047,NEI
108394,m-Cresol,108-39-4,47414,NEI
108383,m-Xylene,108-38-3,96452,NEI
90040,o-Anisidine,90-04-0,48311,NEI
95487,o-Cresol,95-48-7,47752,NEI
95534,o-Toluidine,95-53-4,47748,NEI
95476,o-Xylene,95-47-6,87536,NEI
106445,p-Cresol,106-44-5,47526,NEI
123911,p-Dioxane,123-91-1,46821,NEI
106503,p-Phenylenediamine,106-50-3,47520,NEI
106423,p-Xylene,106-42-3,47528,NEI
1002671,Diethylene Glycol Ethyl Methyl Ether,1002-67-1,78938,NEI
EC,Elemental Carbon portion of PM2.5-PRI,,36834,NEI
112505,Ethoxytriglycol,112-50-5,47264,NEI
NO3,Nitrate portion of PM2.5-PRI,,97628,NEI
OC,Organic Carbon portion of PM2.5-PRI,,35872,NEI
DIESEL-PM10,PM10-Primary from certain diesel engines,,79583,NEI
DIESEL-PM25,PM25-Primary from certain diesel engines,,79581,NEI
PMFINE,Remaining PMFINE portion of PM2.5-PRI,,79581,NEI
SO4,Sulfate Portion of PM2.5-PRI,,59829,NEI
602879,5-Nitroacenaphthene,602-87-9,90653,NEI
CO2,Carbon Dioxide,124-38-9,46795,NEI
CH4,Methane,74-82-8,48548,NEI
41637905,Methylchrysene,41637-90-5,78852,NEI
N2O,Nitrous Oxide,10024-97-2,94780,NEI
SF6,Sulfur Hexafluoride,2551-62-4,39886,NEI
U208,"1,1,1,2-TETRACHLOROETHANE (OR) ETHANE, 1,1,1,2-TETRACHLORO-",630-20-6,44565,RCRAInfo
U209,"1,1,2,2-TETRACHLOROETHANE (OR) ETHANE, 1,1,2,2-TETRACHLORO-",79-34-5,48715,RCRAInfo
U227,"1,1,2-TRICHLOROETHANE (OR) ETHANE, 1,1,2-TRICHLORO-",79-00-5,48739,RCRAInfo
D029,"1,1-DICHLOROETHYLENE",,,RCRAInfo
U078,"1,1-DICHLOROETHYLENE (OR) ETHENE, 1,1-DICHLORO-",75-35-4,48931,RCRAInfo
U098,"1,1-DIMETHYLHYDRAZINE (OR) HYDRAZINE, 1,1-DIMETHYL-",57-14-7,48940,RCRAInfo
P081,"1,2,3-PROPANETRIOL, TRINITRATE (R) (OR) NITROGLYCERINE (R)",55-63-0,48975,RCRAInfo
U028,"1,2-BENZENEDICARBOXYLIC ACID, BIS(2-ETHYLHEXYL) ESTER (OR) DIETHYLHEXYL PHTHALATE",117-81-7,95501,RCRAInfo
U069,"1,2-BENZENEDICARBOXYLIC ACID, DIBUTYL ESTER (OR) DIBUTYL PHTHALATE",84-74-2,48873,RCRAInfo
U088,"1,2-BENZENEDICARBOXYLIC ACID, DIETHYL ESTER (OR) DIETHYL PHTHALATE",84-66-2,48877,RCRAInfo
U102,"1,2-BENZENEDICARBOXYLIC ACID, DIMETHYL ESTER (OR) DIMETHYL PHTHALATE",131-11-3,97998,RCRAInfo
U107,"1,2-BENZENEDICARBOXYLIC ACID, DIOCTYL ESTER (OR) DI-N-OCTYL PHTHALATE",117-84-0,47109,RCRAInfo
P042,"1,2-BENZENEDIOL, 4-[1-HYDROXY-2-(METHYLAMINO)ETHYL]-, (R)- (OR) EPINEPHRINE",51-43-4,89672,RCRAInfo
U202,"1,2-BENZISOTHIAZOL-3(2H)-ONE, 1,1-DIOXIDE, & SALTS (OR) SACCHARIN, & SALTS",,35869,RCRAInfo
U066,"1,2-DIBROMO-3-CHLOROPROPANE (OR) PROPANE, 1,2-DIBROMO-3-CHLORO-",96-12-8,48146,RCRAInfo
D028,"1,2-DICHLOROETHANE",,47485,RCRAInfo
U079,"1,2-DICHLOROETHYLENE (OR) ETHENE, 1,2-DICHLORO-,(E)-",156-60-5,46362,RCRAInfo
U109,"1,2-DIPHENYLHYDRAZINE (OR) HYDRAZINE, 1,2-DIPHENYL-",122-66-7,47248,RCRAInfo
U155,"1,2-ETHANEDIAMINE, N,N-DIMETHYL-N'-2-PYRIDINYL-N'-(2-THIENYLMETHYL)- (OR) METHAPYRILENE",91-80-5,87955,RCRAInfo
U193,"1,2-OXATHIOLANE, 2,2-DIOXIDE (OR) 1,3-PROPANE SULTONE",1120-71-4,43483,RCRAInfo
U234,"1,3,5-TRINITROBENZENE (R,T) (OR) BENZENE, 1,3,5-TRINITRO-",99-35-4,47945,RCRAInfo
U182,"1,3,5-TRIOXANE, 2,4,6-TRIMETHYL- (OR) PARALDEHYDE",123-63-7,94701,RCRAInfo
U201,"1,3-BENZENEDIOL (OR) RESORCINOL",108-46-3,47409,RCRAInfo
U203,"1,3-BENZODIOXOLE, 5-(2-PROPENYL)- (OR) SAFROLE",94-59-7,48487,RCRAInfo
U130,"1,3-CYCLOPENTADIENE, 1,2,3,4,5,5-HEXACHLORO- (OR) HEXACHLOROCYCLOPENTADIENE",77-47-4,48812,RCRAInfo
U084,"1,3-DICHLOROPROPENE (OR) 1-PROPENE, 1,3-DICHLORO-",542-75-6,45499,RCRAInfo
U190,"1,3-ISOBENZOFURANDIONE (OR) PHTHALIC ANHYDRIDE",85-44-9,48853,RCRAInfo
U186,"1,3-PENTADIENE (I) (OR) 1-METHYLBUTADIENE (I)",504-60-9,46093,RCRAInfo
P004,"1,4,5,8-DIMETHANONAPHTHALENE, 1,2,3,4,10,10-HEXA-CHLORO-1,4,4A,5,8,8A,-HEXAHYDRO-, (1ALPHA, 4ALPHA, 4ABETA, 5ALPHA, 8ALPHA, 8ABETA)- (OR) ALDRIN",309-00-2,46257,RCRAInfo
P060,"1,4,5,8-DIMETHANONAPHTHALENE, 1,2,3,4,10,10-HEXA-CHLORO-1,4,4A,5,8,8A,-HEXAHYDRO-, (1ALPHA, 4ALPHA, 4ABETA, 5BETA, 8BETA, 8ABETA)- (OR) ISODRIN",465-73-6,90776,RCRAInfo
U074,"1,4-DICHLORO-2-BUTENE (I,T) (OR) 2-BUTENE, 1,4-DICHLORO- (I,T)",764-41-0,44180,RCRAInfo
D027,"1,4-DICHLOROBENZENE",106-46-7,47524,RCRAInfo
U108,"1,4-DIETHYLENEOXIDE (OR) 1,4-DIOXANE",123-91-1,46821,RCRAInfo
U166,"1,4-NAPHTHALENEDIONE (OR) 1,4-NAPHTHOQUINONE",130-15-4,46684,RCRAInfo
P002,"1-ACETYL-2-THIOUREA (OR) ACETAMIDE, N-(AMINOTHIOXOMETHYL)-",591-08-2,45126,RCRAInfo
U031,1-BUTANOL (I) (OR) N-BUTYL ALCOHOL (I),71-36-3,48572,RCRAInfo
U167,1-NAPTHALENAMINE (OR) ALPHA-NAPHTHYLAMINE,134-32-7,46621,RCRAInfo
U194,"1-PROPANAMINE (I,T) (OR) N-PROPYLAMINE (I,T)",107-10-8,47482,RCRAInfo
U110,"1-PROPANIMINE, N-PROPYL-(I) (OR) DIPROPYLAMINE (I)",142-84-7,46518,RCRAInfo
U235,"1-PROPANOL, 2,3-DIBROMO-, PHOSPHATE (3:1) (OR) TRIS(2,3,-DIBROMOPROPYL) PHOSPHATE",126-72-7,94461,RCRAInfo
U140,"1-PROPANOL, 2-METHYL- (I,T) (OR) ISOBUTYL ALCOHOL (I,T)",78-83-1,48753,RCRAInfo
U243,"1-PROPENE, 1,1,2,3,3,3-HEXACHLORO- (OR) HEXACHLOROPROPENE",1888-71-7,40325,RCRAInfo
U011,"1H-1,2,4-TRIAZOL-3-AMINE (OR) AMITROLE",61-82-5,49075,RCRAInfo
D017,"2,4,5-TP SILVEX (2,4,5-TRICHLOROPHENOXYPROPIONIC ACID)",93-72-1,48153,RCRAInfo
D041,"2,4,5-TRICHLOROPHENOL",95-95-4,47719,RCRAInfo
D042,"2,4,6-TRICHLOROPHENOL",88-06-2,48401,RCRAInfo
D016,"2,4-D (2,4-DICHLOROPHENOXYACETIC ACID)",94-75-7,48475,RCRAInfo
U240,"2,4-D, SALTS & ESTERS (OR) ACETIC ACID, (2,4-DICHLOROPHENOXY)-, SALTS & ESTERS (OR) DICHLOROPHENOXYACETIC ACID 2,4-D",,35853,RCRAInfo
U081,"2,4-DICHLOROPHENOL (OR) PHENOL, 2,4-DICHLORO-",120-83-2,94933,RCRAInfo
U101,"2,4-DIMETHYLPHENOL (OR) PHENOL, 2,4-DIMETHYL-",105-67-9,96968,RCRAInfo
P048,"2,4-DINITROPHENOL (OR) PHENOL, 2,4-DINITRO-",51-28-5,49177,RCRAInfo
D030,"2,4-DINITROTOLUENE",,,RCRAInfo
U105,"2,4-DINITROTOLUENE (OR) BENZENE, 1-METHYL-2,4-DINITRO-",121-14-2,46998,RCRAInfo
U197,"2,5-CYCLOHEXADIENE-1,4-DIONE (OR) P-BENZOQUINONE",106-51-4,47519,RCRAInfo
U147,"2,5-FURANDIONE (OR) MALEIC ANHYDRIDE",108-31-6,47417,RCRAInfo
K043,"2,6-DICHLOROPHENOL WASTE FROM THE PRODUCTION OF 2,4-D.",,4328,RCRAInfo
U106,"2,6-DINITROTOLUENE (OR) BENZENE, 2-METHYL-1,3-DINITRO-",606-20-2,90476,RCRAInfo
U236,"2,7-NAPHTHALENEDISULFONIC ACID,3,3'-[(3,3'-DIMETHYL[1,1'-BIPHENYL]-4,4'-DIYL)BIS(AZO)BIS[5-AMINO-4-HYDROXY]-, TETRASODIUM SALT (OR) TRYPAN BLUE",72-57-1,48556,RCRAInfo
P037,"2,7:3,6-DIMETHANONAPHTH[2,3-B]OXIRENE, 3,4,5,6,9,9-HEXACHLORO-1A,2,2A,3,6,6A,7,7A-OCTAHYDRO-, (1AALPHA, 2BETA, 2AALPHA, 3BETA, 6BETA, 6AALPHA, 7BETA, 7AALPHA)- (OR) DIELDRIN",60-57-1,49086,RCRAInfo
P051,"2,7:3,6-DIMETHANONAPHTH[2,3-B]OXIRENE, 3,4,5,6,9,9-HEXACHLORO-1A,2,2A,3,6,6A,7,7A-OCTAHYDRO-, (1AALPHA, 2BETA, 2ABETA, 3ALPHA, 6ALPHA, 6ABETA, 7BETA, 7AALPHA)- & METABOLITES (OR) ENDRIN (OR) ENDRIN, & METABOLITES",,35840,RCRAInfo
P051,"2,7:3,6-DIMETHANONAPHTH[2,3-B]OXIRENE, 3,4,5,6,9,9-HEXACHLORO-1A,2,2A,3,6,6A,7,7A-OCTAHYDRO-, (1AALPHA, 2BETA, 2ABETA, 3ALPHA, 6ALPHA, 6ABETA, 7BETA, 7AALPHA)- & METABOLITES (OR) ENDRIN (OR) ENDRIN, & METABOLITES",72-20-8,48561,RCRAInfo
U005,"2-ACETYLAMINOFLUORENE (OR) ACETAMIDE, N-9H-FLUOREN-2-YL",53-96-3,49152,RCRAInfo
U159,"2-BUTANONE (I,T) (OR) METHYL ETHYL KETONE (MEK) (I,T)",,,RCRAInfo
U160,"2-BUTANONE, PEROXIDE (R,T) (OR) METHYL ETHYL KETONE PEROXIDE (R,T)",1338-23-4,42969,RCRAInfo
U053,2-BUTENAL (OR) CROTONALDEHYDE,4170-30-3,40185,RCRAInfo
U125,2-FURANCARBOXALDEHYDE (I) (OR) FURFURAL (I),98-01-1,87376,RCRAInfo
U116,2-IMIDAZOLIDINETHIONE (OR) ETHYLENETHIOUREA,96-45-7,48129,RCRAInfo
P069,"2-METHYLLACTONITRILE (OR) PROPANENITRILE, 2-HYDROXY-2-METHYL-",75-86-5,48898,RCRAInfo
U168,2-NAPTHALENAMINE (OR) BETA-NAPHTHYLAMINE,91-59-8,48259,RCRAInfo
U171,"2-NITROPROPANE (I,T) (OR) PROPANE, 2-NITRO- (I,T)",79-46-9,48708,RCRAInfo
U191,"2-PICOLINE (OR) PYRIDINE, 2-METHYL-",109-06-8,47369,RCRAInfo
U002,2-PROPANONE (I) (OR) ACETONE (I),67-64-1,49021,RCRAInfo
P017,"2-PROPANONE, 1-BROMO- (OR) BROMOACETONE",598-31-2,91356,RCRAInfo
P005,2-PROPEN-1-OL (OR) ALLYL ALCOHOL,107-18-6,47477,RCRAInfo
P003,2-PROPENAL (OR) ACROLEIN,107-02-8,47488,RCRAInfo
U007,2-PROPENAMIDE (OR) ACRYLAMIDE,79-06-1,48733,RCRAInfo
U009,2-PROPENENITRILE (OR) ACRYLONITRILE,107-13-1,47480,RCRAInfo
U152,"2-PROPENENITRILE, 2-METHYL- (I,T) (OR) METHACRYLONITRILE (I,T)",126-98-7,46757,RCRAInfo
U008,2-PROPENOIC ACID (I) (OR) ACRYLIC ACID (I),79-10-7,48729,RCRAInfo
U118,"2-PROPENOIC ACID, 2-METHYL-, ETHYL ESTER (OR) ETHYL METHACRYLATE",97-63-2,87386,RCRAInfo
U162,"2-PROPENOIC ACID, 2-METHYL-, METHYL ESTER (I,T) (OR) METHYL METHACRYLATE (I,T)",80-62-6,48666,RCRAInfo
U113,"2-PROPENOIC ACID, ETHYL ESTER (I) (OR) ETHYL ACRYLATE (I)",140-88-5,97768,RCRAInfo
P102,2-PROPYN-1-OL (OR) PROPARGYL ALCOHOL,107-19-7,47476,RCRAInfo
U058,"2H-1,3,2-OXAZAPHOSPHORIN-2-AMINE, N,N-BIS(2-CHLOROETHYL)TETRAHYDRO-, 2-OXIDE (OR) CYCLOPHOSPHAMIDE",50-18-0,49196,RCRAInfo
U248,"2H-1-BENZOPYRAN-2-ONE, 4-HYDROXY-3-(3-OXO-1-PHENYL-BUTYL)-, & SALTS, WHEN PRESENT AT CONCENTRATIONS OF 0.3% OR LESS (OR) WARFARIN, & SALTS, WHEN PRESENT AT CONCENTRATIONS OF 0.3% OR LESS",,35888,RCRAInfo
P001,"2H-1-BENZOPYRAN-2-ONE, 4-HYDROXY-3-(3-OXO-1-PHENYLBUTYL)-, & SALTS, WHEN PRESENT AT CONCENTRATIONS GREATER THAN 0.3% (OR) WARFARIN, & SALTS, WHEN PRESENT AT CONCENTRATIONS GREATER THAN 0.3%",,35888,RCRAInfo
P007,"3(2H)-ISOXAZOLONE, 5-(AMINOMETHYL)- (OR) 5-(AMINOMETHYL)-3-ISOXAZOLOL",2763-96-4,41904,RCRAInfo
U148,"3,6-PYRIDAZINEDIONE, 1,2-DIHYDRO- (OR) MALEIC HYDRAZIDE",123-33-1,47210,RCRAInfo
P027,"3-CHLOROPROPIONITRILE (OR) PROPANENITRILE, 3-CHLORO-",542-76-7,45498,RCRAInfo
U164,"4(1H)-PYRIMIDINONE, 2,3-DIHYDRO-6-METHYL-2-THIOXO- (OR) METHYLTHIOURACIL",56-04-2,48971,RCRAInfo
U158,"4,4'-METHYLENEBIS(2-CHLOROANILINE) (OR) BENZENAMINE, 4,4'-METHYLENEBIS[2-CHLORO-",101-14-4,47850,RCRAInfo
U036,"4,7-METHANO-1H-INDENE, 1,2,4,5,6,7,8,8-OCTACHLORO-2,3,3A,4,7,7A-HEXAHYDRO- (OR) CHLORDANE, ALPHA & GAMMA ISOMERS",57-74-9,49134,RCRAInfo
P008,4-AMINOPYRIDINE (OR) 4-PYRIDINAMINE,504-24-5,46095,RCRAInfo
U049,"4-CHLORO-O-TOLUIDINE, HYDROCHLORIDE (OR) BENZENAMINE, 4-CHLORO-2-METHYL-, HYDROCHLORIDE",3165-93-3,40240,RCRAInfo
U161,"4-METHYL-2-PENTANONE (I) (OR) METHYL ISOBUTYL KETONE (I) (OR) PENTANOL, 4-METHYL-",108-10-1,47428,RCRAInfo
U059,"5,12-NAPHTHACENEDIONE, 8-ACETYL-10-[(3-AMINO-2,3,6-TRIDEOXY)-ALPHA-L-LYXO-HEXOPYRANOSYL)OXY]-7,8,9,10-TETRAHYDRO-6,8,11-TRIHYDROXY-1-METHOXY-, (8S-CIS)- (OR) DAUNOMYCIN",20830-81-3,57604,RCRAInfo
U181,"5-NITRO-O-TOLUIDINE (OR) BENZENAMINE, 2-METHYL-5-NITRO",99-55-8,87241,RCRAInfo
P050,"6,9-METHANO-2,4,3-BENZODIOXATHIEPIN,6,7,8,9,10,10-HEXACHLORO-1,5,5A,6,9,9A-HEXAHYDRO-,3-OXIDE (OR) ENDOSULFAN",115-29-7,47164,RCRAInfo
U094,"7,12-DIMETHYLBENZ[A]ANTHRACENE (OR) BENZ[A]ANTHRACENE, 7,12-DIMETHYL-",57-97-6,89262,RCRAInfo
P127,"7-BENZOFURANOL, 2,3-DIHYDRO-2,2-DIMETHYL-, METHYLCARBAMATE (OR) CARBOFURAN",1563-66-2,41800,RCRAInfo
P088,"7-OXABICYCLO[2.2.1]HEPTANE-2,3-DICARBOXYLIC ACID (OR) ENDOTHALL",145-73-3,46482,RCRAInfo
U001,ACETALDEHYDE (I) (OR) ETHANAL (I),75-07-0,48526,RCRAInfo
P023,"ACETALDEHYDE, CHLORO- (OR) CHLOROACETALDEHYDE",107-20-0,96698,RCRAInfo
U034,"ACETALDEHYDE, TRICHLORO- (OR) CHLORAL",75-87-6,48897,RCRAInfo
U187,"ACETAMIDE, N-(4-ETHOXYPHENYL)- (OR) PHENACETIN",62-44-2,49070,RCRAInfo
U112,"ACETIC ACID, ETHYL ESTER (I) (OR) ETHYL ACETATE (I)",141-78-6,46136,RCRAInfo
P058,"ACETIC ACID, FLUORO-, SODIUM SALT (OR) FLUOROACETIC ACID, SODIUM SALT",62-74-8,49063,RCRAInfo
U144,"ACETIC ACID, LEAD(2+) SALT (OR) LEAD ACETATE",301-04-2,46288,RCRAInfo
U214,"ACETIC ACID, THALLIUM(1+) SALT (OR) THALLIUM(I) ACETATE",563-68-8,89947,RCRAInfo
U003,"ACETONITRILE (I,T)",75-05-8,48527,RCRAInfo
U004,"ACETOPHENONE (OR) ETHANONE, 1-PHENYL-",98-86-2,47967,RCRAInfo
U006,"ACETYL CHLORIDE (C,R,T)",75-36-5,87893,RCRAInfo
W105,ACIDIC AQUEOUS WST,,,RCRAInfo
P070,"ALDICARB (OR) PROPANAL, 2-METHYL-2-(METHYLTHIO)-, O-[(METHYLAMINO)CARBONYL]OXIME",116-06-3,47144,RCRAInfo
U096,"ALPHA,ALPHA-DIMETHYLBENZYLHYDROPEROXIDE (R) (OR) HYDROPEROXIDE, 1-METHYL-1-PHENYLETHYL- (R)",80-15-9,87190,RCRAInfo
P046,"ALPHA,ALPHA-DIMETHYLPHENETHYLAMINE (OR) BENZENEETHANAMINE, ALPHA, ALPHA-DIMETHYL-",122-09-8,94896,RCRAInfo
P006,"ALUMINUM PHOSPHIDE (R,T)",20859-73-8,57599,RCRAInfo
P009,"AMMONIUM PICRATE (R) (OR) PHENOL, 2,4,6-TRINITRO-, AMMONIUM SALT (R)",131-74-8,46662,RCRAInfo
P119,"AMMONIUM VANADATE (OR) VANADIC ACID, AMMONIUM SALT",7803-55-6,37300,RCRAInfo
U012,"ANILINE (I,T) (OR) BENZENAMINE (I,T)",62-53-3,49067,RCRAInfo
K051,API SEPARATOR SLUDGE FROM THE PETROLEUM REFINING INDUSTRY.,,4320,RCRAInfo
K021,AQUEOUS SPENT ANTIMONY CATALYST WASTE FROM FLUOROMETHANE PRODUCTION.,,4289,RCRAInfo
W110,AQUEOUS W/O CYANIDES,,,RCRAInfo
W107,AQUEOUS/CYANIDES,,,RCRAInfo
P099,"ARGENTATE (1-), BIS(CYANO-C)-, POTASSIUM (OR) POTASSIUM SILVER CYANIDE",506-61-6,46073,RCRAInfo
D004,ARSENIC,7440-38-2,36973,RCRAInfo
P010,ARSENIC ACID H3ASO4,7778-39-4,38299,RCRAInfo
P012,ARSENIC OXIDE AS2O3 (OR) ARSENIC TRIOXIDE,1327-53-3,43070,RCRAInfo
P011,ARSENIC OXIDE AS2O5 (OR) ARSENIC PENTOXIDE,1303-28-2,43638,RCRAInfo
P038,"ARSINE, DIETHYL- (OR) DIETHYLARSINE",692-42-2,87508,RCRAInfo
U136,"ARSINIC ACID, DIMETHYL- (OR) CACODYLIC ACID",75-60-5,48919,RCRAInfo
W303,ASH,,14305,RCRAInfo
U014,"AURAMINE (OR) BENZENAMINE, 4,4'-CARBONIMIDOYLBIS[N,N-DIMETHYL-",492-80-8,45801,RCRAInfo
U015,"AZASERINE (OR) L-SERINE, DIAZOACETATE (ESTER)",115-02-6,95780,RCRAInfo
P054,AZIRIDINE (OR) ETHYLENEIMINE,151-56-4,46377,RCRAInfo
U010,"AZIRINO [2',3':3,4]PYRROLO[1,2-A]INDOLE-4,7-DIONE, 6-AMINO-8-[[(AMINOCARBONYL)OXY]METHYL]-1,1A,2,8,8A,8B-HEXAHYDRO-8A-METHOXY-5-METHYL-, [1AS-(1AALPHA, 8BETA, 8AALPHA, 8BALPHA)]- (OR) MITOMYCIN C",50-07-7,49198,RCRAInfo
K158,BAG HOUSE DUSTS AND FILTER/SEPARATION SOLIDS FROM THE PRODUCTION OF CARBAMATES AND CARBAMOYL OXIMES.,,4400,RCRAInfo
U280,"BARBAN (OR) CARBAMIC ACID, (3-CHLOROPHENYL)-, 4-CHLORO-2-BUTYNYL ESTER",101-27-9,47846,RCRAInfo
D005,BARIUM,7440-39-3,36972,RCRAInfo
P013,BARIUM CYANIDE,542-62-1,45500,RCRAInfo
W309,BATTERIES,,98826,RCRAInfo
U278,"BENDIOCARB (OR) 1,3-BENZODIOXOL-4-OL, 2,2-DIMETHYL-, METHYL CARBAMATE",22781-23-3,56467,RCRAInfo
U271,"BENOMYL (OR) CARBAMIC ACID, [1-[(BUTYLAMINO)CARBONYL]-1H-BENZIMIDAZOL-2-YL]-, METHYL ESTER",17804-35-2,36086,RCRAInfo
U192,"BENZAMIDE, 3,5-DICHLORO-N-(1,1-DIMETHYL-2-PROPYNYL)- (OR) PRONAMIDE",23950-58-5,58676,RCRAInfo
U328,"BENZENAMINE, 2-METHYL- (OR) O-TOLUIDINE",95-53-4,47748,RCRAInfo
P024,"BENZENAMINE, 4-CHLORO- (OR) P-CHLORANILINE",106-47-8,47523,RCRAInfo
U353,"BENZENAMINE, 4-METHYL- (OR) P-TOLUIDINE",106-49-0,47521,RCRAInfo
P077,"BENZENAMINE, 4-NITRO- (OR) P-NITROANILINE",100-01-6,47918,RCRAInfo
U093,"BENZENAMINE, N,N-DIMETHYL-4-(PHENYLAZO)- (OR) P-DIMETHYLAMINOAZOBENZENE",60-11-7,49098,RCRAInfo
D018,BENZENE,,98385,RCRAInfo
U019,"BENZENE (I,T)",71-43-2,98385,RCRAInfo
U055,"BENZENE, (1-METHYLETHYL)- (I) (OR) CUMENE (I)",98-82-8,47969,RCRAInfo
P028,"BENZENE, (CHLOROMETHYL)- (OR) BENZYL CHLORIDE",100-44-7,94767,RCRAInfo
U061,"BENZENE, 1,1'-(2,2,2-TRICHLOROETHYLIDENE)BIS[4-CHLORO- (OR) DDT",50-29-3,49191,RCRAInfo
U247,"BENZENE, 1,1'-(2,2,2-TRICHLOROETHYLIDENE)BIS[4-METHOXY- (OR) METHOXYCHLOR",,,RCRAInfo
U070,"BENZENE, 1,2-DICHLORO- (OR) O-DICHLOROBENZENE",95-50-1,47750,RCRAInfo
U071,"BENZENE, 1,3-DICHLORO- (OR) M-DICHLOROBENZENE",541-73-1,91424,RCRAInfo
U223,"BENZENE, 1,3-DIISOCYANATOMETHYL- (R,T) (OR) TOLUENE DIISOCYANATE (R,T)",26471-62-5,93340,RCRAInfo
U072,"BENZENE, 1,4-DICHLORO- (OR) P-DICHLOROBENZENE",,,RCRAInfo
U037,"BENZENE, CHLORO- (OR) CHLOROBENZENE",,,RCRAInfo
U239,"BENZENE, DIMETHYL- (I,T) (OR) XYLENE (I)",1330-20-7,43047,RCRAInfo
U127,"BENZENE, HEXACHLORO- (OR) HEXACHLOROBENZENE",118-74-1,95480,RCRAInfo
U056,"BENZENE, HEXAHYDRO- (I) (OR) CYCLOHEXANE (I)",110-82-7,47659,RCRAInfo
U220,"BENZENE, METHYL- (OR) TOLUENE",108-88-3,47380,RCRAInfo
U169,"BENZENE, NITRO- (OR) NITROBENZENE (I,T)",98-95-3,87268,RCRAInfo
U183,"BENZENE, PENTACHLORO- (OR) PENTACHLOROBENZENE",608-93-5,90315,RCRAInfo
U185,"BENZENE, PENTACHLORONITRO- (OR) PENTACHLORONITROBENZENE (PCNB)",82-68-8,98352,RCRAInfo
U035,"BENZENEBUTANOIC ACID, 4-[BIS(2-CHLOROETHYL)AMINO]- (OR) CHLORAMBUCIL",305-03-3,91669,RCRAInfo
U221,"BENZENEDIAMINE, AR-METHYL- (OR) TOLUENEDIAMINE",25376-45-8,56189,RCRAInfo
U020,"BENZENESULFONIC ACID CHLORIDE (C,R) (OR) BENZENESULFONYL CHLORIDE (C,R)",98-09-9,48009,RCRAInfo
P014,BENZENETHIOL (OR) THIOPHENOL,108-98-5,96441,RCRAInfo
P188,"BENZOIC ACID, 2-HYDROXY-, COMPD. WITH (3AS-CIS)-1,2,3,3A,8,8A-HEXAHYDRO-1,3A,8-TRIMETHYLPYRROLO[2,3-B]INDOL-5-YL METHYLCARBAMATE ESTER (1:1) (OR) PHYSOSTIGMINE SALICYLATE",57-64-7,49139,RCRAInfo
U022,BENZO[A]PYRENE,50-32-8,49190,RCRAInfo
U018,BENZ[A]ANTHRACENE,56-55-3,48956,RCRAInfo
P015,BERYLLIUM,7440-41-7,36837,RCRAInfo
K001,BOTTOM SEDIMENT SLUDGE FROM THE TREATMENT OF WASTEWATERS FROM WOOD PRESERVING PROCESSES THAT USE CREOSOTE AND/OR PENTACHLOROPHENOL.,,4404,RCRAInfo
K013,BOTTOM STREAM FROM THE ACETONITRILE COLUMN IN THE PRODUCTION OF ACRYLONITRILE.,,4297,RCRAInfo
K011,BOTTOM STREAM FROM THE WASTEWATER STRIPPER IN THE PRODUCTION OF ACRYLONITRILE.,,4298,RCRAInfo
K014,BOTTOMS FROM THE ACETONITRILE PURIFICATION COLUMN IN THE PRODUCTION OF ACRYLONITRILE.,,4296,RCRAInfo
K071,"BRINE PURIFICATION MUDS FROM THE MERCURY CELL PROCESS IN CHLORINE PRODUCTION, IN WHICH SEPARATELY PREPURIFIED BRINE IS NOT USED.",,4311,RCRAInfo
U225,"BROMOFORM (OR) METHANE, TRIBROMO-",75-25-2,48938,RCRAInfo
P018,"BRUCINE (OR) STRYCHNIDIN-10-ONE, 2,3-DIMETHOXY-",357-57-3,92161,RCRAInfo
K031,BY-PRODUCT SALTS GENERATED IN THE PRODUCTION OF MSMA AND CACODYLIC ACID.,,4278,RCRAInfo
D006,CADMIUM,7440-43-9,36835,RCRAInfo
U032,"CALCIUM CHROMATE (OR) CHROMIC ACID H2CRO4, CALCIUM SALT",13765-19-0,62171,RCRAInfo
P021,CALCIUM CYANIDE (OR) CALCIUM CYANIDE CA(CN)2,592-01-8,88706,RCRAInfo
U238,"CARBAMIC ACID, ETHYL ESTER (OR) ETHYL CARBAMATE (URETHANE)",51-79-6,49165,RCRAInfo
U178,"CARBAMIC ACID, METHYLNITROSO-, ETHYL ESTER (OR) N-NITROSO-N-METHYLURETHANE",615-53-2,44500,RCRAInfo
P189,"CARBAMIC ACID, [(DIBUTYLAMINO)-THIO]METHYL-, 2,3-DIHYDRO-2,2-DIMETHYL -7-BENZOFURANYL ESTER (OR) CARBOSULFAN",55285-14-8,49853,RCRAInfo
U409,"CARBAMIC ACID, [1,2-PHENYLENEBIS (IMINOCARBONOTHIOYL)]BIS-, DIMETHYL ESTER (OR) THIOPHANATE-METHYL",23564-05-8,92271,RCRAInfo
U097,"CARBAMIC CHLORIDE, DIMETHYL- (OR) DIMETHYLCARBAMOYL CHLORIDE",79-44-7,48709,RCRAInfo
U114,"CARBAMODITHIOIC ACID, 1,2-ETHANEDIYLBIS-, SALTS & ESTERS (OR) ETHYLENEBISDITHIOCARBAMIC ACID, SALTS & ESTERS",,35868,RCRAInfo
U389,"CARBAMOTHIOIC ACID, BIS(1-METHYLETHYL)-, S-(2,3,3-TRICHLORO-2-PROPENYL) ESTER (OR) TRIALLATE",2303-17-5,41312,RCRAInfo
U062,"CARBAMOTHIOIC ACID, BIS(1-METHYLETHYL)-, S-(2,3-DICHLORO-2-PROPENYL) ESTER (OR) DIALLATE",2303-16-4,41313,RCRAInfo
U279,"CARBARYL (OR) 1-NAPHTHALENOL, METHYLCARBAMATE",63-25-2,49061,RCRAInfo
P022,CARBON DISULFIDE,75-15-0,48521,RCRAInfo
U033,"CARBON OXYFLUORIDE (R,T) (OR) CARBONIC DIFLUORIDE",353-50-4,46163,RCRAInfo
D019,CARBON TETRACHLORIDE,56-23-5,48965,RCRAInfo
U211,"CARBON TETRACHLORIDE (OR) METHANE, TETRACHLORO-",,48965,RCRAInfo
P095,CARBONIC DICHLORIDE (OR) PHOSGENE,75-44-5,87890,RCRAInfo
U156,"CARBONOCHLORIDIC ACID, METHYL ESTER, (I,T) (OR) METHYL CHLOROCARBONATE (I,T)",79-22-1,48721,RCRAInfo
K027,CENTRIFUGE AND DISTILLATION RESIDUES FROM TOLUENE DIISOCYANATE PRODUCTION.,,4283,RCRAInfo
D020,CHLORDANE,,49134,RCRAInfo
D021,CHLOROBENZENE,108-90-7,47379,RCRAInfo
D022,CHLOROFORM,,,RCRAInfo
U044,"CHLOROFORM (OR) METHANE, TRICHLORO-",67-66-3,49020,RCRAInfo
U046,"CHLOROMETHYL METHYL ETHER (OR) METHANE, CHLOROMETHOXY-",107-30-2,47472,RCRAInfo
D007,CHROMIUM,7440-47-3,36831,RCRAInfo
K170,CLARIFIED SLURRY OIL TANK SEDIMENT AND/OR IN-LINE FILTER/SEPARATION SOLIDS FROM PETROLEUM REFINING OPERATIONS,,4396,RCRAInfo
K104,COMBINED WASTEWATERS GENERATED FROM NITROBENZENE/ANILINE PRODUCTION.,,4337,RCRAInfo
W801,COMPRESSED GAS,,98953,RCRAInfo
F025,"CONDENSED LIGHT ENDS, SPENT FILTERS AND FILTER AIDS, AND SPENT DESICCANT WASTES FROM THE PRODUCTION OF CERTAIN CHLORINATED ALIPHATIC HYDROCARBONS BY FREE RADICAL CATALYZED PROCESSES.  THESE CHLORINATED ALIPHATIC HYDROCARBONS ARE THOSE HAVING CARBON CHAIN LENGTHS RANGING FROM ONE TO, AND INCLUDING FIVE, WITH VARYING AMOUNTS AND POSITIONS OF CHLORINE SUBSTITUTION.",,4266,RCRAInfo
W002,CONT. DEBRIS,,,RCRAInfo
W301,CONTAMINATED SOIL,,,RCRAInfo
P029,COPPER CYANIDE (OR) COPPER CYANIDE CU(CN),544-92-3,90715,RCRAInfo
D002,CORROSIVE WASTE,,79578,RCRAInfo
U051,CREOSOTE,8001-58-9,16148,RCRAInfo
D026,CRESOL,,,RCRAInfo
U052,"CRESOL (CRESYLIC ACID) (OR) PHENOL, METHYL-",1319-77-3,43230,RCRAInfo
K169,CRUDE OIL STORAGE TANK SEDIMENT FROM PETROLEUM REFINING OPERATIONS,,4397,RCRAInfo
W506,CYAN. BEARING SLUDGE,,,RCRAInfo
W312,CYANIDE,,89604,RCRAInfo
P030,"CYANIDES (SOLUBLE CYANIDE SALTS), NOT OTHERWISE SPECIFIED",,35873,RCRAInfo
U246,CYANOGEN BROMIDE (CN)BR,506-68-3,46070,RCRAInfo
P033,CYANOGEN CHLORIDE (OR) CYANOGEN CHLORIDE (CN)CL,506-77-4,90018,RCRAInfo
U129,"CYCLOHEXANE, 1,2,3,4,5,6-HEXACHLORO-, (1ALPHA, 2ALPHA, 3BETA, 4ALPHA, 5ALPHA, 6BETA)- (OR) LINDANE",,49118,RCRAInfo
U057,CYCLOHEXANONE (I),108-94-1,96442,RCRAInfo
U206,"D-GLUCOSE, 2-DEOXY-2-[[(METHYLNITROSOAMINO)-CARBONYL]AMINO]- (OR) GLUCOPYRANOSE, 2-DEOXY-2-(3-METHYL-3-NITROSOUREIDO)-,D- (OR) STREPTOZOTOCIN",18883-66-4,62456,RCRAInfo
K087,DECANTER TANK TAR SLUDGE FROM COKING OPERATIONS.,,4353,RCRAInfo
U075,"DICHLORODIFLUOROMETHANE (OR) METHANE, DICHLORODIFLUORO-",75-71-8,48912,RCRAInfo
U025,"DICHLOROETHYL ETHER (OR) ETHANE, 1,1'-OXYBIS[2-CHLORO-",111-44-4,46914,RCRAInfo
U027,"DICHLOROISOPROPYL ETHER (OR) PROPANE, 2,2'-OXYBIS[2-CHLORO-",39638-32-9,53058,RCRAInfo
U024,"DICHLOROMETHOXY ETHANE (OR) ETHANE, 1,1'-[METHYLENEBIS(OXY)]BIS[2-CHLORO-",111-91-1,96048,RCRAInfo
P016,"DICHLOROMETHYL ETHER (OR) METHANE, OXYBIS[CHLORO-",542-88-1,45495,RCRAInfo
P041,"DIETHYL-P-NITROPHENYL PHOSPHATE (OR) PHOSPHORIC ACID, DIETHYL 4-NITROPHENYL ESTER",311-45-5,46256,RCRAInfo
U395,"DIETHYLENE GLYCOL, DICARBAMATE (OR) ETHANOL, 2,2'-OXYBIS-, DICARBAMATE",5952-26-1,88667,RCRAInfo
U089,"DIETHYLSTILBESTEROL (OR) PHENOL, 4,4'-(1,2-DIETHYL-1,2-ETHENEDIYL)BIS, (E)-",56-53-1,89796,RCRAInfo
P043,"DIISOPROPYLFLUOROPHOSPHATE (DFP) (OR) PHOSPHOROFLUORIDIC ACID, BIS(1-METHYLETHYL) ESTER",55-91-4,48972,RCRAInfo
W101,DILUTE AQUEOUS WST,,,RCRAInfo
P044,"DIMETHOATE (OR) PHOSPHORODITHIOIC ACID, O,O-DIMETHYL S-[2-(METHYLAMINO)-2-OXOETHYL] ESTER",60-51-5,90490,RCRAInfo
U103,"DIMETHYL SULFATE (OR) SULFURIC ACID, DIMETHYL ESTER",77-78-1,48799,RCRAInfo
U092,"DIMETHYLAMINE (I) (OR) METHANAMINE, N-METHYL- (I)",124-40-3,46794,RCRAInfo
P020,"DINOSEB (OR) PHENOL, 2-(1-METHYLPROPYL)-4,6-DINITRO-",88-85-7,88121,RCRAInfo
P085,"DIPHOSPHORAMIDE, OCTAMETHYL- (OR) OCTAMETHYLPYROPHOSPHORAMIDE",152-16-9,97557,RCRAInfo
F027,"DISCARDED UNUSED FORMULATIONS CONTAINING TRI-, TETRA-, OR PENTACHLOROPHENOL OR DISCARDED UNUSED FORMULATIONS CONTAINING COMPOUNDS DERIVED FROM THESE CHLOROPHENOLS.  (THIS LISTING DOES NOT INCLUDE FORMULATIONS CONTAINING HEXACHLOROPHENE SYNTHESIZED FROM PREPURIFIED 2,4,5-TRICHLOROPHENOL AS THE SOLE COMPONENT.)",,4264,RCRAInfo
K048,DISSOLVED AIR FLOTATION (DAF) FLOAT FROM THE PETROLEUM REFINING INDUSTRY.,,4323,RCRAInfo
K022,DISTILLATION BOTTOM TARS FROM THE PRODUCTION OF PHENOL/ACETONE FROM CUMENE.,,4288,RCRAInfo
K083,DISTILLATION BOTTOMS FROM ANILINE PRODUCTION.,,4309,RCRAInfo
K009,DISTILLATION BOTTOMS FROM THE PRODUCTION OF ACETALDEHYDE FROM ETHYLENE.,,4300,RCRAInfo
K149,"DISTILLATION BOTTOMS FROM THE PRODUCTION OF ALPHA (OR METHYL-) CHLORINATED TOLUNES, RING-CHLORINATED TOLUNES, BENZOYL CHLORIDES, AND COMPOUNDS WITH MIXTURES OF THESE FUNCTIONAL GROUPS.  [THIS WASTE DOES NOT INCLUDE STILL BOTTOMS FROM THE DISTILLATION OF BENZOYL CHLORIDE]",,4356,RCRAInfo
K094,DISTILLATION BOTTOMS FROM THE PRODUCTION OF PHTHALIC ANHYDRIDE FROM ORTHO-XYLENE.,,4348,RCRAInfo
K085,DISTILLATION OR FRACTIONATION COLUMN BOTTOMS FROM THE PRODUCTION OF CHLOROBENZENES.,,4307,RCRAInfo
P039,"DISULFOTON (OR) PHOSPHORODITHIOIC ACID, O,O-DIETHYL S-[2-(ETHYLTHIO)ETHYL] ESTER",298-04-4,46311,RCRAInfo
W406,DRIED PAINT,,95976,RCRAInfo
W320,ELECTRICAL DEVICES,,,RCRAInfo
K090,EMISSION CONTROL DUST OR SLUDGE FROM FERROCHROMIUMSILICON PRODUCTION.,,4351,RCRAInfo
K069,EMISSION CONTROL DUST/SLUDGE FROM SECONDARY LEAD SMELTING.,,4312,RCRAInfo
K061,EMISSION CONTROL DUST/SLUDGE FROM THE PRIMARY PRODUCTION OF STEEL IN ELECTRIC FURNACES.,,4317,RCRAInfo
D012,"ENDRIN (1,2,3,4,10,10-HEXACHLORO-1,7-EPOXY-1,4,4A,5,6,7,8,8A-OCTAHYDRO-1,4-ENDO, ENDO-5,8-DIMETH-ANO-NAPHTHALENE)",,48561,RCRAInfo
U041,"EPICHLOROHYDRIN (OR) OXIRANE, (CHLOROMETHYL)-",106-89-8,96714,RCRAInfo
U404,"ETHANAMINE, N,N-DIETHYL- (OR) TRIETHYLAMINE",121-44-8,46986,RCRAInfo
U117,"ETHANE, 1,1'-OXYBIS-(I) (OR) ETHYL ETHER (I)",60-29-7,49093,RCRAInfo
U226,"ETHANE, 1,1,1-TRICHLORO- (OR) METHYL CHLOROFORM",71-55-6,48567,RCRAInfo
U076,"ETHANE, 1,1-DICHLORO- (OR) ETHYLIDENE DICHLORIDE",75-34-3,48932,RCRAInfo
U067,"ETHANE, 1,2-DIBROMO- (OR) ETHYLENE DIBROMIDE",106-93-4,47495,RCRAInfo
U077,"ETHANE, 1,2-DICHLORO- (OR) ETHYLENE DICHLORIDE",107-06-2,47485,RCRAInfo
U131,"ETHANE, HEXACHLORO- (OR) HEXACHLOROETHANE",,49017,RCRAInfo
U218,ETHANETHIOAMIDE (OR) THIOACETAMIDE,62-55-5,49065,RCRAInfo
P194,"ETHANIMIDOTHIOC ACID, 2-(DIMETHYLAMINO)-N-[[(METHYLAMINO) CARBONYL]OXY]-2-OXO-, METHYL ESTER (OR) OXAMYL",23135-22-0,92455,RCRAInfo
U410,"ETHANIMIDOTHIOIC ACID, N,N'-[THIOBIS[(METHYLIMINO)CARBONYLOXY]]BIS-, DIMETHYL ESTER (OR) THIODICARB",59669-26-0,51689,RCRAInfo
P066,"ETHANIMIDOTHIOIC ACID, N-[[(METHYLAMINO)CARBONYL]OXY]-, METHYL ESTER (OR) METHOMYL",16752-77-5,93071,RCRAInfo
U359,"ETHANOL, 2-ETHOXY- (OR) ETHYLENE GLYCOL MONOETHYL ETHER",110-80-5,47661,RCRAInfo
U043,"ETHENE, CHLORO- (OR) VINYL CHLORIDE",,,RCRAInfo
U210,"ETHENE, TETRACHLORO- (OR) TETRACHLOROETHYLENE",,46750,RCRAInfo
U228,"ETHENE, TRICHLORO- (OR) TRICHLOROETHYLENE",,48738,RCRAInfo
P101,ETHYL CYANIDE (OR) PROPANENITRILE,107-12-0,47481,RCRAInfo
U119,"ETHYL METHANESULFONATE (OR) METHANESULFONIC ACID, ETHYL ESTER",62-50-0,49068,RCRAInfo
U115,"ETHYLENE OXIDE (I,T) (OR) OXIRANE (I,T)",75-21-8,48517,RCRAInfo
W405,"EXPLOSIVES, ETC.",,96201,RCRAInfo
P097,"FAMPHUR (OR) PHOSPHOROTHIOIC ACID O-[4-[(DIMETHYLAMINO)SULFONYL]PHENYL] O,O-DIMETHYL ESTER",52-85-7,89102,RCRAInfo
K039,FILTER CAKE FROM THE FILTRATION OF DIETHYLPHOSPHORODITHIOIC ACID IN THE PRODUCTION OF PHORATE.,,4332,RCRAInfo
U120,FLUORANTHENE,206-44-0,46345,RCRAInfo
P056,FLUORINE,7782-41-4,38148,RCRAInfo
U122,FORMALDEHYDE,50-00-0,49201,RCRAInfo
U123,"FORMIC ACID (C,T)",64-18-6,49053,RCRAInfo
U213,"FURAN, TETRAHYDRO-(I) (OR) TETRAHYDROFURAN (I)",109-99-9,47713,RCRAInfo
U163,"GUANIDINE, N-METHYL-N'-NITRO-N-NITROSO- (OR) MNNG",70-25-7,48999,RCRAInfo
W503,GYPSUM SLUDGES,,,RCRAInfo
W202,HALOGENATED SOLVENT,,,RCRAInfo
K050,HEAT EXCHANGER BUNDLE CLEANING SLUDGE FROM THE PETROLEUM REFINING INDUSTRY.,,4321,RCRAInfo
K017,HEAVY ENDS (STILL BOTTOMS) FROM THE PURIFICATION COLUMN IN THE PRODUCTION OF EPICHLOROHYDRIN.,,4293,RCRAInfo
K115,HEAVY ENDS FROM PURIFICATION OF TOLUENEDIAMINE IN THE PRODUCTION OF TOLUENEDIAMINE VIA HYDROGENATION OF DINITROTOLUENE.,,4375,RCRAInfo
K019,HEAVY ENDS FROM THE DISTILLATION OF ETHYLENE DICHLORIDE IN ETHYLENE DICHLORIDE PRODUCTION.,,4291,RCRAInfo
K016,HEAVY ENDS OR DISTILLATION RESIDUES FROM THE PRODUCTION OF CARBON TETRACHLORIDE.,,4294,RCRAInfo
D031,HEPTACHLOR (AND ITS EPOXIDE),,35892,RCRAInfo
D032,HEXACHLOROBENZENE,,,RCRAInfo
D034,HEXACHLOROETHANE,67-72-1,49017,RCRAInfo
U132,"HEXACHLOROPHENE (OR) PHENOL, 2,2'-METHYLENEBIS[3,4,6-TRICHLORO-",70-30-4,87232,RCRAInfo
U133,"HYDRAZINE (R,T)",302-01-2,46284,RCRAInfo
P068,"HYDRAZINE, METHYL- (OR) METHYL HYDRAZINE",60-34-4,49090,RCRAInfo
P116,HYDRAZINECARBOTHIOAMIDE (OR) THIOSEMICARBAZIDE,79-19-6,48724,RCRAInfo
P063,HYDROCYANIC ACID (OR) HYDROGEN CYANIDE,74-90-8,48540,RCRAInfo
U134,"HYDROFLUORIC ACID (C,T) (OR) HYDROGEN FLUORIDE (C,T)",7664-39-3,87730,RCRAInfo
P096,HYDROGEN PHOSPHIDE (OR) PHOSPHINE,7803-51-2,37301,RCRAInfo
U135,HYDROGEN SULFIDE (OR) HYDROGEN SULFIDE H2S,7783-06-4,38126,RCRAInfo
D001,IGNITABLE WASTE,,79577,RCRAInfo
U150,"L-PHENYLALANINE, 4-[BIS(2-CHLOROETHYL)AMINO]- (OR) MELPHALAN",148-82-3,46406,RCRAInfo
LABP,LAB PACK,,,RCRAInfo
W004,LAB PACKS/ACUTE,,,RCRAInfo
W001,LAB PACKS/NO ACUTE,,,RCRAInfo
F039,"LEACHATE RESULTING FROM THE TREATMENT, STORAGE, OR DISPOSAL OF WASTES CLASSIFIED BY MORE THAN ONE WASTE CODE UNDER SUBPART D, OR FROM A MIXTURE OF WASTES CLASSIFIED UNDER SUBPARTS C AND D OF THIS PART.  (LEACHATE RESULTING FROM THE MANAGEMENT OF ONE OR MORE OF THE FOLLOWING EPA HAZARDOUS WASTES AND NO OTHER HAZARDOUS WASTES RETAINS ITS HAZARDOUS WASTE CODE(S): F020, F021, F022, F023, F026, F027, AND/OR F028.)",,4405,RCRAInfo
D008,LEAD,7439-92-1,37012,RCRAInfo
U146,"LEAD SUBACETATE (OR) LEAD, BIS(ACETATO-O)TETRAHYDROXYTRI-",1335-32-6,42980,RCRAInfo
W501,"LIME, ETC.",,43619,RCRAInfo
D013,"LINDANE (1,2,3,4,5,6-HEXA-CHLOROCYCLOHEXANE, GAMMA ISOMER)",58-89-9,49118,RCRAInfo
W117,LIQUID MERCURY,,37007,RCRAInfo
D024,M-CRESOL,108-39-4,47414,RCRAInfo
U149,MALONONITRILE (OR) PROPANEDINITRILE,109-77-3,47330,RCRAInfo
U151,MERCURY,7439-97-6,37007,RCRAInfo
D009,MERCURY,,37007,RCRAInfo
P092,"MERCURY, (ACETATO-O)PHENYL- (OR) PHENYLMERCURY ACETATE",62-38-4,49071,RCRAInfo
W505,METAL BEARING SLUDGE,,,RCRAInfo
W316,METAL SALTS/CHEM.,,108395,RCRAInfo
W307,"METAL SCALE, ETC.",,,RCRAInfo
U029,"METHANE, BROMO- (OR) METHYL BROMIDE",74-83-9,48547,RCRAInfo
U045,"METHANE, CHLORO- (I,T) (OR) METHYL CHLORIDE (I,T)",74-87-3,48543,RCRAInfo
U068,"METHANE, DIBROMO- (OR) METHYLENE BROMIDE",74-95-3,48537,RCRAInfo
U080,"METHANE, DICHLORO- (OR) METHYLENE CHLORIDE",75-09-2,48524,RCRAInfo
U138,"METHANE, IODO- (OR) METHYL IODIDE",74-88-4,48542,RCRAInfo
P064,"METHANE, ISOCYANATO- (OR) METHYL ISOCYANATE",624-83-9,44702,RCRAInfo
P112,"METHANE, TETRANITRO- (R) (OR) TETRANITROMETHANE (R)",509-14-8,46056,RCRAInfo
U121,"METHANE, TRICHLOROFLUORO- (OR) TRICHLOROMONOFLUOROMETHANE",75-69-4,87874,RCRAInfo
U153,"METHANETHIOL (I,T) (OR) THIOMETHANOL (I,T)",74-93-1,48539,RCRAInfo
P118,"METHANETHIOL, TRICHLORO- (OR) TRICHLOROMETHANETHIOL",409314-70-1,48913,RCRAInfo
P198,"METHANIMIDAMIDE, N,N-DIMETHYL-N'-[3-[[(METHYLAMINO)-CARBONYL]OXY]PHENYL]-, MONOHYDROCHLORIDE (OR) FORMETANATE HYDROCHLORIDE",23422-53-9,92434,RCRAInfo
P082,"METHANIMINE, N-METHYL-N-NITROSO- (OR) N-NITROSODIMETHYLAMINE",62-75-9,49062,RCRAInfo
U154,METHANOL (I) (OR) METHYL ALCOHOL (I),67-56-1,49023,RCRAInfo
P199,"METHIOCARB (OR) MEXACARBATE (OR) PHENOL, (3,5-DIMETHYL-4-(METHYLTHIO)-, METHYLCARBAMATE",2032-65-7,39720,RCRAInfo
D014,"METHOXYCHLOR (1,1,1-TRICHLORO-2,2-BIS [P-METHOXYPHENYL] ETHANE)",72-43-5,48560,RCRAInfo
D035,METHYL ETHYL KETONE,78-93-3,48746,RCRAInfo
P071,"METHYL PARATHION (OR) PHOSPHOROTHIOIC ACID, O,O,-DIMETHYL O-(4-NITROPHENYL) ESTER",298-00-0,92019,RCRAInfo
U177,"N-NITROSO-N-METHYLUREA (OR) UREA, N-METHYL-N-NITROSO-",684-93-5,44334,RCRAInfo
U180,"N-NITROSOPYRROLIDINE (OR) PYRROLIDINE, 1-NITROSO-",930-55-2,43884,RCRAInfo
U165,NAPHTHALENE,91-20-3,48273,RCRAInfo
P073,"NICKEL CARBONYL (OR) NICKEL CARBONYL NI(CO)4, (T-4)-",13463-39-3,60586,RCRAInfo
P075,"NICOTINE, & SALTS (OR) PYRIDINE, 3-(1-METHYL-2-PYRROLIDINYL)-,(S)-, & SALTS",,35867,RCRAInfo
U217,"NITRIC ACID, THALLIUM(1+) SALT (OR) THALLIUM(I) NITRATE",10102-45-1,39232,RCRAInfo
P076,NITRIC OXIDE (OR) NITROGEN OXIDE NO,10102-43-9,39234,RCRAInfo
D036,NITROBENZENE,,87268,RCRAInfo
P078,NITROGEN DIOXIDE (OR) NITROGEN OXIDE NO2,10102-44-0,39233,RCRAInfo
W203,NONHALOGEN. SOLVENT,,,RCRAInfo
U087,"O,O-DIETHYL S-METHYL DITHIOPHOSPHATE (OR) PHOSPHORODITHIOIC ACID, O,O-DIETHYL S-METHYL ESTER",3288-58-2,39814,RCRAInfo
U048,"O-CHLOROPHENOL (OR) PHENOL, 2-CHLORO-",95-57-8,47745,RCRAInfo
D023,O-CRESOL,95-48-7,47752,RCRAInfo
W205,OIL-WATER EMULSION,,,RCRAInfo
W603,OILY SLUDGE,,,RCRAInfo
K116,ORGANIC CONDENSATE FROM THE SOLVENT RECOVERY COLUMN IN THE PRODUCTION OF TOLUENE DIISOCYANATE VIA PHOSGENATION OF TOLUENEDIAMINE.,,4374,RCRAInfo
K150,"ORGANIC RESIDULES EXCLUDING SPENT CARBON ADSORBENT, FROM THE SPENT CHLORINE GAS AND HYDROCHLORIC ACID RECOVERY PROCESSES ASSOCIATED WITH THE PRODUCTION OF ALPHA (OR METHYL-) CHLORINATED TOLUNES, BENZOYL CHLORIDES, AND COMPOUNDS WITH MIXTURES OF THESE FUNCTIONAL GROUPS.",,,RCRAInfo
K156,"ORGANIC WASTE (INCLUDING HEAVY ENDS, STILL BOTTOMS, LIGHT ENDS, SPENT SOLVENTS, FILTRATES, AND DECANTATES) FROM THE PRODUCTION OF CARBAMATES AND CARBAMOYL OXIMES.",,4393,RCRAInfo
P087,"OSMIUM OXIDE OSO4, (T-4)- (OR) OSMIUM TETROXIDE",20816-12-0,57607,RCRAInfo
W119,OTH INORGANIC LIQUID,,,RCRAInfo
W519,OTH INORGANIC SLUDGE,,,RCRAInfo
W319,OTH INORGANIC SOLIDS,,,RCRAInfo
W219,OTH ORGANIC LIQUID,,,RCRAInfo
W409,OTH ORGANIC SOLIDS,,,RCRAInfo
W113,OTHER AQUEOUS WST,,,RCRAInfo
W609,OTHER ORGANIC SLUDGE,,,RCRAInfo
W504,OTHER SLUDGES,,,RCRAInfo
U039,"P-CHLORO-M-CRESOL (OR) PHENOL, 4-CHLORO-3-METHYL-",59-50-7,49108,RCRAInfo
D025,P-CRESOL,106-44-5,47526,RCRAInfo
U170,"P-NITROPHENOL (I,T) (OR) PHENOL, 4-NITRO-",100-02-7,47917,RCRAInfo
W211,PAINT THINNER,,,RCRAInfo
W604,"PAINT, INK SLUDGE",,,RCRAInfo
W209,"PAINT, INK, ETC.",,,RCRAInfo
P089,"PARATHION (OR) PHOSPHOROTHIOIC ACID, O,O-DIETHYL-O-(4-NITROPHENYL) ESTER",56-38-2,48961,RCRAInfo
D037,PENTACHLOROPHENOL,87-86-5,48409,RCRAInfo
W401,PESTICIDE SOLIDS,,,RCRAInfo
F037,"PETROLEUM REFINERY PRIMARY OIL/WATER/SOLIDS SEPARATION SLUDGE - ANY SLUDGE GENERATED FROM THE GRAVITATIONAL SEPARATION OF OIL/WATER/SOLIDS DURING THE STORAGE OR TREATMENT OF PROCESS WASTEWATERS AND OILY COOLING WASTEWATERS FROM PETROLEUM REFINERIES.  SUCH SLUDGES INCLUDE, BUT ARE NOT LIMITED TO, THOSE GENERATED IN OIL/WATER/SOLIDS SEPARATORS; TANKS AND IMPOUNDMENTS; DITCHES AND OTHER CONVEYANCES; SUMPS; AND STORM WATER UNITS RECEIVING DRY WEATHER FLOW.  SLUDGES GENERATED IN STORM WATER UNITS THAT DO NOT RECEIVE DRY WEATHER FLOW, SLUDGES GENERATED IN AGGRESSIVE BIOLOGICAL TREATMENT UNITS AS DEFINED IN SECTION 261.31(B)(2) (INCLUDING SLUDGES GENERATED IN ONE OR MORE ADDITIONAL UNITS AFTER WASTEWATERS HAVE BEEN TREATED IN AGGRESSIVE BIOLOGICAL TREATMENT UNITS), AND K051 WASTES ARE EXEMPTED FROM THIS LISTING.",,4407,RCRAInfo
F038,"PETROLEUM REFINERY SECONDARY (EMULSIFIED) OIL/WATER/SOLIDS SEPARATION SLUDGE - ANY SLUDGE AND/OR FLOAT GENERATED FROM THE PHYSICAL AND/OR CHEMICAL SEPARATION OF OIL/WATER/SOLIDS IN PROCESS WASTEWATERS AND OILY COOLING WASTEWATERS FROM PETROLEUM REFINERIES.  SUCH WASTES INCLUDE, BUT ARE NOT LIMITED TO, ALL SLUDGES AND FLOATS GENERATED IN INDUCED AIR FLOTATION (IAF) UNITS, TANKS AND IMPOUNDMENTS, AND ALL SLUDGES GENERATED IN DAF UNITS.  SLUDGES GENERATED IN STORMWATER UNITS THAT DO NOT RECEIVE DRY WEATHER FLOW, SLUDGES GENERATED IN AGGRESSIVE BIOLOGICAL TREATMENT UNITS AS DEFINED IN SECTION 261.31(B)(2) (INCLUDING SLUDGES GENERATED IN ONE OR MORE ADDITIONAL UNITS AFTER WASTEWATERS HAVE BEEN TREATED IN AGGRESSIVE BIOLOGICAL TREATMENT UNITS), AND F037, K048, AND K051 WASTES ARE EXEMPTED FROM THIS LISTING.",,4406,RCRAInfo
U188,PHENOL,108-95-2,47376,RCRAInfo
U411,"PHENOL, 2-(1-METHYLETHOXY)-, METHYLCARBAMATE (OR) PROPOXUR",114-26-1,95786,RCRAInfo
P201,"PHENOL, 3-METHYL-5-(1-METHYLETHYL)-, METHYL CARBAMATE (OR) PROMECARB",2631-37-0,93356,RCRAInfo
P128,"PHENOL, 4-(DIMETHYLAMINO)-3,5-DIMETHYL-, METHYLCARBAMATE (ESTER)",315-18-4,46246,RCRAInfo
P093,"PHENYLTHIOUREA (OR) THIOUREA, PHENYL-",103-85-5,48047,RCRAInfo
P094,"PHORATE (OR) PHOSPHORODITHIOIC ACID, O,O-DIETHYL S-[(ETHYLTHIO)METHYL] ESTER",298-02-2,46312,RCRAInfo
U189,PHOSPHORUS SULFIDE (R) (OR) SULFUR PHOSPHIDE (R),1314-80-3,42848,RCRAInfo
P204,"PHYSOSTIGMINE (OR) PYRROLO[2,3-B]INDOL-5-OL, 1,2,3,3A,8,8A-HEXAHYDRO-1,3A,8-TRIMETHYL-METHYLCARBAMATE (ESTER), (3AS-CIS)-",57-47-6,49146,RCRAInfo
F008,PLATING BATH RESIDUES FROM THE BOTTOM OF PLATING BATHS FROM ELECTROPLATING OPERATIONS IN WHICH CYANIDES ARE USED IN THE PROCESS.,,4385,RCRAInfo
P110,"PLUMBANE, TETRAETHYL- (OR) TETRAETHYL LEAD",78-00-2,48786,RCRAInfo
P098,POTASSIUM CYANIDE (OR) POTASSIUM CYANIDE K(CN),151-50-8,46378,RCRAInfo
K141,"PROCESS RESIDUES FROM THE RECOVERY OF COAL TAR, INCLUDING, BUT NOT LIMITED TO, TAR COLLECTING SUMP RESIDUES FROM THE PRODUCTION OF COKE FROM COAL OR THE RECOVERY OF COKE BY-PRODUCTS PRODUCED FROM COAL.  THIS LISTING DOES NOT INCLUDE K087 (DECANTER TANK SLUDGE FROM COKING OPERATIONS).",,4363,RCRAInfo
K143,"PROCESS RESIDUES FROM THE RECOVERY OF LIGHT OIL, INCLUDING, BUT NOT LIMITED TO, THOSE GENERATED IN STILLS, DECANTERS, AND WASH OIL RECOVERY UNITS FROM THE RECOVERY OF COKE BY-PRODUCTS PRODUCED FROM COAL.",,4361,RCRAInfo
F024,"PROCESS WASTES INCLUDING, BUT NOT LIMITED TO, DISTILLATION RESIDUES, HEAVY ENDS, TARS, AND REACTOR CLEAN-OUT WASTES FROM THE PRODUCTION OF CERTAIN CHLORINATED ALIPHATIC HYDROCARBONS BY FREE RADICAL CATALYZED PROCESSES.  THESE CHLORINATED ALIPHATIC HYDROCARBONS ARE THOSE HAVING CARBON CHAIN LENGTHS RANGING FROM ONE TO, AND INCLUDING FIVE, WITH VARYING AMOUNTS AND POSITIONS OF CHLORINE SUBSTITUTION.  (THIS LISTING DOES NOT INCLUDE WASTEWATERS, WASTEWATER TREATMENT SLUDGE, SPENT CATALYSTS, AND WASTES LISTED IN SECTIONS 261.31. OR 261.32)",,4267,RCRAInfo
K111,PRODUCT WASHWATERS FROM THE PRODUCTION OF DINITROTOLUENE VIA NITRATION OF TOLUENE.,,4379,RCRAInfo
U083,"PROPANE, 1,2-DICHLORO- (OR) PROPYLENE DICHLORIDE",78-87-5,48750,RCRAInfo
K161,"PURIFICATION SOLIDS (INCLUDING FILTRATION, EVAPORATION, AND CENTRIFUGATION SOLIDS), BAG HOUSE DUST AND FLOOR SWEEPINGS FROM THE PRODUCTION OF DITHIOCARBAMATE ACIDS AND THEIR SALTS. (THIS LISTING DOES NOT INCLUDE K125 OR K126).",,4398,RCRAInfo
U196,PYRIDINE,,46949,RCRAInfo
D038,PYRIDINE,110-86-1,46949,RCRAInfo
F010,QUENCHING BATH RESIDUES FROM OIL BATHS FROM METAL HEAT TREATING OPERATIONS IN WHICH CYANIDES ARE USED IN THE PROCESS.,,4402,RCRAInfo
F012,QUENCHING WASTEWATER TREATMENT SLUDGES FROM METAL HEAT TREATING OPERATIONS IN WHICH CYANIDES ARE USED IN THE PROCESS.,,4273,RCRAInfo
W210,REACTIVE ORG. LIQUID,,,RCRAInfo
D003,REACTIVE WASTE,,79576,RCRAInfo
U200,"RESERPINE (OR) YOHIMBAN-16-CARBOXYLIC ACID, 11,17-DIMETHOXY-18-[(3,4,5-TRIMETHOXYBENZOYL)OXY]-, METHYL ESTER, (3BETA, 16BETA, 17ALPHA, 18BETA, 20ALPHA)-",50-55-5,49187,RCRAInfo
K148,"RESIDUES FROM COAL TAR DISTILLATION, INCLUDING, BUT NOT LIMITED TO, STILL BOTTOMS.",,4357,RCRAInfo
K178,RESIDUES FROM MANUFACTURING AND MANUFACTURING-SITE STORAGE OF FERRIC CHLORIDE FROM ACIDS FORMED DURING THE PRODUCTION OF TITANIUM DIOXIDE USING THE CHLORIDE-ILMENITE PROCESS.,,,RCRAInfo
K145,RESIDUES FROM NAPHTHALENE COLLECTION AND RECOVERY OPERATIONS FROM THE RECOVERY OF COKE BY-PRODUCTS PRODUCED FROM COAL.,,4359,RCRAInfo
W606,"RESINS, TAR SLUDGE",,,RCRAInfo
W512,SEDIMENT,,,RCRAInfo
U204,SELENIOUS ACID (OR) SELENIUM DIOXIDE,7783-00-8,87574,RCRAInfo
P114,"SELENIOUS ACID, DITHALLIUM (1+) SALT (OR) THALLIUM(I) SELENITE",15123-92-9,76823,RCRAInfo
D010,SELENIUM,7782-49-2,38145,RCRAInfo
U205,"SELENIUM SULFIDE (OR) SELENIUM SULFIDE SES2 (R,T)",7488-56-4,36642,RCRAInfo
K105,SEPARATED AQUEOUS STREAM FROM THE REACTOR PRODUCT WASHING STEP IN THE PRODUCTION OF CHLOROBENZENES.,,4336,RCRAInfo
D011,SILVER,7440-22-4,36986,RCRAInfo
P104,SILVER CYANIDE (OR) SILVER CYANIDE AG(CN),506-64-9,90020,RCRAInfo
K049,SLOP OIL EMULSION SOLIDS FROM THE PETROLEUM REFINING INDUSTRY.,,4322,RCRAInfo
P105,SODIUM AZIDE,26628-22-8,56116,RCRAInfo
P106,SODIUM CYANIDE (OR) SODIUM CYANIDE NA(CN),143-33-9,46498,RCRAInfo
W403,"SOLID RESINS, ETC.",,,RCRAInfo
W304,SOLID THERMAL RES.,,,RCRAInfo
W204,SOLVENT MIXTURE,,,RCRAInfo
K086,"SOLVENT WASHES AND SLUDGES, CAUSTIC WASHES AND SLUDGES, OR WATER WASHES AND SLUDGES FROM CLEANING TUBS AND EQUIPMENT USED IN THE FORMULATION OF INK FROM PIGMENTS, DRIERS, SOAPS, AND STABILIZERS CONTAINING CHROMIUM AND LEAD.",,4342,RCRAInfo
K132,SPENT ABSORBENT AND WASTEWATER SEPARATOR SOLIDS FROM THE PRODUCTION OF METHYL BROMIDE.,,4366,RCRAInfo
W103,SPENT ACID,,,RCRAInfo
K045,SPENT CARBON FROM THE TREATMENT OF WASTEWATER CONTAINING EXPLOSIVES.,,4326,RCRAInfo
F007,SPENT CYANIDE PLATING BATH SOLUTIONS FROM ELECTROPLATING OPERATIONS.,,4386,RCRAInfo
F011,SPENT CYANIDE SOLUTIONS FROM SLAT BATH POT CLEANING FROM METAL HEAT TREATING OPERATIONS.,,4274,RCRAInfo
W310,SPENT FILTERS,,,RCRAInfo
K172,"SPENT HYDROREFINING CATALYST FROM PETROLEUM REFINING OPERATIONS, INCLUDING GUARD BEDS USED TO DESULFURIZE FEEDS TO OTHER CATALYTIC REACTORS (THIS LISTING DOES NOT INCLUDE INERT SUPPORT MEDIA)",,4394,RCRAInfo
K171,"SPENT HYDROTREATING CATALYST FROM PETROLEUM REFINING OPERATIONS,INCLUDING GUARD BEDS USED TO DESULFURIZE FEEDS TO OTHER CATALYTIC REACTORS (THIS LISTING DOES NOT INCLUDE INERT SUPPORT MEDIA)",,4395,RCRAInfo
K062,SPENT PICKLE LIQUOR FROM STEEL FINISHING OPERATIONS OF PLANTS THAT PRODUCE IRON OR STEEL.,,4316,RCRAInfo
K088,SPENT POTLINERS FROM PRIMARY ALUMINUM REDUCTION.,,4352,RCRAInfo
F009,SPENT STRIPPING AND CLEANING BATH SOLUTIONS FROM ELECTROPLATING OPERATIONS IN WHICH CYANIDES ARE USED IN THE PROCESS.,,4384,RCRAInfo
W200,STILL BOTTOMS,,,RCRAInfo
K015,STILL BOTTOMS FROM THE DISTILLATION OF BENZYL CHLORIDE.,,4295,RCRAInfo
P108,"STRYCHNIDIN-10-ONE, & SALTS (OR) STRYCHNINE, & SALTS",,35866,RCRAInfo
P115,"SULFURIC ACID, DITHALLIUM (1+) SALT (OR) THALLIUM(I) SULFATE",7446-18-6,36797,RCRAInfo
K052,TANK BOTTOMS (LEADED) FROM THE PETROLEUM REFINING INDUSTRY.,,4319,RCRAInfo
K142,TANK STORAGE RESIDUES FROM THE PRODUCTION OF COKE FROM COAL OR FROM THE RECOVERY OF COKE BY-PRODUCTS FROM COAL.,,,RCRAInfo
K147,TAR STORAGE RESIDUES FROM COAL TAR REFINING.,,4358,RCRAInfo
D039,TETRACHLOROETHYLENE,127-18-4,46750,RCRAInfo
P109,"TETRAETHYLDITHIOPYROPHOSPHATE (OR) THIODIPHOSPHORIC ACID, TETRAETHYL ESTER",3689-24-5,91788,RCRAInfo
P113,THALLIC OXIDE (OR) THALLIUM OXIDE TL2O3,1314-32-5,42860,RCRAInfo
U216,THALLIUM CHLORIDE TLCL (OR) THALLIUM(I) CHLORIDE,7791-12-0,37471,RCRAInfo
F001,"THE FOLLOWING SPENT HALOGENATED SOLVENTS USED IN DEGREASING: TETRACHLOROETHYLENE, TRICHLORETHYLENE, METHYLENE CHLORIDE, 1,1,1-TRICHLOROETHANE, CARBON TETRACHLORIDE AND CHLORINATED FLUOROCARBONS; ALL SPENT SOLVENT MIXTURES/BLENDS USED IN DEGREASING CONTAINING, BEFORE USE, A TOTAL OF TEN PERCENT OR MORE (BY VOLUME) OF ONE OR MORE OF THE ABOVE HALOGENATED SOLVENTS OR THOSE SOLVENTS LISTED IN F002, F004, AND F005; AND STILL BOTTOMS FROM THE RECOVERY OF THESE SPENT SOLVENTS AND SPENT SOLVENT MIXTURES.",,4392,RCRAInfo
F002,"THE FOLLOWING SPENT HALOGENATED SOLVENTS: TETRACHLOROETHYLENE, METHYLENE CHLORIDE, TRICHLOROETHYLENE, 1,1,1-TRICHLOROETHANE, CHLOROBENZENE, 1,1,2-TRICHLORO-1,2,2-TRIFLUOROETHANE, ORTHO-DICHLOROBENZENE, TRICHLOROFLUOROMETHANE, AND 1,1,2, TRICHLOROETHANE; ALL SPENT SOLVENT MIXTURES/BLENDS CONTAINING, BEFORE USE, A TOTAL OF TEN PERCENT OR MORE (BY VOLUME) OF ONE OR MORE OF THE ABOVE HALOGENATED SOLVENTS OR THOSE SOLVENTS LISTED IN F001, F004, AND F005; AND STILL BOTTOMS FROM THE RECOVERY OF THESE SPENT SOLVENTS AND SPENT SOLVENT MIXTURES.",,4391,RCRAInfo
F004,"THE FOLLOWING SPENT NONHALOGENATED SOLVENTS: CRESOLS, CRESYLIC ACID, AND NITROBENZENE; AND THE STILL BOTTOMS FROM THE RECOVERY OF THESE SOLVENTS; ALL SPENT SOLVENT MIXTURES/BLENDS CONTAINING, BEFORE USE, A TOTAL OF TEN PERCENT OR MORE (BY VOLUME) OF ONE OR MORE OF THE ABOVE NONHALOGENATED SOLVENTS OR THOSE SOLVENTS LISTED IN F001, F002, AND F005; AND STILL BOTTOMS FROM THE RECOVERY OF THESE SPENT SOLVENTS AND SPENT SOLVENT MIXTURES.",,4389,RCRAInfo
F005,"THE FOLLOWING SPENT NONHALOGENATED SOLVENTS: TOLUENE, METHYL ETHYL KETONE, CARBON DISULFIDE, ISOBUTANOL, PYRIDINE, BENZENE, 2-ETHOXYETHANOL, AND 2-NITROPROPANE; ALL SPENT SOLVENT MIXTURES/BLENDS CONTAINING, BEFORE USE, A TOTAL OF TEN PERCENT OR MORE (BY VOLUME) OF ONE OR MORE OF THE ABOVE NONHALOGENATED SOLVENTS OR THOSE SOLVENTS LISTED IN F001, F002, OR F004; AND STILL BOTTOMS FROM THE RECOVERY OF THESE SPENT SOLVENTS AND SPENT SOLVENT MIXTURES.",,4388,RCRAInfo
F003,"THE FOLLOWING SPENT NONHALOGENATED SOLVENTS: XYLENE, ACETONE, ETHYL ACETATE, ETHYL BENZENE, ETHYL ETHER, METHYL ISOBUTYL KETONE, N-BUTYL ALCOHOL, CYCLOHEXANONE, AND METHANOL; ALL SPENT SOLVENT MIXTURES/BLENDS CONTAINING, BEFORE USE, ONLY THE ABOVE SPENT NONHALOGENATED SOLVENTS; AND ALL SPENT SOLVENT MIXTURES/BLENDS CONTAINING, BEFORE USE, ONE OR MORE OF THE ABOVE NONHALOGENATED SOLVENTS, AND A TOTAL OF TEN PERCENT OR MORE (BY VOLUME) OF ONE OR MORE OF THOSE SOLVENTS LISTED IN F001, F002, F004, AND F005; AND STILL BOTTOMS FROM THE RECOVERY OF THESE SPENT SOLVENTS AND SPENT SOLVENT MIXTURES.",,4390,RCRAInfo
U244,"THIOPEROXYDICARBONIC DIAMIDE [(H2N)C(S)]2S2, TETRAMETHYL- (OR) THIRAM",137-26-8,97821,RCRAInfo
U219,THIOUREA,62-56-6,89392,RCRAInfo
P123,TOXAPHENE,,,RCRAInfo
D015,"TOXAPHENE (C10 H10 CL8, TECHNICAL CHLORINATED CAMPHENE, 67-69 PERCENT CHLORINE)",8001-35-2,87298,RCRAInfo
D040,TRICHLORETHYLENE,79-01-6,48738,RCRAInfo
UNKN,UNKNOWN,,,RCRAInfo
K099,"UNTREATED WASTEWATER FROM THE PRODUCTION OF 2,4-D.",,4343,RCRAInfo
P120,VANADIUM OXIDE V2O5 (OR) VANADIUM PENTOXIDE,1314-62-1,42851,RCRAInfo
K114,VICINALS FROM THE PURIFICATION OF TOLUENEDIAMINE IN PRODUCTION OF TOLUENEDIAMINE VIA HYDROGENATION OF DINITROTOLUENE.,,4376,RCRAInfo
D043,VINYL CHLORIDE,75-01-4,48531,RCRAInfo
W206,WASTE OIL,,63019,RCRAInfo
W005,WASTE PHARMACEUTICAL,,,RCRAInfo
F022,"WASTES (EXCEPT WASTEWATER AND SPENT CARBON FROM HYDROGEN CHLORIDE PURIFICATION) FROM THE MANUFACTURING USE (AS A REACTANT, CHEMICAL INTERMEDIATE, OR COMPONENT IN A FORMULATING PROCESS) OF TETRA-, PENTA-, OR HEXACHLOROBENZENES UNDER ALKALINE CONDITIONS.",,4269,RCRAInfo
F026,"WASTES (EXCEPT WASTEWATER AND SPENT CARBON FROM HYDROGEN CHLORIDE PURIFICATION) FROM THE PRODUCTION OF MATERIALS ON EQUIPMENT PREVIOUSLY USED FOR THE MANUFACTURING USE (AS A REACTANT, CHEMICAL INTERMEDIATE, OR COMPONENT IN A FORMULATING PROCESS) OF TETRA-, PENTA-, OR HEXACHLOROBENZENE UNDER ALKALINE CONDITIONS.",,4265,RCRAInfo
F023,"WASTES (EXCEPT WASTEWATER AND SPENT CARBON FROM HYDROGEN CHLORIDE PURIFICATION) FROM THE PRODUCTION OF MATERIALS ON EQUIPMENT PREVIOUSLY USED FOR THE PRODUCTION OR MANUFACTURING USE (AS A REACTANT, CHEMICAL INTERMEDIATE, OR COMPONENT IN A FORMULATING PROCESS) OF TRI- AND TETRACHLOROPHENOLS.  (THIS LISTING DOES NOT INCLUDE WASTES FROM EQUIPMENT USED ONLY FOR THE PRODUCTION OR USE OF HEXACHLOROPHENE FROM HIGHLY PURIFIED 2,4,5-TRICHLOROPHENOL.)",,4268,RCRAInfo
F021,"WASTES (EXCEPT WASTEWATER AND SPENT CARBON FROM HYDROGEN CHLORIDE PURIFICATION) FROM THE PRODUCTION OR MANUFACTURING USE (AS A REACTANT, CHEMICAL INTERMEDIATE, OR COMPONENT IN A FORMULATING PROCESS) OF PENTACHLOROPHENOL, OR OF INTERMEDIATES USED TO PRODUCE DERIVATIVES.",,4270,RCRAInfo
F020,"WASTES (EXCEPT WASTEWATER AND SPENT CARBON FROM HYDROGEN CHLORIDE PURIFICATION) FROM THE PRODUCTION OR MANUFACTURING USE (AS A REACTANT, CHEMICAL INTERMEDIATE, OR COMPONENT IN A FORMULATING PROCESS) OF TRI- OR TETRACHLOROPHENOL OR OF INTERMEDIATES USED TO PRODUCE THEIR PESTICIDE DERIVATIVES.  (THIS LISTING DOES NOT INCLUDE WASTES FROM THE PRODUCTION OF HEXACHLOROPHENE FROM HIGHLY PURIFIED 2,4,5-TRICHLOROPHENOL.)",,4271,RCRAInfo
K117,WASTEWATER FROM THE REACTOR VENT GAS SCRUBBER IN THE PRODUCTION OF ETHYLENE DIBROMIDE VIA BROMINATION OF ETHENE.,,4373,RCRAInfo
K038,WASTEWATER FROM THE WASHING AND STRIPPING OF PHORATE PRODUCTION.,,4333,RCRAInfo
K144,"WASTEWATER SUMP RESIDUES FROM LIGHT OIL REFINING, INCLUDING, BUT NOT LIMITED TO, INTERCEPTING OR CONTAMINATION SUMP SLUDGES FROM THE RECOVERY OF COKE BY-PRODUCTS PRODUCED FROM COAL.",,4360,RCRAInfo
K106,WASTEWATER TREATMENT SLUDGE FROM THE MERCURY CELL PROCESS IN CHLORINE PRODUCTION.,,4354,RCRAInfo
K005,WASTEWATER TREATMENT SLUDGE FROM THE PRODUCTION OF CHROME GREEN PIGMENTS.,,4304,RCRAInfo
K006,WASTEWATER TREATMENT SLUDGE FROM THE PRODUCTION OF CHROME OXIDE GREEN PIGMENTS (ANHYDROUS AND HYDRATED).,,4303,RCRAInfo
K002,WASTEWATER TREATMENT SLUDGE FROM THE PRODUCTION OF CHROME YELLOW AND ORANGE PIGMENTS.,,4403,RCRAInfo
K007,WASTEWATER TREATMENT SLUDGE FROM THE PRODUCTION OF IRON BLUE PIGMENTS.,,4302,RCRAInfo
F006,"WASTEWATER TREATMENT SLUDGES FROM ELECTROPLATING OPERATIONS, EXCEPT FROM THE FOLLOWING PROCESSES: (1) SULFURIC ACID ANODIZING OF ALUMINUM; (2) TIN PLATING ON CARBON STEEL; (3) ZINC PLATING (SEGREGATED BASIS) ON CARBON STEEL; (4) ALUMINUM OR ZINC-ALUMINUM PLATING ON CARBON STEEL; (5) CLEANING/STRIPPING ASSOCIATED WITH TIN, ZINC, AND ALUMINUM PLATING ON CARBON STEEL; AND (6) CHEMICAL ETCHING AND MILLING OF ALUMINUM.",,4387,RCRAInfo
F019,"WASTEWATER TREATMENT SLUDGES FROM THE CHEMICAL CONVERSION COATING OF ALUMINUM, EXCEPT FROM ZIRCONIUM PHOSPHATING IN ALUMINUM CAN WASHING WHEN SUCH PHOSPHATING IS AN EXCLUSIVE CONVERSION COATING PROCESS.",,4272,RCRAInfo
K044,WASTEWATER TREATMENT SLUDGES FROM THE MANUFACTURING AND PROCESSING OF EXPLOSIVES.,,4327,RCRAInfo
K046,"WASTEWATER TREATMENT SLUDGES FROM THE MANUFACTURING, FORMULATION, AND LOADING OF LEAD-BASED INITIATING COMPOUNDS.",,4325,RCRAInfo
K037,WASTEWATER TREATMENT SLUDGES FROM THE PRODUCTION OF DISULFOTON.,,4334,RCRAInfo
K174,WASTEWATER TREATMENT SLUDGES FROM THE PRODUCTION OF ETHLYENE DICHLORIDE OR VINYL CHLORIDE,,4260,RCRAInfo
K035,WASTEWATER TREATMENT SLUDGES GENERATED IN THE PRODUCTION OF CREOSOTE.,,4306,RCRAInfo
K157,"WASTEWATERS (INCLUDING SCRUBBER WATERS, CONDENSER WATERS, WASHWATERS, AND SEPARATION WATERS) FROM THE PRODUCTION OF CARBAMATES AND CARBAMOYL OXIMES.",,4401,RCRAInfo
F032,"WASTEWATERS, PROCESS RESIDUALS, PRESERVATIVE DRIPPAGE, AND SPENT FORMULATIONS FROM WOOD PRESERVING PROCESSES GENERATED AT PLANTS THAT CURRENTLY USE, OR HAVE PREVIOUSLY USED, CHLOROPHENOLIC FORMULATIONS [EXCEPT POTENTIALLY CROSS-CONTAMINATED WASTES THAT HAVE HAD THE F032 WASTE CODE DELETED IN ACCORDANCE WITH SECTION 261.35 (I.E., THE NEWLY PROMULGATED EQUIPMENT CLEANING OR REPLACEMENT STANDARDS), AND WHERE THE GENERATOR DOES NOT RESUME OR INITIATE USE OF CHLOROPHENOLIC FORMULATIONS].  (THIS LISTING DOES NOT INCLUDE K001 BOTTOM SEDIMENT SLUDGE FROM THE TREATMENT OF WASTEWATER FROM WOOD PRESERVING PROCESSES THAT USE CREOSOTE AND/OR PENTACHLOROPHENOL.)",,4262,RCRAInfo
F034,"WASTEWATERS, PROCESS RESIDUALS, PRESERVATIVE DRIPPAGE, AND SPENT FORMULATIONS FROM WOOD PRESERVING PROCESSES GENERATED AT PLANTS THAT USE CREOSOTE FORMULATIONS.  THIS LISTING DOES NOT INCLUDE K001 BOTTOM SEDIMENT SLUDGE FROM THE TREATMENT OF WASTEWATER FROM WOOD PRESERVING PROCESSES THAT USE CREOSOTE AND/OR PENTACHLOROPHENOL.",,4409,RCRAInfo
F035,"WASTEWATERS, PROCESS RESIDUALS, PRESERVATIVE DRIPPAGE, AND SPENT FORMULATIONS FROM WOOD PRESERVING PROCESSES GENERATED AT PLANTS THAT USE INORGANIC PRESERVATIVES CONTAINING ARSENIC OR CHROMIUM.  THIS LISTING DOES NOT INCLUDE K001 BOTTOM SEDIMENT SLUDGE FROM THE TREATMENT OF WASTEWATER FROM WOOD PRESERVING PROCESSES THAT USE CREOSOTE AND/OR PENTACHLOROPHENOL.",,4408,RCRAInfo
P121,ZINC CYANIDE (OR) ZINC CYANIDE ZN(CN)2,557-21-1,45368,RCRAInfo
P122,"ZINC PHOSPHIDE ZN3P2, WHEN PRESENT AT CONCENTRATIONS GREATER THAN 10% (R,T)",,42847,RCRAInfo
U249,"ZINC PHOSPHIDE ZN3P2, WHEN PRESENT AT CONCENTRATIONS OF 10% OR LESS",1314-84-7,42847,RCRAInfo
P205,"ZINC, BIS(DIMETHYLCARBAMODITHIOATO-S,S')-, (OR) ZIRAM",137-30-4,97820,RCRAInfo
U021,"[1,1'-BIPHENYL]-4,4'-DIAMINE (OR) BENZIDINE",92-87-5,48195,RCRAInfo
U091,"[1,1'-BIPHENYL]-4,4'-DIAMINE, 3,3'-DIMETHOXY- (OR) 3,3'-DIMETHOXYBENZIDINE",119-90-4,47040,RCRAInfo
U095,"[1,1'-BIPHENYL]-4,4'-DIAMINE, 3,3'-DIMETHYL- (OR) 3,3'-DIMETHYLBENZIDINE",119-93-7,95217,RCRAInfo
U207,"1,2,4,5-TETRACHLOROBENZENE (OR) BENZENE, 1,2,4,5-TETRACHLORO-",95-94-3,47720,RCRAInfo
P067,"1,2-PROPYLENIMINE (OR) AZIRIDINE, 2-METHYL-",75-55-8,87885,RCRAInfo
U085,"1,2:3,4-DIEPOXYBUTANE (I,T) (OR) 2,2'-BIOXIRANE",1464-53-5,97651,RCRAInfo
U128,"1,3-BUTADIENE, 1,1,2,3,4,4-HEXACHLORO- (OR) HEXACHLOROBUTADIENE",,,RCRAInfo
U237,"2,4-(1H,3H)-PYRIMIDINEDIONE, 5-[BIS(2-CHLOROETHYL)AMINO]- (OR) URACIL MUSTARD",66-75-1,88781,RCRAInfo
U082,"2,6-DICHLOROPHENOL (OR) PHENOL, 2,6-DICHLORO-",87-65-0,48417,RCRAInfo
U143,"2-BUTENOIC ACID, 2-METHYL-, 7-[[2,3-DIHYDROXY-2-(1-METHOXYETHYL)-3-METHYL-1-OXOBUTOXY]METHYL]-2,3,5,7A-TETRAHYDRO-1H-PYRROLIZIN-1-YL ESTER, [1S-[1ALPHA(Z), 7(2S*,3R*), 7AALPHA]]- (OR) LASIOCARPINE",303-34-4,91826,RCRAInfo
P057,"ACETAMIDE, 2-FLUORO- (OR) FLUOROACETAMIDE",640-19-7,44824,RCRAInfo
K060,AMMONIA STILL LIME SLUDGE FROM COKING OPERATIONS.,,4318,RCRAInfo
U023,"BENZENE, (TRICHLOROMETHYL)- (OR) BENZOTRICHLORIDE (C,R,T)",98-07-7,87374,RCRAInfo
U038,"BENZENEACETIC ACID, 4-CHLORO-ALPHA-(4-CHLOROPHENYL)-ALPHA-HYDROXY-, ETHYL ESTER (OR) CHLOROBENZILATE",510-15-6,46053,RCRAInfo
U047,"BETA-CHLORONAPHTHALENE (OR) NAPHTHALENE, 2-CHLORO-",91-58-7,48260,RCRAInfo
U372,"CARBAMIC ACID, 1H-BENZIMIDAZOL-2-YL, METHYL ESTER (OR) CARBENDAZIM",10605-21-7,38840,RCRAInfo
U050,CHRYSENE,218-01-9,93021,RCRAInfo
P031,CYANOGEN (OR) ETHANEDINITRILE,460-19-5,45894,RCRAInfo
U063,"DIBENZ[A,H]ANTHRACENE",53-70-3,49154,RCRAInfo
U124,FURAN (I) (OR) FURFURAN (I),110-00-9,47712,RCRAInfo
K018,HEAVY ENDS FROM THE FRACTIONATION COLUMN IN ETHYL CHLORIDE PRODUCTION.,,4292,RCRAInfo
D033,HEXACHLOROBUTADIENE,87-68-3,48415,RCRAInfo
U137,"INDENO[1,2,3-CD]PYRENE",193-39-5,46349,RCRAInfo
P074,NICKEL CYANIDE (OR) NICKEL CYANIDE NI(CN)2,557-19-7,45370,RCRAInfo
K181,Nonwastewaters from the production of dyes and/or pigments.,,101897,RCRAInfo
K131,WASTEWATER FROM THE REACTOR AND SPENT SULFURIC ACID FROM THE ACID DRYER FROM THE PRODUCTION OF METHYL BROMIDE.,,4367,RCRAInfo
U099,"1,2-DIMETHYLHYDRAZINE (OR) HYDRAZINE, 1,2-DIPHENYL-",540-73-8,45534,RCRAInfo
U141,"1,3-BENZODIOXOLE, 5-(1-PROPENYL)- (OR) ISOSAFROLE",120-58-1,47016,RCRAInfo
P045,"2-BUTANONE, 3,3-DIMETHYL-1-(METHYLTHIO)-, O-[METHYLAMINO)CARBONYL] OXIME (OR) THIOFANOX",39196-18-4,94102,RCRAInfo
P047,"4,6-DINITRO-O-CRESOL, & SALTS (OR) PHENOL, 2-METHYL-4,6-DINITRO-, & SALTS",,35851,RCRAInfo
P059,"4,7-METHANO-1H-INDENE, 1,4,5,6,7,8,8-HEPTACHLORO-3A,4,7,7A-TETRAHYDRO- (OR) HEPTACHLOR",76-44-8,87744,RCRAInfo
U030,"4-BROMOPHENYL PHENYL ETHER (OR) BENZENE, 1-BROMO-4-PHENOXY-",101-55-3,47835,RCRAInfo
U017,"BENZAL CHLORIDE (OR) BENZENE, (DICHLOROMETHYL)-",98-87-3,87272,RCRAInfo
U222,"BENZENAMINE, 2-METHYL-, HYDROCHLORIDE (OR) O-TOLUIDINE HYDROCHLORIDE",636-21-5,44525,RCRAInfo
U060,"BENZENE, 1,1'-(2,2-DICHLOROETHYLIDENE)BIS[4-CHLORO- (OR) DDD",72-54-8,48558,RCRAInfo
U064,"BENZO[RST]PENTAPHENE (OR) DIBENZO[A,I]PYRENE",189-55-9,46354,RCRAInfo
U026,"CHLORNAPHAZIN (OR) NAPHTHALENAMINE, N,N'-BIS(2-CHLOROETHYL)-",494-03-1,45791,RCRAInfo
P111,"DIPHOSPHORIC ACID, TETRAETHYL ESTER (OR) TETRAETHYL PYROPHOSPHATE",107-49-3,47461,RCRAInfo
P065,"FULMINIC ACID, MERCURY(2+) SALT (R,T) (OR) MERCURY FULMINATE (R,T)",628-86-4,89176,RCRAInfo
K020,HEAVY ENDS FROM THE DISTILLATION OF VINYL CHLORIDE IN VINYL CHLORIDE MONOMER PRODUCTION.,,4290,RCRAInfo
U145,"LEAD PHOSPHATE (OR) PHOSPHORIC ACID, LEAD(2+) SALT (2:3)",7446-27-7,36793,RCRAInfo
U179,"N-NITROSOPIPERIDINE (OR) PIPERIDINE, 1-NITROSO-",100-75-4,47866,RCRAInfo
K047,PINK/RED WATER FROM TNT OPERATIONS.,,4324,RCRAInfo
K103,PROCESS RESIDUES FROM ANILINE EXTRACTION FROM THE PRODUCTION OF ANILINE.,,4338,RCRAInfo
P103,SELENOUREA,630-10-4,44568,RCRAInfo
K041,WASTEWATER TREATMENT SLUDGE FROM THE PRODUCTION OF TOXAPHENE.,,4330,RCRAInfo
K004,WASTEWATER TREATMENT SLUDGE FROM THE PRODUCTION OF ZINC YELLOW PIGMENTS.,,4305,RCRAInfo
354110,"1,1,1,2-TETRACHLORO-2-FLUOROETHANE",354-11-0,92334,TRI
630206,"1,1,1,2-TETRACHLOROETHANE",630-20-6,44565,TRI
71556,"1,1,1-TRICHLOROETHANE",71-55-6,48567,TRI
79345,"1,1,2,2-TETRACHLOROETHANE",79-34-5,48715,TRI
79005,"1,1,2-TRICHLOROETHANE",79-00-5,48739,TRI
1717006,"1,1-DICHLORO-1-FLUOROETHANE",1717-00-6,40976,TRI
57147,"1,1-DIMETHYL HYDRAZINE",57-14-7,48940,TRI
96184,"1,2,3-TRICHLOROPROPANE",96-18-4,48142,TRI
120821,"1,2,4-TRICHLOROBENZENE",120-82-1,47007,TRI
95636,"1,2,4-TRIMETHYLBENZENE",95-63-6,47743,TRI
106887,"1,2-BUTYLENE OXIDE",106-88-7,47498,TRI
96128,"1,2-DIBROMO-3-CHLOROPROPANE",96-12-8,48146,TRI
106934,"1,2-DIBROMOETHANE",106-93-4,47495,TRI
354234,"1,2-DICHLORO-1,1,2-TRIFLUOROETHANE",354-23-4,46471,TRI
1649087,"1,2-DICHLORO-1,1-DIFLUOROETHANE",1649-08-7,41379,TRI
95501,"1,2-DICHLOROBENZENE",95-50-1,47750,TRI
107062,"1,2-DICHLOROETHANE",107-06-2,47485,TRI
540590,"1,2-DICHLOROETHYLENE",540-59-0,45537,TRI
78875,"1,2-DICHLOROPROPANE",78-87-5,48750,TRI
122667,"1,2-DIPHENYLHYDRAZINE",122-66-7,47248,TRI
95545,"1,2-PHENYLENEDIAMINE",95-54-5,47747,TRI
106990,"1,3-BUTADIENE",106-99-0,47490,TRI
507551,"1,3-DICHLORO-1,1,2,2,3-PENTAFLUOROPROPANE",507-55-1,90007,TRI
541731,"1,3-DICHLOROBENZENE",541-73-1,91424,TRI
542756,"1,3-DICHLOROPROPYLENE",542-75-6,45499,TRI
108452,"1,3-PHENYLENEDIAMINE",108-45-2,96450,TRI
764410,"1,4-DICHLORO-2-BUTENE",764-41-0,44180,TRI
106467,"1,4-DICHLOROBENZENE",106-46-7,47524,TRI
123911,"1,4-DIOXANE",123-91-1,46821,TRI
4080313,"1-(3-CHLOROALLYL)-3,5,7-TRIAZA-1-AZONIAADAMANTANE CHLORIDE",4080-31-3,93988,TRI
354256,"1-CHLORO-1,1,2,2-TETRAFLUOROETHANE",354-25-6,46470,TRI
75683,"1-CHLORO-1,1-DIFLUOROETHANE",75-68-3,48914,TRI
3296900,"2,2-BIS(BROMOMETHYL)-1,3-PROPANEDIOL",3296-90-0,93124,TRI
306832,"2,2-DICHLORO-1,1,1-TRIFLUOROETHANE",306-83-2,46265,TRI
78886,"2,3-DICHLOROPROPENE",78-88-6,48749,TRI
95954,"2,4,5-TRICHLOROPHENOL",95-95-4,47719,TRI
88062,"2,4,6-TRICHLOROPHENOL",88-06-2,48401,TRI
94757,"2,4-D",94-75-7,48475,TRI
53404378,"2,4-D 2-ETHYL-4-METHYLPENTYL ESTER",53404-37-8,88754,TRI
1928434,"2,4-D 2-ETHYLHEXYL ESTER",1928-43-4,91753,TRI
1929733,"2,4-D BUTOXYETHYL ESTER",1929-73-3,40126,TRI
94804,"2,4-D BUTYL ESTER",94-80-4,48472,TRI
2971382,"2,4-D CHLOROCROTYL ESTER",2971-38-2,92032,TRI
94111,"2,4-D ISOPROPYL ESTER",94-11-1,87668,TRI
1320189,"2,4-D PROPYLENE GLYCOL BUTYL ETHER ESTER",1320-18-9,43223,TRI
2702729,"2,4-D SODIUM SALT",2702-72-9,42746,TRI
95807,"2,4-DIAMINOTOLUENE",95-80-7,47729,TRI
120832,"2,4-DICHLOROPHENOL",120-83-2,94933,TRI
105679,"2,4-DIMETHYLPHENOL",105-67-9,96968,TRI
51285,"2,4-DINITROPHENOL",51-28-5,49177,TRI
121142,"2,4-DINITROTOLUENE",121-14-2,46998,TRI
541537,"2,4-DITHIOBIURET",541-53-7,45519,TRI
120365,"2,4-DP",120-36-5,47026,TRI
606202,"2,6-DINITROTOLUENE",606-20-2,90476,TRI
53963,2-ACETYLAMINOFLUORENE,53-96-3,49152,TRI
2837890,"2-CHLORO-1,1,1,2-TETRAFLUOROETHANE",2837-89-0,41686,TRI
75887,"2-CHLORO-1,1,1-TRIFLUOROETHANE",75-88-7,48896,TRI
110805,2-ETHOXYETHANOL,110-80-5,47661,TRI
149304,2-MERCAPTOBENZOTHIAZOLE,149-30-4,46403,TRI
109864,2-METHOXYETHANOL,109-86-4,47321,TRI
75865,2-METHYLLACTONITRILE,75-86-5,48898,TRI
109068,2-METHYLPYRIDINE,109-06-8,47369,TRI
88755,2-NITROPHENOL,88-75-5,88124,TRI
79469,2-NITROPROPANE,79-46-9,48708,TRI
90437,2-PHENYLPHENOL,90-43-7,48299,TRI
91941,"3,3'-DICHLOROBENZIDINE",91-94-1,48246,TRI
612839,"3,3'-DICHLOROBENZIDINE DIHYDROCHLORIDE",612-83-9,90122,TRI
119904,"3,3'-DIMETHOXYBENZIDINE",119-90-4,47040,TRI
20325400,"3,3'-DIMETHOXYBENZIDINE DIHYDROCHLORIDE",20325-40-0,94314,TRI
119937,"3,3'-DIMETHYLBENZIDINE",119-93-7,95217,TRI
422560,"3,3-DICHLORO-1,1,1,2,2-PENTAFLUOROPROPANE",422-56-0,93855,TRI
460355,"3-CHLORO-1,1,1-TRIFLUOROPROPANE",460-35-5,45893,TRI
563473,3-CHLORO-2-METHYL-1-PROPENE,563-47-3,45666,TRI
542767,3-CHLOROPROPIONITRILE,542-76-7,45498,TRI
55406536,3-IODO-2-PROPYNYL BUTYLCARBAMATE,55406-53-6,49728,TRI
101804,"4,4'-DIAMINODIPHENYL ETHER",101-80-4,47821,TRI
80057,"4,4'-ISOPROPYLIDENEDIPHENOL",80-05-7,48694,TRI
101144,"4,4'-METHYLENEBIS(2-CHLOROANILINE)",101-14-4,47850,TRI
101779,"4,4'-METHYLENEDIANILINE",101-77-9,47823,TRI
534521,"4,6-DINITRO-O-CRESOL",534-52-1,45599,TRI
92671,4-AMINOBIPHENYL,92-67-1,87829,TRI
60117,4-DIMETHYLAMINOAZOBENZENE,60-11-7,49098,TRI
100027,4-NITROPHENOL,100-02-7,47917,TRI
71751412,ABAMECTIN,71751-41-2,63892,TRI
30560191,ACEPHATE,30560-19-1,58753,TRI
75070,ACETALDEHYDE,75-07-0,48526,TRI
60355,ACETAMIDE,60-35-5,49089,TRI
75058,ACETONITRILE,75-05-8,48527,TRI
98862,ACETOPHENONE,98-86-2,47967,TRI
62476599,"ACIFLUORFEN, SODIUM SALT",62476-59-9,89542,TRI
107028,ACROLEIN,107-02-8,47488,TRI
79061,ACRYLAMIDE,79-06-1,48733,TRI
79107,ACRYLIC ACID,79-10-7,48729,TRI
107131,ACRYLONITRILE,107-13-1,47480,TRI
15972608,ALACHLOR,15972-60-8,60955,TRI
116063,ALDICARB,116-06-3,47144,TRI
309002,ALDRIN,309-00-2,46257,TRI
107186,ALLYL ALCOHOL,107-18-6,47477,TRI
107051,ALLYL CHLORIDE,107-05-1,47486,TRI
107119,ALLYLAMINE,107-11-9,96702,TRI
134327,ALPHA-NAPHTHYLAMINE,,46621,TRI
7429905,ALUMINUM (FUME OR DUST),7429-90-5,37021,TRI
1344281,ALUMINUM OXIDE (FIBROUS FORMS),1344-28-1,42955,TRI
20859738,ALUMINUM PHOSPHIDE,20859-73-8,57599,TRI
834128,AMETRYN,834-12-8,43683,TRI
61825,AMITROLE,61-82-5,49075,TRI
7664417,AMMONIA,7664-41-7,38644,TRI
101053,ANILAZINE,101-05-3,94747,TRI
62533,ANILINE,62-53-3,49067,TRI
120127,ANTHRACENE,120-12-7,95212,TRI
7440360,ANTIMONY,7440-36-0,36975,TRI
N010,ANTIMONY COMPOUNDS,,35865,TRI
7440382,ARSENIC,7440-38-2,36973,TRI
N020,ARSENIC COMPOUNDS,,35920,TRI
1332214,ASBESTOS (FRIABLE),1332-21-4,16369,TRI
1912249,ATRAZINE,1912-24-9,91913,TRI
7440393,BARIUM,7440-39-3,36972,TRI
N040,BARIUM COMPOUNDS,,35919,TRI
22781233,BENDIOCARB,22781-23-3,56467,TRI
1861401,BENFLURALIN,1861-40-1,92106,TRI
17804352,BENOMYL,17804-35-2,36086,TRI
98873,BENZAL CHLORIDE,98-87-3,87272,TRI
71432,BENZENE,71-43-2,98385,TRI
92875,BENZIDINE,92-87-5,48195,TRI
191242,"BENZO(G,H,I)PERYLENE",191-24-2,91912,TRI
98077,BENZOIC TRICHLORIDE,98-07-7,87374,TRI
98884,BENZOYL CHLORIDE,98-88-4,47966,TRI
94360,BENZOYL PEROXIDE,94-36-0,48495,TRI
100447,BENZYL CHLORIDE,100-44-7,94767,TRI
7440417,BERYLLIUM,7440-41-7,36837,TRI
N050,BERYLLIUM COMPOUNDS,,35863,TRI
91598,BETA-NAPHTHYLAMINE,,48259,TRI
82657043,BIFENTHRIN,82657-04-3,85911,TRI
92524,BIPHENYL,92-52-4,48214,TRI
108601,BIS(2-CHLORO-1-METHYLETHYL) ETHER,108-60-1,47402,TRI
111911,BIS(2-CHLOROETHOXY)METHANE,111-91-1,96048,TRI
111444,BIS(2-CHLOROETHYL) ETHER,111-44-4,46914,TRI
542881,BIS(CHLOROMETHYL) ETHER,542-88-1,45495,TRI
10294345,BORON TRICHLORIDE,10294-34-5,39059,TRI
7637072,BORON TRIFLUORIDE,7637-07-2,38667,TRI
314409,BROMACIL,314-40-9,46247,TRI
7726956,BROMINE,7726-95-6,38476,TRI
353593,BROMOCHLORODIFLUOROMETHANE,353-59-3,92341,TRI
75252,BROMOFORM,75-25-2,48938,TRI
74839,BROMOMETHANE,74-83-9,48547,TRI
75638,BROMOTRIFLUOROMETHANE,75-63-8,48917,TRI
1689845,BROMOXYNIL,1689-84-5,41164,TRI
1689992,BROMOXYNIL OCTANOATE,1689-99-2,41163,TRI
357573,BRUCINE,357-57-3,92161,TRI
141322,BUTYL ACRYLATE,141-32-2,46147,TRI
123728,BUTYRALDEHYDE,123-72-8,94699,TRI
28407376,C.I. DIRECT BLUE 218,28407-37-6,92583,TRI
492808,C.I. SOLVENT YELLOW 34,492-80-8,45801,TRI
7440439,CADMIUM,7440-43-9,36835,TRI
N078,CADMIUM COMPOUNDS,,35862,TRI
156627,CALCIUM CYANAMIDE,156-62-7,46361,TRI
133062,CAPTAN,133-06-2,46639,TRI
63252,CARBARYL,63-25-2,49061,TRI
1563662,CARBOFURAN,1563-66-2,41800,TRI
75150,CARBON DISULFIDE,75-15-0,48521,TRI
56235,CARBON TETRACHLORIDE,56-23-5,48965,TRI
463581,CARBONYL SULFIDE,463-58-1,45878,TRI
5234684,CARBOXIN,5234-68-4,42241,TRI
120809,CATECHOL,120-80-9,47008,TRI
N230,CERTAIN GLYCOL ETHERS,,35893,TRI
57749,CHLORDANE,57-74-9,49134,TRI
90982324,CHLORIMURON ETHYL,90982-32-4,87979,TRI
7782505,CHLORINE,7782-50-5,38144,TRI
10049044,CHLORINE DIOXIDE,10049-04-4,39291,TRI
79118,CHLOROACETIC ACID,79-11-8,48728,TRI
108907,CHLOROBENZENE,108-90-7,47379,TRI
510156,CHLOROBENZILATE,510-15-6,46053,TRI
75456,CHLORODIFLUOROMETHANE,75-45-6,48927,TRI
75003,CHLOROETHANE,75-00-3,48532,TRI
67663,CHLOROFORM,67-66-3,49020,TRI
74873,CHLOROMETHANE,74-87-3,48543,TRI
107302,CHLOROMETHYL METHYL ETHER,107-30-2,47472,TRI
N084,CHLOROPHENOLS,1336-35-2,82789,TRI
76062,CHLOROPICRIN,76-06-2,87860,TRI
126998,CHLOROPRENE,126-99-8,46756,TRI
1897456,CHLOROTHALONIL,1897-45-6,40313,TRI
75729,CHLOROTRIFLUOROMETHANE,75-72-9,48911,TRI
64902723,CHLORSULFURON,64902-72-3,89687,TRI
7440473,CHROMIUM,7440-47-3,36831,TRI
N090,CHROMIUM COMPOUNDS(EXCEPT CHROMITE ORE MINED IN THE TRANSVAAL REGION),,35917,TRI
7440484,COBALT,7440-48-4,36830,TRI
N096,COBALT COMPOUNDS,,35860,TRI
7440508,COPPER,7440-50-8,36829,TRI
N100,COPPER COMPOUNDS,,35897,TRI
8001589,CREOSOTE,8001-58-9,16148,TRI
1319773,CRESOL (MIXED ISOMERS),1319-77-3,43230,TRI
4170303,CROTONALDEHYDE,4170-30-3,40185,TRI
98828,CUMENE,98-82-8,47969,TRI
80159,CUMENE HYDROPEROXIDE,80-15-9,87190,TRI
21725462,CYANAZINE,21725-46-2,93027,TRI
N106,CYANIDE COMPOUNDS,,35859,TRI
110827,CYCLOHEXANE,110-82-7,47659,TRI
108930,CYCLOHEXANOL,108-93-0,47377,TRI
533744,DAZOMET,533-74-4,45614,TRI
1163195,DECABROMODIPHENYL OXIDE,1163-19-5,95770,TRI
13684565,DESMEDIPHAM,13684-56-5,36428,TRI
117817,DI(2-ETHYLHEXYL) PHTHALATE,117-81-7,95501,TRI
2303164,DIALLATE,2303-16-4,41313,TRI
25376458,DIAMINOTOLUENE (MIXED ISOMERS),25376-45-8,56189,TRI
333415,DIAZINON,333-41-5,46209,TRI
132649,DIBENZOFURAN,132-64-9,46646,TRI
124732,DIBROMOTETRAFLUOROETHANE,124-73-2,46787,TRI
84742,DIBUTYL PHTHALATE,84-74-2,48873,TRI
1918009,DICAMBA,1918-00-9,40140,TRI
25321226,DICHLOROBENZENE (MIXED ISOMERS),25321-22-6,56401,TRI
75274,DICHLOROBROMOMETHANE,75-27-4,48936,TRI
75718,DICHLORODIFLUOROMETHANE,75-71-8,48912,TRI
75434,DICHLOROFLUOROMETHANE,75-43-4,48928,TRI
75092,DICHLOROMETHANE,75-09-2,48524,TRI
127564925,DICHLOROPENTAFLUOROPROPANE,127564-92-5,84757,TRI
76142,DICHLOROTETRAFLUOROETHANE (CFC-114),,48831,TRI
76142,DICHLOROTETRAFLUOROETHANE (CFC-114),,48831,TRI
34077877,DICHLOROTRIFLUOROETHANE,34077-87-7,55071,TRI
62737,DICHLORVOS,62-73-7,89211,TRI
77736,DICYCLOPENTADIENE,77-73-6,48803,TRI
1464535,DIEPOXYBUTANE,1464-53-5,97651,TRI
111422,DIETHANOLAMINE,111-42-2,46916,TRI
64675,DIETHYL SULFATE,64-67-5,49050,TRI
101906,DIGLYCIDYL RESORCINOL ETHER,101-90-6,47813,TRI
94586,DIHYDROSAFROLE,94-58-6,48488,TRI
N120,DIISOCYANATES,,35885,TRI
55290647,DIMETHIPIN,55290-64-7,49851,TRI
60515,DIMETHOATE,60-51-5,90490,TRI
131113,DIMETHYL PHTHALATE,131-11-3,97998,TRI
77781,DIMETHYL SULFATE,77-78-1,48799,TRI
124403,DIMETHYLAMINE,124-40-3,46794,TRI
2300665,DIMETHYLAMINE DICAMBA,2300-66-5,41316,TRI
79447,DIMETHYLCARBAMYL CHLORIDE,79-44-7,48709,TRI
88857,DINITROBUTYL PHENOL,88-85-7,88121,TRI
25321146,DINITROTOLUENE (MIXED ISOMERS),25321-14-6,91492,TRI
N150,DIOXIN AND DIOXIN-LIKE COMPOUNDS,,35957,TRI
122394,DIPHENYLAMINE,122-39-4,47259,TRI
2164070,DIPOTASSIUM ENDOTHALL,2164-07-0,41765,TRI
136458,DIPROPYL ISOCINCHOMERONATE,136-45-8,46580,TRI
330541,DIURON,330-54-1,46215,TRI
106898,EPICHLOROHYDRIN,106-89-8,96714,TRI
13194484,ETHOPROP,13194-48-4,97974,TRI
140885,ETHYL ACRYLATE,140-88-5,97768,TRI
541413,ETHYL CHLOROFORMATE,541-41-3,91429,TRI
759944,ETHYL DIPROPYLTHIOCARBAMATE,759-94-4,44205,TRI
100414,ETHYLBENZENE,100-41-4,94770,TRI
74851,ETHYLENE,74-85-1,48545,TRI
107211,ETHYLENE GLYCOL,107-21-1,47475,TRI
75218,ETHYLENE OXIDE,75-21-8,48517,TRI
96457,ETHYLENE THIOUREA,96-45-7,48129,TRI
N171,"ETHYLENEBISDITHIOCARBAMIC ACID, SALTS AND ESTERS",,35868,TRI
151564,ETHYLENEIMINE,151-56-4,46377,TRI
75343,ETHYLIDENE DICHLORIDE,75-34-3,48932,TRI
7782414,FLUORINE,7782-41-4,38148,TRI
51218,FLUOROURACIL,51-21-8,89828,TRI
133073,FOLPET,133-07-3,97937,TRI
72178020,FOMESAFEN,72178-02-0,63875,TRI
50000,FORMALDEHYDE,50-00-0,49201,TRI
64186,FORMIC ACID,64-18-6,49053,TRI
76131,FREON 113,76-13-1,48832,TRI
110009,FURAN,110-00-9,47712,TRI
556525,GLYCIDOL,556-52-5,90176,TRI
76448,HEPTACHLOR,76-44-8,87744,TRI
87683,"HEXACHLORO-1,3-BUTADIENE",87-68-3,48415,TRI
118741,HEXACHLOROBENZENE,118-74-1,95480,TRI
77474,HEXACHLOROCYCLOPENTADIENE,77-47-4,48812,TRI
67721,HEXACHLOROETHANE,67-72-1,49017,TRI
70304,HEXACHLOROPHENE,70-30-4,87232,TRI
51235042,HEXAZINONE,51235-04-2,55696,TRI
67485294,HYDRAMETHYLNON,67485-29-4,73866,TRI
302012,HYDRAZINE,302-01-2,46284,TRI
7647010,"HYDROCHLORIC ACID (1995 AND AFTER ""ACID AEROSOLS"" ONLY)",,38657,TRI
7647010,"HYDROCHLORIC ACID (1995 AND AFTER ""ACID AEROSOLS"" ONLY)",,38657,TRI
74908,HYDROGEN CYANIDE,74-90-8,48540,TRI
7664393,HYDROGEN FLUORIDE,7664-39-3,87730,TRI
123319,HYDROQUINONE,123-31-9,47211,TRI
13463406,IRON PENTACARBONYL,13463-40-6,60585,TRI
78842,ISOBUTYRALDEHYDE,78-84-2,48752,TRI
465736,ISODRIN,465-73-6,90776,TRI
78795,ISOPRENE,78-79-5,48755,TRI
120581,ISOSAFROLE,120-58-1,47016,TRI
77501634,LACTOFEN,77501-63-4,62968,TRI
7439921,LEAD,7439-92-1,37012,TRI
N420,LEAD COMPOUNDS,,35857,TRI
58899,LINDANE,58-89-9,49118,TRI
330552,LINURON,330-55-2,93118,TRI
554132,LITHIUM CARBONATE,554-13-2,90347,TRI
108394,M-CRESOL,108-39-4,47414,TRI
99650,M-DINITROBENZENE,99-65-0,47935,TRI
108383,M-XYLENE,108-38-3,96452,TRI
121755,MALATHION,121-75-5,46970,TRI
108316,MALEIC ANHYDRIDE,108-31-6,47417,TRI
109773,MALONONITRILE,109-77-3,47330,TRI
12427382,MANEB,12427-38-2,62227,TRI
7439965,MANGANESE,7439-96-5,37008,TRI
N450,MANGANESE COMPOUNDS,,35856,TRI
93652,MECOPROP,93-65-2,48156,TRI
7439976,MERCURY,7439-97-6,37007,TRI
N458,MERCURY COMPOUNDS,,35797,TRI
126987,METHACRYLONITRILE,126-98-7,46757,TRI
137428,METHAM SODIUM,137-42-8,97819,TRI
67561,METHANOL,67-56-1,49023,TRI
94746,METHOXONE,94-74-6,48476,TRI
3653483,METHOXONE SODIUM SALT,3653-48-3,41446,TRI
72435,METHOXYCHLOR,72-43-5,48560,TRI
96333,METHYL ACRYLATE,96-33-3,48133,TRI
79221,METHYL CHLOROCARBONATE,79-22-1,48721,TRI
60344,METHYL HYDRAZINE,60-34-4,49090,TRI
74884,METHYL IODIDE,74-88-4,48542,TRI
108101,METHYL ISOBUTYL KETONE,108-10-1,47428,TRI
624839,METHYL ISOCYANATE,624-83-9,44702,TRI
80626,METHYL METHACRYLATE,80-62-6,48666,TRI
298000,METHYL PARATHION,298-00-0,92019,TRI
1634044,METHYL TERT-BUTYL ETHER,1634-04-4,41401,TRI
74953,METHYLENE BROMIDE,74-95-3,48537,TRI
21087649,METRIBUZIN,21087-64-9,93379,TRI
MIXTURE,MIXTURE,,137414,TRI
1313275,MOLYBDENUM TRIOXIDE,1313-27-5,42882,TRI
76153,MONOCHLOROPENTAFLUOROETHANE,76-15-3,87758,TRI
88671890,MYCLOBUTANIL,88671-89-0,86172,TRI
121697,"N,N-DIMETHYLANILINE",121-69-7,94909,TRI
68122,"N,N-DIMETHYLFORMAMIDE",68-12-2,49011,TRI
71363,N-BUTYL ALCOHOL,71-36-3,48572,TRI
110543,N-HEXANE,110-54-3,47684,TRI
872504,N-METHYL-2-PYRROLIDONE,872-50-4,44051,TRI
924425,N-METHYLOLACRYLAMIDE,924-42-5,43925,TRI
759739,N-NITROSO-N-ETHYLUREA,759-73-9,44206,TRI
684935,N-NITROSO-N-METHYLUREA,684-93-5,44334,TRI
621647,N-NITROSODI-N-PROPYLAMINE,621-64-7,44785,TRI
86306,N-NITROSODIPHENYLAMINE,86-30-6,48460,TRI
4549400,N-NITROSOMETHYLVINYLAMINE,4549-40-0,93674,TRI
100754,N-NITROSOPIPERIDINE,100-75-4,47866,TRI
142596,NABAM,142-59-6,46109,TRI
300765,NALED,300-76-5,46292,TRI
91203,NAPHTHALENE,91-20-3,48273,TRI
7440020,NICKEL,7440-02-0,37003,TRI
N495,NICKEL COMPOUNDS,,35855,TRI
N503,NICOTINE AND SALTS,,35867,TRI
1929824,NITRAPYRIN,1929-82-4,91749,TRI
N511,NITRATE COMPOUNDS,,35891,TRI
7697372,NITRIC ACID,7697-37-2,38622,TRI
139139,NITRILOTRIACETIC ACID,139-13-9,46891,TRI
98953,NITROBENZENE,98-95-3,87268,TRI
55630,NITROGLYCERIN,55-63-0,48975,TRI
75525,NITROMETHANE,75-52-5,48924,TRI
90040,O-ANISIDINE,90-04-0,48311,TRI
95487,O-CRESOL,95-48-7,47752,TRI
528290,O-DINITROBENZENE,528-29-0,45710,TRI
95534,O-TOLUIDINE,95-53-4,47748,TRI
636215,O-TOLUIDINE HYDROCHLORIDE,636-21-5,44525,TRI
95476,O-XYLENE,95-47-6,87536,TRI
29082744,OCTACHLOROSTYRENE,29082-74-4,59178,TRI
20816120,OSMIUM TETROXIDE,20816-12-0,57607,TRI
19666309,OXYDIAZON,19666-30-9,58712,TRI
42874033,OXYFLUORFEN,42874-03-3,93815,TRI
10028156,OZONE,10028-15-6,39347,TRI
106478,P-CHLOROANILINE,106-47-8,47523,TRI
120718,P-CRESIDINE,120-71-8,47012,TRI
106445,P-CRESOL,106-44-5,47526,TRI
100254,P-DINITROBENZENE,100-25-4,47899,TRI
100016,P-NITROANILINE,100-01-6,47918,TRI
106503,P-PHENYLENEDIAMINE,106-50-3,47520,TRI
106423,P-XYLENE,106-42-3,47528,TRI
123637,PARALDEHYDE,123-63-7,94701,TRI
1910425,PARAQUAT DICHLORIDE,1910-42-5,40147,TRI
56382,PARATHION,56-38-2,48961,TRI
40487421,PENDIMETHALIN,40487-42-1,52605,TRI
608935,PENTACHLOROBENZENE,608-93-5,90315,TRI
76017,PENTACHLOROETHANE,76-01-7,48888,TRI
87865,PENTACHLOROPHENOL,87-86-5,48409,TRI
57330,PENTOBARBITAL SODIUM,57-33-0,89588,TRI
79210,PERACETIC ACID,79-21-0,48722,TRI
52645531,PERMETHRIN,52645-53-1,55274,TRI
85018,PHENANTHRENE,85-01-8,98155,TRI
108952,PHENOL,108-95-2,47376,TRI
57410,PHENYTOIN,57-41-0,49147,TRI
75445,PHOSGENE,75-44-5,87890,TRI
7803512,PHOSPHINE,7803-51-2,37301,TRI
7723140,PHOSPHORUS (YELLOW OR WHITE),7723-14-0,38478,TRI
85449,PHTHALIC ANHYDRIDE,85-44-9,48853,TRI
1918021,PICLORAM,1918-02-1,91763,TRI
88891,PICRIC ACID,88-89-1,88120,TRI
51036,PIPERONYL BUTOXIDE,51-03-6,49180,TRI
N583,POLYCHLORINATED ALKANES,,101895,TRI
1336363,POLYCHLORINATED BIPHENYLS,1336-36-3,16366,TRI
N590,POLYCYCLIC AROMATIC COMPOUNDS,,35883,TRI
7758012,POTASSIUM BROMATE,7758-01-2,38344,TRI
128030,POTASSIUM DIMETHYLDITHIOCARBAMATE,128-03-0,94449,TRI
137417,POTASSIUM N-METHYLDITHIOCARBAMATE,137-41-7,46561,TRI
7287196,PROMETRYN,7287-19-6,88330,TRI
23950585,PRONAMIDE,23950-58-5,58676,TRI
1918167,PROPACHLOR,1918-16-7,40139,TRI
1120714,PROPANE SULTONE,1120-71-4,43483,TRI
709988,PROPANIL,709-98-8,44251,TRI
2312358,PROPARGITE,2312-35-8,41141,TRI
107197,PROPARGYL ALCOHOL,107-19-7,47476,TRI
60207901,PROPICONAZOLE,60207-90-1,90668,TRI
123386,PROPIONALDEHYDE,123-38-6,94706,TRI
114261,PROPOXUR,114-26-1,95786,TRI
115071,PROPYLENE,115-07-1,47173,TRI
75569,PROPYLENE OXIDE,75-56-9,48922,TRI
75558,PROPYLENEIMINE,75-55-8,87885,TRI
110861,PYRIDINE,110-86-1,46949,TRI
91225,QUINOLINE,91-22-5,87972,TRI
106514,QUINONE,106-51-4,47519,TRI
82688,QUINTOZENE,82-68-8,98352,TRI
78488,"S,S,S-TRIBUTYLTRITHIOPHOSPHATE",78-48-8,48767,TRI
81072,"SACCHARIN (MANUFACTURING, NO SUPPLIER NOTIFICATION)",,48660,TRI
94597,SAFROLE,94-59-7,48487,TRI
78922,SEC-BUTYL ALCOHOL,78-92-2,48747,TRI
7782492,SELENIUM,7782-49-2,38145,TRI
N725,SELENIUM COMPOUNDS,,35854,TRI
7440224,SILVER,7440-22-4,36986,TRI
N740,SILVER COMPOUNDS,,35973,TRI
122349,SIMAZINE,122-34-9,94729,TRI
26628228,SODIUM AZIDE,26628-22-8,56116,TRI
1982690,SODIUM DICAMBA,1982-69-0,39920,TRI
128041,SODIUM DIMETHYLDITHIOCARBAMATE,128-04-1,46728,TRI
62748,SODIUM FLUOROACETATE,62-74-8,49063,TRI
7632000,SODIUM NITRITE,7632-00-0,38675,TRI
100425,STYRENE,100-42-5,47892,TRI
96093,STYRENE OXIDE,96-09-3,48148,TRI
7664939,"SULFURIC ACID (1994 AND AFTER ""ACID AEROSOLS"" ONLY)",,38642,TRI
7664939,"SULFURIC ACID (1994 AND AFTER ""ACID AEROSOLS"" ONLY)",,38642,TRI
7664939,"SULFURIC ACID (1994 AND AFTER ""ACID AEROSOLS"" ONLY)",,38642,TRI
2699798,SULFURYL FLUORIDE,2699-79-8,93141,TRI
34014181,TEBUTHIURON,34014-18-1,55077,TRI
3383968,TEMEPHOS,3383-96-8,39587,TRI
75650,TERT-BUTYL ALCOHOL,75-65-0,87876,TRI
79947,TETRABROMOBISPHENOL A,79-94-7,48698,TRI
127184,TETRACHLOROETHYLENE,127-18-4,46750,TRI
961115,TETRACHLORVINPHOS,961-11-5,87419,TRI
64755,TETRACYCLINE HYDROCHLORIDE,64-75-5,89692,TRI
116143,TETRAFLUOROETHYLENE,116-14-3,47141,TRI
7440280,THALLIUM,7440-28-0,36981,TRI
N760,THALLIUM COMPOUNDS,,35889,TRI
148798,THIABENDAZOLE,148-79-8,46407,TRI
62555,THIOACETAMIDE,62-55-5,49065,TRI
28249776,THIOBENCARB,28249-77-6,92602,TRI
59669260,THIODICARB,59669-26-0,51689,TRI
23564058,THIOPHANATE-METHYL,,92271,TRI
23564058,THIOPHANATE-METHYL,,92271,TRI
79196,THIOSEMICARBAZIDE,79-19-6,48724,TRI
62566,THIOUREA,62-56-6,89392,TRI
137268,THIRAM,137-26-8,97821,TRI
7550450,TITANIUM TETRACHLORIDE,7550-45-0,39509,TRI
108883,TOLUENE,108-88-3,47380,TRI
26471625,TOLUENE DIISOCYANATE (MIXED ISOMERS),26471-62-5,93340,TRI
584849,"TOLUENE-2,4-DIISOCYANATE",584-84-9,45190,TRI
91087,"TOLUENE-2,6-DIISOCYANATE",91-08-7,48278,TRI
8001352,TOXAPHENE,8001-35-2,87298,TRI
TRD SECRT,TRADE SECRET CHEMICAL,,137413,TRI
10061026,"TRANS-1,3-DICHLOROPROPENE",10061-02-6,39275,TRI
110576,"TRANS-1,4-DICHLORO-2-BUTENE",110-57-6,96270,TRI
43121433,TRIADIMEFON,43121-43-3,53469,TRI
2303175,TRIALLATE,2303-17-5,41312,TRI
101200480,TRIBENURON METHYL,101200-48-0,63362,TRI
52686,TRICHLORFON,52-68-6,49159,TRI
76028,TRICHLOROACETYL CHLORIDE,76-02-8,48887,TRI
79016,TRICHLOROETHYLENE,79-01-6,48738,TRI
75694,TRICHLOROFLUOROMETHANE,75-69-4,87874,TRI
57213691,TRICLOPYR TRIETHYLAMMONIUM SALT,57213-69-1,51045,TRI
121448,TRIETHYLAMINE,121-44-8,46986,TRI
1582098,TRIFLURALIN,1582-09-8,93632,TRI
72571,TRYPAN BLUE,72-57-1,48556,TRI
51796,URETHANE,51-79-6,49165,TRI
7440622,VANADIUM (EXCEPT WHEN CONTAINED IN AN ALLOY),,36819,TRI
7440622,VANADIUM (EXCEPT WHEN CONTAINED IN AN ALLOY),,36819,TRI
7440622,VANADIUM (EXCEPT WHEN CONTAINED IN AN ALLOY),,36819,TRI
N770,VANADIUM COMPOUNDS,,35961,TRI
108054,VINYL ACETATE,108-05-4,96461,TRI
75014,VINYL CHLORIDE,75-01-4,48531,TRI
75025,VINYL FLUORIDE,75-02-5,48530,TRI
75354,VINYLIDENE CHLORIDE,75-35-4,48931,TRI
N874,WARFARIN AND SALTS,,35888,TRI
1330207,XYLENE (MIXED ISOMERS),1330-20-7,43047,TRI
7440666,ZINC (FUME OR DUST),7440-66-6,36815,TRI
N982,ZINC COMPOUNDS,,35887,TRI
12122677,ZINEB,12122-67-7,60385,TRI
87627,"2,6-XYLIDINE",87-62-7,48418,TRI
99558,5-NITRO-O-TOLUIDINE,99-55-8,87241,TRI
1937377,C.I. DIRECT BLACK 38,1937-37-7,40116,TRI
68359375,CYFLUTHRIN,68359-37-5,90789,TRI
115322,DICOFOL,115-32-2,47163,TRI
39515418,FENPROPATHRIN,39515-41-8,53080,TRI
14484641,FERBAM,14484-64-1,60313,TRI
7783064,HYDROGEN SULFIDE,7783-06-4,38126,TRI
67630,"ISOPROPYL ALCOHOL (MANUFACTURING,STRONG-ACID PROCESS ONLY,NO SUPPLIER)",,49022,TRI
67630,"ISOPROPYL ALCOHOL (MANUFACTURING,STRONG-ACID PROCESS ONLY,NO SUPPLIER)",,49022,TRI
26002802,PHENOTHRIN,26002-80-2,57679,TRI
N746,STRYCHNINE AND SALTS,,35866,TRI
76879,TRIPHENYLTIN HYDROXIDE,76-87-9,48817,TRI
97234,DICHLOROPHENE,97-23-4,48101,TRI
2032657,METHIOCARB,2032-65-7,39720,TRI
556616,METHYL ISOTHIOCYANATE,556-61-6,90175,TRI
150685,MONURON,150-68-5,46390,TRI
10453868,RESMETHRIN,10453-86-8,38942,TRI
132274,SODIUM O-PHENYLPHENOXIDE,132-27-4,46656,TRI
26644462,TRIFORINE,26644-46-2,93322,TRI
126727,"TRIS(2,3-DIBROMOPROPYL) PHOSPHATE",126-72-7,94461,TRI
1134232,CYCLOATE,1134-23-2,43437,TRI
35367385,DIFLUBENZURON,35367-38-5,92340,TRI
2524030,DIMETHYL CHLOROTHIOPHOSPHATE,2524-03-0,40088,TRI
52857,FAMPHUR,52-85-7,89102,TRI
10034932,HYDRAZINE SULFATE,10034-93-2,39322,TRI
7696120,TETRAMETHRIN,7696-12-0,87616,TRI
924163,N-NITROSODI-N-BUTYLAMINE,924-16-3,43926,TRI
55185,N-NITROSODIETHYLAMINE,55-18-5,48982,TRI
N530,NONYLPHENOL,,126137,TRI
19044883,ORYZALIN,19044-88-3,91924,TRI
106945,1-BROMOPROPANE,106-94-5,47494,TRI
66441234,FENOXAPROP ETHYL,66441-23-4,72900,TRI
150505,MERPHOS,150-50-5,46392,TRI
