Flow Description,Short Form,GAS_CODE,FlowName,FlowID
ABS_DESICANT_DEHYD_CO2_EMM,CO2,CO2,Carbon Dioxide,1
ACID_GAS_REMOVAL_CO2_EMISSIONS,CO2,CO2,Carbon Dioxide,1
AGR_UNIT_TOTAL_CO2_EMISSIONS,CO2,CO2,Carbon Dioxide,1
ANL_ABV_GRD_TRSFER_STN_CO2_EMM,CO2,CO2,Carbon Dioxide,1
ANL_ABV_GRDE_MTR_STN_CO2_EMM,CO2,CO2,Carbon Dioxide,1
ANL_BEL_GRDE_MTR_STNS_CO2_EMM,CO2,CO2,Carbon Dioxide,1
ANL_BEL_GRDE_TRSFR_STN_CO2_EMM,CO2,CO2,Carbon Dioxide,1
ANN_CO2_EMM_PER_PROCESS_LINE,CO2,CO2,Carbon Dioxide,1
Annual process CO2 emissions from each manufacturing line,CO2,CO2,Carbon Dioxide,1
ANNUAL_CO2_EMISSIONS,CO2,CO2,Carbon Dioxide,1
ANNUAL_CO2_EMISSIONS_FLR,CO2,CO2,Carbon Dioxide,1
ANNUAL_CO2_EMISSIONS_NO_FLR,CO2,CO2,Carbon Dioxide,1
ANNUAL_CO2_PROCESS_EMISSIONS,CO2,CO2,Carbon Dioxide,1
ANNUAL_CO2_RECOVERED,CO2,CO2,Carbon Dioxide,1
ANNUAL_DIST_MAINS_CO2_EMM,CO2,CO2,Carbon Dioxide,1
ANNUAL_DIST_SERVICES_CO2_EMM,CO2,CO2,Carbon Dioxide,1
ANNUAL_UNROUNDED_CO2_EMIS,CO2,CO2,Carbon Dioxide,1
ASSO_VF_TOTAL_CO2_EMISSIONS,CO2,CO2,Carbon Dioxide,1
AT_CALC1OR2_FLARING_CO2_EMM,CO2,CO2,Carbon Dioxide,1
AT_CALC1OR2_VENTING_CO2_EMM,CO2,CO2,Carbon Dioxide,1
AT_CALC3OR4_FLARING_CO2_EMM,CO2,CO2,Carbon Dioxide,1
AT_CALC3OR4_VENTING_CO2_EMM,CO2,CO2,Carbon Dioxide,1
AT_WELLHEAD_VENTING_CO2_EMM,CO2,CO2,Carbon Dioxide,1
ATMOS_TANKS_TOTAL_CO2_EMM,CO2,CO2,Carbon Dioxide,1
BASIN_AG_FLARING_CO2_EMISSIONS,CO2,CO2,Carbon Dioxide,1
BASIN_AG_VENTING_CO2_EMISSIONS,CO2,CO2,Carbon Dioxide,1
BD_PHYSVOL_TOTAL_CO2_EMISSIONS,CO2,CO2,Carbon Dioxide,1
BIOGENIC_CO2_MASS_EMISS_MSW,CO2,CO2,Carbon Dioxide,1
BLWDWN_VENT_ST_TOTAL_CO2_EMM,CO2,CO2,Carbon Dioxide,1
c_co2,CO2,CO2,Carbon Dioxide,1
CARBON DIOXIDE,CO2,CO2,Carbon Dioxide,1
Carbon Dioxide,CO2,CO2,Carbon Dioxide,1
Carbon Dioxide (CO2),CO2,CO2,Carbon Dioxide,1
CEMS_ANNUAL_CO2_EMISSIONS,CO2,CO2,Carbon Dioxide,1
CEMS_BIOGENIC_CO2_EMISSIONS,CO2,CO2,Carbon Dioxide,1
CEMS_CO2_EMISSIONS_BY_QUARTER,CO2,CO2,Carbon Dioxide,1
CEMS_CO2_EMISSIONS_QUARTER_1,CO2,CO2,Carbon Dioxide,1
CEMS_CO2_EMISSIONS_QUARTER_2,CO2,CO2,Carbon Dioxide,1
CEMS_CO2_EMISSIONS_QUARTER_3,CO2,CO2,Carbon Dioxide,1
CEMS_CO2_EMISSIONS_QUARTER_4,CO2,CO2,Carbon Dioxide,1
CEMS_NON_BIOGENIC_CO2_EMISS,CO2,CO2,Carbon Dioxide,1
CEMS_NON_BIOGENIC_CO2_EMISSION,CO2,CO2,Carbon Dioxide,1
CEMS_NONBIOGENIC_CO2_EMISSIONS,CO2,CO2,Carbon Dioxide,1
CENF_CMPS_FLARING_TOT_CO2_EMM,CO2,CO2,Carbon Dioxide,1
CENF_CMPS_GRTOTAL_CO2_EMM,CO2,CO2,Carbon Dioxide,1
CENF_CMPS_ONSHR_TOT_CO2_EMM,CO2,CO2,Carbon Dioxide,1
CENF_CMPS_TOTAL_ANNUAL_CO2_EMM,CO2,CO2,Carbon Dioxide,1
CO2_EMISSIONS,CO2,CO2,Carbon Dioxide,1
CO2_EMISSIONS_FROM_FLARE,CO2,CO2,Carbon Dioxide,1
CO2_EMISSIONS_NOT_FLARED,CO2,CO2,Carbon Dioxide,1
CO2_EMISSIONS_VENTED,CO2,CO2,Carbon Dioxide,1
CO2_EMISSIONS_WKOVR_NO_FLARING,CO2,CO2,Carbon Dioxide,1
CO2_QUANTITY,CO2,CO2,Carbon Dioxide,1
CO2_RECOVERED_AND_TRANSFERED,CO2,CO2,Carbon Dioxide,1
COMBUSTION_TOTAL_CO2_EMISSIONS,CO2,CO2,Carbon Dioxide,1
COMPLETIONS_FLARING_CO2_EMM,CO2,CO2,Carbon Dioxide,1
COMPLETIONS_VENTING_CO2_EMM,CO2,CO2,Carbon Dioxide,1
COMPLT_WO_HYD_FLARING_CO2_EMM,CO2,CO2,Carbon Dioxide,1
COMPLT_WO_HYD_VENTING_CO2_EMM,CO2,CO2,Carbon Dioxide,1
DEHYDRATORS_CO2_EMISSIONS,CO2,CO2,Carbon Dioxide,1
DESICCANT_NOT_VENTED_CO2_EMISS,CO2,CO2,Carbon Dioxide,1
DESICCANT_VENTED_CO2_EMISSIONS,CO2,CO2,Carbon Dioxide,1
DUMP_VALVE_CO2_EMISSIONS,CO2,CO2,Carbon Dioxide,1
EOR_INJ_PUMP_BD_CO2_EMISSIONS,CO2,CO2,Carbon Dioxide,1
EOR_INJ_PUMP_BD_TOTAL_CO2_EMM,CO2,CO2,Carbon Dioxide,1
EOR_LIQ_DIS_SUBBASIN_CO2_EMM,CO2,CO2,Carbon Dioxide,1
EOR_LIQ_DIS_TOTAL_CO2_EMM,CO2,CO2,Carbon Dioxide,1
EQ_LEAK_COMP_TYPE_CO2_EMM,CO2,CO2,Carbon Dioxide,1
EQ_LEAK_POP_COUNT_CO2_EMM,CO2,CO2,Carbon Dioxide,1
EQUIP_LEAKS_CO2_EMISSIONS,CO2,CO2,Carbon Dioxide,1
EXT_FUEL_GT5MMBTU_CO2_EMM,CO2,CO2,Carbon Dioxide,1
FLARE_CO2_EMISSIONS,CO2,CO2,Carbon Dioxide,1
FLARE_COMB_AND_UNCOMB_CO2_EMM,CO2,CO2,Carbon Dioxide,1
FLARE_COMB_CO2_EMISSIONS,CO2,CO2,Carbon Dioxide,1
FLARE_STACKS_CO2_EMISSIONS,CO2,CO2,Carbon Dioxide,1
FLARE_UNCOMB_CO2_EMISSIONS,CO2,CO2,Carbon Dioxide,1
FLARING_CO2_EMISSIONS,CO2,CO2,Carbon Dioxide,1
FLOW_METER_TOTAL_CO2_EMISSIONS,CO2,CO2,Carbon Dioxide,1
GLY_DEH_LESSTHN_FLRNG_CO2_EMM,CO2,CO2,Carbon Dioxide,1
GLY_DEH_LSTHN_VENTING_CO2_EMM,CO2,CO2,Carbon Dioxide,1
GLY_DEH_MRTHN_FLARING_CO2_EMM,CO2,CO2,Carbon Dioxide,1
GLY_DEH_MRTHN_VENTING_CO2_EMM,CO2,CO2,Carbon Dioxide,1
GRABSAMPLECO2_SUB,CO2,CO2,Carbon Dioxide,1
HOURLY_AVG_CO2_EMISSION_RATE,CO2,CO2,Carbon Dioxide,1
INT_FUEL_GT1MMBTU_CO2_EMM,CO2,CO2,Carbon Dioxide,1
IS_CO2_USED_ONSITE_INDICATOR,CO2,CO2,Carbon Dioxide,1
LDC_NN1_CO2,CO2,CO2,Carbon Dioxide,1
LDC_NN2_CO2,CO2,CO2,Carbon Dioxide,1
LDC_NN5A_CO2_MASS_QUANTITY,CO2,CO2,Carbon Dioxide,1
LDC_NN5B_CO2_MASS_QUANTITY,CO2,CO2,Carbon Dioxide,1
Leakage Pathway:  Mass of CO2 Emitted  (Metric tons),CO2,CO2,Carbon Dioxide,1
LIQUIDS_UNLOAD_C1_TOT_CO2_EMM,CO2,CO2,Carbon Dioxide,1
LIQUIDS_UNLOAD_C2_TOT_CO2_EMM,CO2,CO2,Carbon Dioxide,1
LIQUIDS_UNLOAD_C3_TOT_CO2_EMM,CO2,CO2,Carbon Dioxide,1
LIQUIDS_UNLOADING_TOT_CO2_EMM,CO2,CO2,Carbon Dioxide,1
LOCAL_DIST_CMPNY_CO2_EMISSIONS,CO2,CO2,Carbon Dioxide,1
Mass of CO2 emitted annually from equipment leaks and vented emissions of CO2 from equipment located on the surface between the production wellhead and the flow meter used to measure production quantity (metric tons),CO2,CO2,Carbon Dioxide,1
Mass of CO2 emitted from equipment leaks and vented emissions of CO2 from equipment located on the surface between theflow meter used to measure injection quantity and the injection wellhead (metric tons),CO2,CO2,Carbon Dioxide,1
MASS_BALANCE_CO2_EMISSIONS,CO2,CO2,Carbon Dioxide,1
MASS_BIOGENIC_CO2,CO2,CO2,Carbon Dioxide,1
MASS_CO2,CO2,CO2,Carbon Dioxide,1
MEASURED_BLOWDOWN_VENT_CO2_EMM,CO2,CO2,Carbon Dioxide,1
MEASURED_ISO_VALVE_CO2_EMM,CO2,CO2,Carbon Dioxide,1
MEASURED_ROD_PACKING_CO2_EMM,CO2,CO2,Carbon Dioxide,1
MEASURED_SEAL_VENT_CO2,CO2,CO2,Carbon Dioxide,1
METHOD1_USED_FOR_CO2_EMISSIONS,CO2,CO2,Carbon Dioxide,1
METHOD2_USED_FOR_CO2_EMISSIONS,CO2,CO2,Carbon Dioxide,1
METHOD3_USED_FOR_CO2_EMISSIONS,CO2,CO2,Carbon Dioxide,1
MSRD_BLOWDOWN_VENT_OPER_CO2,CO2,CO2,Carbon Dioxide,1
MSRD_ISOLATION_VALVE_CO2_EMM,CO2,CO2,Carbon Dioxide,1
NN3_CO2,CO2,CO2,Carbon Dioxide,1
NN4_CO2,CO2,CO2,Carbon Dioxide,1
NN5_CO2,CO2,CO2,Carbon Dioxide,1
NON_TD_CO2_EMISSIONS,CO2,CO2,Carbon Dioxide,1
NOT_MEASURED_SEAL_VENT_CO2_EMM,CO2,CO2,Carbon Dioxide,1
NOT_MSRD_BLOWDOWN_VENT_CO2_EMM,CO2,CO2,Carbon Dioxide,1
NOT_MSRD_ISO_VALVE_CO2_EMISS,CO2,CO2,Carbon Dioxide,1
NOT_MSRD_ISOLATION_VALVE_CO2,CO2,CO2,Carbon Dioxide,1
NOT_MSRD_ROD_PACKING_CO2_EMISS,CO2,CO2,Carbon Dioxide,1
OFFSHORE_SOURCE_CO2_EMISSIONS,CO2,CO2,Carbon Dioxide,1
OFFSHORE_TOTAL_CO2_EMISSIONS,CO2,CO2,Carbon Dioxide,1
PART_75_CO2_EMISSION_SHORT_TON,CO2,CO2,Carbon Dioxide,1
PART_75_CO2_EMISSIONS_METHOD,CO2,CO2,Carbon Dioxide,1
PART_75_CO2_EMISSIONS_MTONS,CO2,CO2,Carbon Dioxide,1
PNEUM_DEVICE_TYPE_TOT_CO2_EMM,CO2,CO2,Carbon Dioxide,1
PNEUM_PUMP_TOTAL_CO2_EMISSIONS,CO2,CO2,Carbon Dioxide,1
PNEUM_PUMP_TYPE_TOTAL_CO2_EMM,CO2,CO2,Carbon Dioxide,1
PNEUMATIC_DEVICES_TOT_CO2_EMM,CO2,CO2,Carbon Dioxide,1
Q1_CO2_EMISSIONS,CO2,CO2,Carbon Dioxide,1
Q3_CO2_EMISSIONS,CO2,CO2,Carbon Dioxide,1
Q4_CO2_EMISSIONS,CO2,CO2,Carbon Dioxide,1
Q5_CO2_EMISSIONS,CO2,CO2,Carbon Dioxide,1
Q6_CO2_EMISSIONS,CO2,CO2,Carbon Dioxide,1
Q7_CO2_EMISSIONS,CO2,CO2,Carbon Dioxide,1
QUARTER_1_CO2_EMISSIONS,CO2,CO2,Carbon Dioxide,1
RECIP_CMPS_FLARING_TOT_CO2_EMM,CO2,CO2,Carbon Dioxide,1
RECIP_CMPS_ONSHR_TOT_CO2_EMM,CO2,CO2,Carbon Dioxide,1
RECIP_CMPS_ONSHR_TOT_CO2_EMS,CO2,CO2,Carbon Dioxide,1
RECIP_CMPS_TOTAL_CO2_EMISSIONS,CO2,CO2,Carbon Dioxide,1
RECYC_TAIL_GAS_CO2_CORREC_USED,CO2,CO2,Carbon Dioxide,1
SMALL_FLARE_CO2_EMISSIONS,CO2,CO2,Carbon Dioxide,1
SMALL_NOT_FLARED_CO2_EMISSIONS,CO2,CO2,Carbon Dioxide,1
SOUR_GAS_CO2_EMISSIONS,CO2,CO2,Carbon Dioxide,1
SOURCE_TOTAL_CO2_EMISSIONS,CO2,CO2,Carbon Dioxide,1
SPENT_LIQUOR_CO2_EMISSIONS,CO2,CO2,Carbon Dioxide,1
TIER_1_2_3_FOSSIL_CO2_EMISSION,CO2,CO2,Carbon Dioxide,1
TIER_1_CO2_EMISSIONS,CO2,CO2,Carbon Dioxide,1
TIER_123_SORBENT_CO2_EMISSIONS,CO2,CO2,Carbon Dioxide,1
TIER_2_CO2_EMISSIONS,CO2,CO2,Carbon Dioxide,1
TIER_3_CO2_EMISSIONS,CO2,CO2,Carbon Dioxide,1
TIER_4_BIOGENIC_CO2_EMISSIONS,CO2,CO2,Carbon Dioxide,1
TIER_4_TOTAL_CO2_EMISSIONS,CO2,CO2,Carbon Dioxide,1
TIER1_CO2_COMBUSTION_EMISSIONS,CO2,CO2,Carbon Dioxide,1
TIER123_BIOGENIC_CO2_EMISSIONS,CO2,CO2,Carbon Dioxide,1
TIER2_CO2_COMBUSTION_EMISSIONS,CO2,CO2,Carbon Dioxide,1
TIER3_CO2_COMBUSTION_EMISSIONS,CO2,CO2,Carbon Dioxide,1
TIER4_ANNUAL_BIO_CO2_EMISSION,CO2,CO2,Carbon Dioxide,1
TOT_BLOWDOWN_CO2_EMISSIONS,CO2,CO2,Carbon Dioxide,1
TOTAL_CO2_EMISSIONS,CO2,CO2,Carbon Dioxide,1
TOTAL_REPORTED_CO2_EMISSIONS,CO2,CO2,Carbon Dioxide,1
TRANS_TANK_FLARING_CO2_EMM,CO2,CO2,Carbon Dioxide,1
TRANS_TANK_VENTING_CO2_EMM,CO2,CO2,Carbon Dioxide,1
TRANS_TANKS_TOTAL_CO2_EMM,CO2,CO2,Carbon Dioxide,1
VAPOR_RECOVERY_CO2_EMISSIONS,CO2,CO2,Carbon Dioxide,1
VENTING_CO2_EMISSIONS,CO2,CO2,Carbon Dioxide,1
WELL_TEST_TOTAL_CO2_EMISSIONS,CO2,CO2,Carbon Dioxide,1
WELL_TST_BAS_FLARING_CO2_EMM,CO2,CO2,Carbon Dioxide,1
WELL_TST_BAS_VENTING_CO2_EMM,CO2,CO2,Carbon Dioxide,1
WORKOVERS_FLARING_CO2_EMM,CO2,CO2,Carbon Dioxide,1
WORKOVERS_VENTING_CO2_EMM,CO2,CO2,Carbon Dioxide,1
(metric tons CO2e),CO2E,CO2,Carbon Dioxide,1
ACID_GAS_REMOVAL_CH4_EMM_CO2E,CO2E,CO2,Carbon Dioxide,1
ACID_GAS_REMOVAL_GHG_EMM_CO2E,CO2E,CO2,Carbon Dioxide,1
ACID_GAS_REMOVAL_N2O_EMM_CO2E,CO2E,CO2,Carbon Dioxide,1
ANL_ABV_GRD_TR_STN_CH4_EMMCO2E,CO2E,CO2,Carbon Dioxide,1
ANL_BEL_GRD_MT_STN_CH4_EMMCO2E,CO2E,CO2,Carbon Dioxide,1
ANL_BEL_GRD_TR_STN_CH4_EM_CO2E,CO2E,CO2,Carbon Dioxide,1
ANL_DIST_SERVICES_CH4_EMM_CO2E,CO2E,CO2,Carbon Dioxide,1
Annual CO2 emissions that would result from the complete combustion or oxidation of all products ,CO2E,CO2,Carbon Dioxide,1
ANNUAL_DIST_MAINS_CH4_EMM_CO2E,CO2E,CO2,Carbon Dioxide,1
ASSO_VF_TOTAL_CH4_EMM_CO2E,CO2E,CO2,Carbon Dioxide,1
ASSO_VF_TOTAL_GHG_EMM_CO2E,CO2E,CO2,Carbon Dioxide,1
ASSO_VF_TOTAL_N2O_EMM_CO2E,CO2E,CO2,Carbon Dioxide,1
AT_CALC1OR2_FLRNG_CH4_EMM_CO2E,CO2E,CO2,Carbon Dioxide,1
AT_CALC1OR2_FLRNG_N2O_EMM_CO2E,CO2E,CO2,Carbon Dioxide,1
AT_CALC1OR2_VENT_CH4_EMM_CO2E,CO2E,CO2,Carbon Dioxide,1
AT_CALC3OR4_FLRNG_CH4_EMM_CO2E,CO2E,CO2,Carbon Dioxide,1
AT_CALC3OR4_FLRNG_N2O_EMM_CO2E,CO2E,CO2,Carbon Dioxide,1
AT_CALC3OR4_VENT_CH4_EMM_CO2E,CO2E,CO2,Carbon Dioxide,1
AT_WELLHEAD_VENT_CH4_EMM_CO2E,CO2E,CO2,Carbon Dioxide,1
ATMOS_TANKS_TOTAL_CH4_EMM_CO2E,CO2E,CO2,Carbon Dioxide,1
ATMOS_TANKS_TOTAL_GHG_EMM_CO2E,CO2E,CO2,Carbon Dioxide,1
ATMOS_TANKS_TOTAL_N2O_EMM_CO2E,CO2E,CO2,Carbon Dioxide,1
BASIN_AG_FLARING_CH4_EMM_CO2E,CO2E,CO2,Carbon Dioxide,1
BASIN_AG_FLARING_N2O_EMM_CO2E,CO2E,CO2,Carbon Dioxide,1
BASIN_AG_VENTING_CH4_EMM_CO2E,CO2E,CO2,Carbon Dioxide,1
BD_PHYSVOL_TOTAL_CH4_EMM_CO2E,CO2E,CO2,Carbon Dioxide,1
BLDN_VENT_ST_TOT_CH4_EMM_CO2E,CO2E,CO2,Carbon Dioxide,1
BLDN_VENT_ST_TOT_GHG_EMM_CO2E,CO2E,CO2,Carbon Dioxide,1
BLDN_VENT_ST_TOT_N2O_EMM_CO2E,CO2E,CO2,Carbon Dioxide,1
CENF_CMP_FLRNG_TOT_CH4_EMMCO2E,CO2E,CO2,Carbon Dioxide,1
CENF_CMP_ONSH_TOT_CH4_EM_CO2E,CO2E,CO2,Carbon Dioxide,1
CENF_CMPS_FLAR_TOT_N2O_EMMCO2E,CO2E,CO2,Carbon Dioxide,1
CENF_CMPS_GRTOT_CH4_EMM_CO2E,CO2E,CO2,Carbon Dioxide,1
CENF_CMPS_GRTOT_GHG_EMM_CO2E,CO2E,CO2,Carbon Dioxide,1
CENF_CMPS_GRTOT_N2O_EMM_CO2E,CO2E,CO2,Carbon Dioxide,1
CENF_CMPS_TOTAL_CH4_EMM_CO2E,CO2E,CO2,Carbon Dioxide,1
CENF_CMPS_TOTAL_N2O_EMM_CO2E,CO2E,CO2,Carbon Dioxide,1
CH4_EMISSIONS_CO2E,CO2E,CO2,Carbon Dioxide,1
CKDCO2EMISSIONSFACTOR,CO2E,CO2,Carbon Dioxide,1
CO2_EQ_EMISSIONS,CO2E,CO2,Carbon Dioxide,1
CO2EMMVALUOM,CO2E,CO2,Carbon Dioxide,1
COMBUSTION_TOTAL_CH4_EMM_CO2E,CO2E,CO2,Carbon Dioxide,1
COMBUSTION_TOTAL_GHG_EMM_CO2E,CO2E,CO2,Carbon Dioxide,1
COMBUSTION_TOTAL_N2O_EMM_CO2E,CO2E,CO2,Carbon Dioxide,1
COMPL_WO_HYD_VENT_CH4_EMM_CO2E,CO2E,CO2,Carbon Dioxide,1
COMPLETIONS_FLRNG_CH4_EMM_CO2E,CO2E,CO2,Carbon Dioxide,1
COMPLETIONS_FLRNG_N2O_EMM_CO2E,CO2E,CO2,Carbon Dioxide,1
COMPLETIONS_VENT_CH4_EMM_CO2E,CO2E,CO2,Carbon Dioxide,1
COMPLT_WO_HYD_FLAR_CH4_EMMCO2E,CO2E,CO2,Carbon Dioxide,1
COMPLT_WO_HYD_FLAR_N2O_EMMCO2E,CO2E,CO2,Carbon Dioxide,1
EOR_INJ_PUMP_BD_CH4_EMM_CO2E,CO2E,CO2,Carbon Dioxide,1
EOR_INJ_PUMP_BD_GHG_EMM_CO2E,CO2E,CO2,Carbon Dioxide,1
EOR_INJ_PUMP_BD_N2O_EMM_CO2E,CO2E,CO2,Carbon Dioxide,1
EOR_LIQ_DIS_TOTAL_CH4_EMM_CO2E,CO2E,CO2,Carbon Dioxide,1
EOR_LIQ_DIS_TOTAL_GHG_EMM_CO2E,CO2E,CO2,Carbon Dioxide,1
EOR_LIQ_DIS_TOTAL_N2O_EMM_CO2E,CO2E,CO2,Carbon Dioxide,1
EQ_LEAK_COMP_TYPE_CH4_EMM_CO2E,CO2E,CO2,Carbon Dioxide,1
EQ_LEAK_POP_COUNT_CH4_EMM_CO2E,CO2E,CO2,Carbon Dioxide,1
EQUIP_LEAKS_CH4_EMISSIONS_CO2E,CO2E,CO2,Carbon Dioxide,1
EQUIP_LEAKS_N2O_EMISSIONS_CO2E,CO2E,CO2,Carbon Dioxide,1
EQUIP_LEAKS_TOTAL_GHG_EMM_CO2E,CO2E,CO2,Carbon Dioxide,1
EQUIPMENT_LEAK_CO2E,CO2E,CO2,Carbon Dioxide,1
EXT_FUEL_GT5MMBTU_CH4_EMM_CO2E,CO2E,CO2,Carbon Dioxide,1
EXT_FUEL_GT5MMBTU_N2O_EMM_CO2E,CO2E,CO2,Carbon Dioxide,1
FLARE_N2O_EMISSIONS_CO2E,CO2E,CO2,Carbon Dioxide,1
FLARE_STACKS_TOT_GHG_EMM_CO2E,CO2E,CO2,Carbon Dioxide,1
FLARE_UNCOMB_CH4_EMM_CO2E,CO2E,CO2,Carbon Dioxide,1
FLARING_CH4_EMISSIONS_CO2E,CO2E,CO2,Carbon Dioxide,1
FLARING_N2O_EMISSIONS_CO2E,CO2E,CO2,Carbon Dioxide,1
GLY_DEH_LSTHN_FLR_CH4_EMM_CO2E,CO2E,CO2,Carbon Dioxide,1
GLY_DEH_LSTHN_FLR_N2O_EMM_CO2E,CO2E,CO2,Carbon Dioxide,1
GLY_DEH_LSTHN_VENT_CH4_EMMCO2E,CO2E,CO2,Carbon Dioxide,1
GLY_DEH_MRTHN_FLR_N2O_EMM_CO2E,CO2E,CO2,Carbon Dioxide,1
GLY_DEH_MRTHN_VENT_CH4_EMMCO2E,CO2E,CO2,Carbon Dioxide,1
INT_FUEL_GT1MMBTU_CH4_EMM_CO2E,CO2E,CO2,Carbon Dioxide,1
INT_FUEL_GT1MMBTU_N2O_EMM_CO2E,CO2E,CO2,Carbon Dioxide,1
LIQ_UNLOAD_C1_TOT_CH4_EMM_CO2E,CO2E,CO2,Carbon Dioxide,1
LIQ_UNLOAD_C2_TOT_CH4_EMM_CO2E,CO2E,CO2,Carbon Dioxide,1
LIQ_UNLOAD_C3_TOT_CH4_EMM_CO2E,CO2E,CO2,Carbon Dioxide,1
LIQUID_UNLOAD_TOT_CH4_EMM_CO2E,CO2E,CO2,Carbon Dioxide,1
LIQUID_UNLOAD_TOT_GHG_EMM_CO2E,CO2E,CO2,Carbon Dioxide,1
LIQUID_UNLOAD_TOT_N2O_EMM_CO2E,CO2E,CO2,Carbon Dioxide,1
MEASUREDBVSTANDBYCO2EMISSIONS,CO2E,CO2,Carbon Dioxide,1
MSRD_BDN_VEN_STDBY_CH4_EMMCO2E,CO2E,CO2,Carbon Dioxide,1
MSRD_BL_VENT_OPER_CH4_EMM_CO2E,CO2E,CO2,Carbon Dioxide,1
MSRD_BLWDWN_VENT_CH4_EMM_CO2E,CO2E,CO2,Carbon Dioxide,1
MSRD_ISOLAT_VALVE_CH4_EMM_CO2E,CO2E,CO2,Carbon Dioxide,1
MSRD_ROD_PACKING_CH4_EMM_CO2E,CO2E,CO2,Carbon Dioxide,1
MSRD_SEAL_VENT_CH4_EMM_CO2E,CO2E,CO2,Carbon Dioxide,1
N2O_EMISSIONS_CO2E,CO2E,CO2,Carbon Dioxide,1
NOT_MEAS_ISO_VALV_CH4_EMM_CO2E,CO2E,CO2,Carbon Dioxide,1
NOT_MSRD_BD_VENT_OP_CH4_CO2E,CO2E,CO2,Carbon Dioxide,1
NOT_MSRD_BDN_VT_STDBY_CH4_CO2E,CO2E,CO2,Carbon Dioxide,1
NOT_MSRD_BLD_VEN_STNDBY_CO2EMI,CO2E,CO2,Carbon Dioxide,1
NOT_MSRD_BLDN_VEN_CH4_EMM_CO2E,CO2E,CO2,Carbon Dioxide,1
NOT_MSRD_BLDN_VEN_OPR_CO2EMISS,CO2E,CO2,Carbon Dioxide,1
NOT_MSRD_ISO_VALV_CH4_EMM_CO2E,CO2E,CO2,Carbon Dioxide,1
NOT_MSRD_ROD_PACK_CH4_EMM_CO2E,CO2E,CO2,Carbon Dioxide,1
NOT_MSRD_SEAL_VEN_CH4_EMM_CO2E,CO2E,CO2,Carbon Dioxide,1
OFFSHORE_SOURCE_CH4_EMM_CO2E,CO2E,CO2,Carbon Dioxide,1
OFFSHORE_SOURCE_N2O_EMM_CO2E,CO2E,CO2,Carbon Dioxide,1
OFFSHORE_SRCE_TOT_GHG_EMM_CO2E,CO2E,CO2,Carbon Dioxide,1
OFFSHORE_TOTAL_CH4_EMM_CO2E,CO2E,CO2,Carbon Dioxide,1
OFFSHORE_TOTAL_GHG_EMM_CO2E,CO2E,CO2,Carbon Dioxide,1
OFFSHORE_TOTAL_N2O_EMM_CO2E,CO2E,CO2,Carbon Dioxide,1
PART_75_CH4_EMISSIONS_CO2E,CO2E,CO2,Carbon Dioxide,1
PART_75_N2O_EMISSIONS_CO2E,CO2E,CO2,Carbon Dioxide,1
PNEUM_DEV_TYP_TOT_CH4_EMM_CO2E,CO2E,CO2,Carbon Dioxide,1
PNEUM_DEVICES_TOT_GHG_EMM_CO2E,CO2E,CO2,Carbon Dioxide,1
PNEUM_DEVICES_TOT_N2O_EMM_CO2E,CO2E,CO2,Carbon Dioxide,1
PNEUM_PUM_TYP_TOT_CH4_EMM_CO2E,CO2E,CO2,Carbon Dioxide,1
PNEUM_PUMP_TOTAL_CH4_EMM_CO2E,CO2E,CO2,Carbon Dioxide,1
PNEUM_PUMP_TOTAL_GHG_EMM_CO2E,CO2E,CO2,Carbon Dioxide,1
PNEUM_PUMP_TOTAL_N2O_EMM_CO2E,CO2E,CO2,Carbon Dioxide,1
PNEUMATIC_DEV_TOT_CH4_EMM_CO2E,CO2E,CO2,Carbon Dioxide,1
PROCESS_VENT_CO2E,CO2E,CO2,Carbon Dioxide,1
RECIP_CMP_FLAR_TOT_N2O_EMMCO2E,CO2E,CO2,Carbon Dioxide,1
RECIP_CMP_ONSH_TOT_CH4_EM_CO2E,CO2E,CO2,Carbon Dioxide,1
RECIP_CMPS_FLR_TOT_CH4_EMMCO2E,CO2E,CO2,Carbon Dioxide,1
RECIP_CMPS_TOTAL_CH4_EMM_CO2E,CO2E,CO2,Carbon Dioxide,1
RECIP_CMPS_TOTAL_N2O_EMM_CO2E,CO2E,CO2,Carbon Dioxide,1
SOURCE_TOTAL_CH4_EMM_CO2E,CO2E,CO2,Carbon Dioxide,1
SOURCE_TOTAL_GHG_EMM_CO2E,CO2E,CO2,Carbon Dioxide,1
SOURCE_TOTAL_N2O_EMM_CO2E,CO2E,CO2,Carbon Dioxide,1
TIER_1_CH4_EMISSIONS_CO2E,CO2E,CO2,Carbon Dioxide,1
TIER_1_N2O_EMISSIONS_CO2E,CO2E,CO2,Carbon Dioxide,1
TIER_2_CH4_EMISSIONS_CO2E,CO2E,CO2,Carbon Dioxide,1
TIER_2_N2O_EMISSIONS_CO2E,CO2E,CO2,Carbon Dioxide,1
TIER_3_CH4_EMISSIONS_CO2E,CO2E,CO2,Carbon Dioxide,1
TIER_3_N2O_EMISSIONS_CO2E,CO2E,CO2,Carbon Dioxide,1
TIER1_CH4_EMISSIONS_CO2E,CO2E,CO2,Carbon Dioxide,1
TIER1_N2O_EMISSIONS_CO2E,CO2E,CO2,Carbon Dioxide,1
TIER2_CH4_EMISSIONS_CO2E,CO2E,CO2,Carbon Dioxide,1
TIER2_N2O_EMISSIONS_CO2E,CO2E,CO2,Carbon Dioxide,1
TIER3_CH4_EMISSIONS_CO2E,CO2E,CO2,Carbon Dioxide,1
TIER3_N2O_EMISSIONS_CO2E,CO2E,CO2,Carbon Dioxide,1
TIER4_CH4_EMISSIONS_CO2E,CO2E,CO2,Carbon Dioxide,1
TIER4_N2O_EMISSIONS_CO2E,CO2E,CO2,Carbon Dioxide,1
TIER4_NONBIOGENIC_CO2EMISSION,CO2E,CO2,Carbon Dioxide,1
TOT_BLOWDOWN_CH4_CO2E,CO2E,CO2,Carbon Dioxide,1
Total Reported Emissions Under Subpart  BB,CO2E,CO2,Carbon Dioxide,1
"Total Reported Emissions Under Subpart  BB
(metric tons CO2e)",CO2E,CO2,Carbon Dioxide,1
Total Reported Emissions Under Subpart  BB\n(metric tons CO2e),CO2E,CO2,Carbon Dioxide,1
Total Reported Emissions Under Subpart  BB\n(metric tons CO2e),CO2E,CO2,Carbon Dioxide,1
Total Reported Emissions Under Subpart  CC,CO2E,CO2,Carbon Dioxide,1
"Total Reported Emissions Under Subpart  CC
(metric tons CO2e)",CO2E,CO2,Carbon Dioxide,1
Total Reported Emissions Under Subpart  CC\n(metric tons CO2e),CO2E,CO2,Carbon Dioxide,1
Total Reported Emissions Under Subpart  CC\n(metric tons CO2e),CO2E,CO2,Carbon Dioxide,1
Total Reported Emissions Under Subpart  E,CO2E,CO2,Carbon Dioxide,1
"Total Reported Emissions Under Subpart  E
(metric tons CO2e)",CO2E,CO2,Carbon Dioxide,1
Total Reported Emissions Under Subpart  E\n(metric tons CO2e),CO2E,CO2,Carbon Dioxide,1
Total Reported Emissions Under Subpart  E\n(metric tons CO2e),CO2E,CO2,Carbon Dioxide,1
Total Reported Emissions Under Subpart  LL,CO2E,CO2,Carbon Dioxide,1
"Total Reported Emissions Under Subpart  LL
(metric tons CO2e)",CO2E,CO2,Carbon Dioxide,1
Total Reported Emissions Under Subpart  LL\n(metric tons CO2e),CO2E,CO2,Carbon Dioxide,1
Total Reported Emissions Under Subpart  LL\n(metric tons CO2e),CO2E,CO2,Carbon Dioxide,1
Total Reported Emissions Under Subpart  O,CO2E,CO2,Carbon Dioxide,1
"Total Reported Emissions Under Subpart  O
(metric tons CO2e)",CO2E,CO2,Carbon Dioxide,1
Total Reported Emissions Under Subpart  O\n(metric tons CO2e),CO2E,CO2,Carbon Dioxide,1
Total Reported Emissions Under Subpart  O\n(metric tons CO2e),CO2E,CO2,Carbon Dioxide,1
Total Reported Emissions Under Subpart  S,CO2E,CO2,Carbon Dioxide,1
"Total Reported Emissions Under Subpart  S
(metric tons CO2e)",CO2E,CO2,Carbon Dioxide,1
Total Reported Emissions Under Subpart  S\n(metric tons CO2e),CO2E,CO2,Carbon Dioxide,1
Total Reported Emissions Under Subpart  S\n(metric tons CO2e),CO2E,CO2,Carbon Dioxide,1
TOTAL_CO2E,CO2E,CO2,Carbon Dioxide,1
TOTAL_METHANE_CO2E,CO2E,CO2,Carbon Dioxide,1
TOTAL_NITROUS_CO2E,CO2E,CO2,Carbon Dioxide,1
TOTALCO2E,CO2E,CO2,Carbon Dioxide,1
TOTALCO2EMISSIONS,CO2E,CO2,Carbon Dioxide,1
TRAN_TANK_VENTING_CH4_EMM_CO2E,CO2E,CO2,Carbon Dioxide,1
TRANS_TANK_FLRNG_N2O_EMM_CO2E,CO2E,CO2,Carbon Dioxide,1
TRANS_TANKS_TOTAL_GHG_EMM_CO2E,CO2E,CO2,Carbon Dioxide,1
TRANS_TANKS_TOTAL_N2O_EMM_CO2E,CO2E,CO2,Carbon Dioxide,1
VENTING_CH4_EMISSIONS_CO2E,CO2E,CO2,Carbon Dioxide,1
WELL_TEST_FLARING_N2O_EMM_CO2E,CO2E,CO2,Carbon Dioxide,1
WELL_TEST_TOTAL_CH4_EMM_CO2E,CO2E,CO2,Carbon Dioxide,1
WELL_TEST_TOTAL_GHG_EMM_CO2E,CO2E,CO2,Carbon Dioxide,1
WELL_TEST_TOTAL_N2O_EMM_CO2E,CO2E,CO2,Carbon Dioxide,1
WELL_TST_BAS_FLRNG_CH4_EMMCO2E,CO2E,CO2,Carbon Dioxide,1
WELL_TST_BAS_VENT_CH4_EMM_CO2E,CO2E,CO2,Carbon Dioxide,1
WORKOVERS_FLARING_CH4_EMM_CO2E,CO2E,CO2,Carbon Dioxide,1
WORKOVERS_FLARING_N2O_EMM_CO2E,CO2E,CO2,Carbon Dioxide,1
WORKOVERS_VENTING_CH4_EMM_CO2E,CO2E,CO2,Carbon Dioxide,1
ABS_DESICANT_DEHYD_CH4_EMM,CH4,CH4,Methane,2
ANNUAL_CH4_ABV_GRD_MTRNG_STAT,CH4,CH4,Methane,2
ANNUAL_CH4_EMISSIONS,CH4,CH4,Methane,2
ANNUAL_CH4_EMISSIONS_NO_FLR,CH4,CH4,Methane,2
ANNUAL_CH4_RECOVERED,CH4,CH4,Methane,2
ANNUAL_MASS_METHANE_EMISSIONS,CH4,CH4,Methane,2
ANNUAL_MASS_METHANE_EMITTED,CH4,CH4,Methane,2
ANNUAL_MASS_METHANE_GEN_BOD5,CH4,CH4,Methane,2
ANNUAL_MASS_METHANE_GEN_COD,CH4,CH4,Methane,2
ANNUAL_MASS_METHANE_GEN_RPTVAL,CH4,CH4,Methane,2
ANNUAL_MASS_METHANE_GENERATED,CH4,CH4,Methane,2
ANNUAL_METHANE_RECOVERED,CH4,CH4,Methane,2
ANNUAL_MODELED_CH4_GENERATION,CH4,CH4,Methane,2
ANNUAL_QTY_METHANE_RECOV_RPT,CH4,CH4,Methane,2
ANNUAL_QTY_RECOV_METHANE_HH4,CH4,CH4,Methane,2
ANNUAL_QTY_RECOVERD_CH4_EQ_HH4,CH4,CH4,Methane,2
ANNUALMODELEDCH4GENTT1,CH4,CH4,Methane,2
BIOMASS_CH4_EMISSIONS_FACTOR,CH4,CH4,Methane,2
BLOWDOWN_CH4_EMISSIONS,CH4,CH4,Methane,2
c_ch4,CH4,CH4,Methane,2
C_FROM_CH4_FRACTION_BASIS,CH4,CH4,Methane,2
C_FROM_CH4_FRACTION_BASIS_OTHR,CH4,CH4,Methane,2
CEMS_CH4_EMISSIONS,CH4,CH4,Methane,2
CH4_EMISS_STRGTANKS_UNSTCRD,CH4,CH4,Methane,2
CH4_EMISSIONS,CH4,CH4,Methane,2
CH4_EMISSIONS_FROM_FLARE,CH4,CH4,Methane,2
CH4_EMISSIONS_NOT_FLARED,CH4,CH4,Methane,2
CH4_EMISSIONS_STRGTANKS_GENL,CH4,CH4,Methane,2
CH4_EMISSIONS_VENTED,CH4,CH4,Methane,2
CH4_EMISSIONS_WKOVR_FLARING,CH4,CH4,Methane,2
CH4_EMISSIONS_WKOVR_NO_FLARING,CH4,CH4,Methane,2
DEHYDRATORS_CH4_EMISSIONS,CH4,CH4,Methane,2
DELAYED_COKING_CH4_EMISSIONS,CH4,CH4,Methane,2
DESICCANT_NOT_VENTED_CH4_EMISS,CH4,CH4,Methane,2
DESICCANT_VENTED_CH4_EMISSIONS,CH4,CH4,Methane,2
DUMP_VALVE_CH4_EMISSIONS,CH4,CH4,Methane,2
EQUIP_LEAK_CH4_EMISSIONS,CH4,CH4,Methane,2
FLARE_CH4_EMISSIONS,CH4,CH4,Methane,2
FLARE_STACKS_CH4_EMISSIONS,CH4,CH4,Methane,2
FLARING_CH4_EMISSIONS,CH4,CH4,Methane,2
FLOW_METER_TOTAL_CH4_EMISSIONS,CH4,CH4,Methane,2
LOADINGOPS_CH4_EMISSIONS,CH4,CH4,Methane,2
LOCAL_DIST_CMPNY_CH4_EMISSIONS,CH4,CH4,Methane,2
METHANE,CH4,CH4,Methane,2
Methane,CH4,CH4,Methane,2
Methane (CH4),CH4,CH4,Methane,2
METHOD_CALC_CH4_EMISSIONS,CH4,CH4,Methane,2
ML_ANN_QUAN_RECOV_METHANE_HH4,CH4,CH4,Methane,2
NON_TD_CH4_EMISSIONS,CH4,CH4,Methane,2
QTRLY_CH4_DESTR_ONSITE,CH4,CH4,Methane,2
QTRLY_CH4_TRANS_OFFSITE,CH4,CH4,Methane,2
RECIP_CMPS_ONSHR_TOT_CH4_EMS,CH4,CH4,Methane,2
SMALL_FLARE_CH4_EMISSIONS,CH4,CH4,Methane,2
SMALL_NOT_FLARED_CH4_EMISSIONS,CH4,CH4,Methane,2
SPENT_LIQUOR_CH4_EMISSIONS,CH4,CH4,Methane,2
STORAGETANKS_CH4_EMISSIONS,CH4,CH4,Methane,2
T4CH4COMBUSTIONEMISSIONS,CH4,CH4,Methane,2
TIER_1_CH4_EMISSIONS,CH4,CH4,Methane,2
TIER_2_CH4_EMISSIONS,CH4,CH4,Methane,2
TIER_3_CH4_EMISSIONS,CH4,CH4,Methane,2
TIER1_CH4_COMBUSTION_EMISSIONS,CH4,CH4,Methane,2
TIER2_CH4_COMBUSTION_EMISSIONS,CH4,CH4,Methane,2
TIER3_CH4_COMBUSTION_EMISSIONS,CH4,CH4,Methane,2
TOT_QRTLY_CH4,CH4,CH4,Methane,2
TOTAL_CH4_EMISSIONS,CH4,CH4,Methane,2
TOTAL_COMPRESSOR_CH4_EMISSIONS,CH4,CH4,Methane,2
TOTAL_REPORTED_CH4_EMISSIONS,CH4,CH4,Methane,2
TOTALCH4E,CH4,CH4,Methane,2
UNSTABALIZEDCRUDE_CH4_EMISS,CH4,CH4,Methane,2
VAPOR_RECOVERY_CH4_EMISSIONS,CH4,CH4,Methane,2
VENTING_CH4_EMISSIONS,CH4,CH4,Methane,2
ANNUAL_N2O_EMISSIONS,N2O,N2O,Nitrous Oxide,3
ANNUAL_UNROUNDED_N2O_EMISS,N2O,N2O,Nitrous Oxide,3
c_n2o,N2O,N2O,Nitrous Oxide,3
CEMS_N2O_EMISSIONS,N2O,N2O,Nitrous Oxide,3
DEHYDRATORS_N2O_EMISSIONS,N2O,N2O,Nitrous Oxide,3
DESICCANT_VENTED_N2O_EMISSIONS,N2O,N2O,Nitrous Oxide,3
FLARE_N2O_EMISSIONS,N2O,N2O,Nitrous Oxide,3
FLARE_STACKS_N2O_EMISSIONS,N2O,N2O,Nitrous Oxide,3
FLARING_N2O_EMISSIONS,N2O,N2O,Nitrous Oxide,3
LOCAL_DIST_CMPNY_N2O_EMISSIONS,N2O,N2O,Nitrous Oxide,3
N2O_EMISSIONS,N2O,N2O,Nitrous Oxide,3
N2O_EMISSIONS_FROM_FLARE,N2O,N2O,Nitrous Oxide,3
N2O_EMISSIONS_WKOVR_FLARING,N2O,N2O,Nitrous Oxide,3
NITROUS OXIDE,N2O,N2O,Nitrous Oxide,3
Nitrous Oxide,N2O,N2O,Nitrous Oxide,3
Nitrous Oxide (N2O),N2O,N2O,Nitrous Oxide,3
NITROUS_OXIDE_SOURCE,N2O,N2O,Nitrous Oxide,3
Rounded N2O Emissions from Adipic Acid Production,N2O,N2O,Nitrous Oxide,3
SMALL_FLARE_N2O_EMISSIONS,N2O,N2O,Nitrous Oxide,3
SPENT_LIQUOR_N2O_EMISSIONS,N2O,N2O,Nitrous Oxide,3
T4N2OCOMBUSTIONEMISSIONS,N2O,N2O,Nitrous Oxide,3
TIER_1_N2O_EMISSIONS,N2O,N2O,Nitrous Oxide,3
TIER_2_N2O_EMISSIONS,N2O,N2O,Nitrous Oxide,3
TIER_3_N2O_EMISSIONS,N2O,N2O,Nitrous Oxide,3
TIER1_N2O_COMBUSTION_EMISSIONS,N2O,N2O,Nitrous Oxide,3
TIER2_N2O_COMBUSTION_EMISSIONS,N2O,N2O,Nitrous Oxide,3
TIER3_N2O_COMBUSTION_EMISSIONS,N2O,N2O,Nitrous Oxide,3
TOT_ANN_N2O_OTHR_ELE_MANU_PROC,N2O,N2O,Nitrous Oxide,3
TOTAL_ANN_N2O_CHEM_VAP_DEP_EMI,N2O,N2O,Nitrous Oxide,3
TOTAL_N2O_EMISSIONS,N2O,N2O,Nitrous Oxide,3
TOTAL_REPORTED_N2O_EMISSIONS,N2O,N2O,Nitrous Oxide,3
TOTALN2OE,N2O,N2O,Nitrous Oxide,3
MEAN_VALUE_MASS_SULFURHEXAFLUO,SF6,SF6,Sulfur Hexafluoride,6
SULFUR HEXAFLUORIDE,SF6,SF6,Sulfur Hexafluoride,6
Sulfur hexafluoride,SF6,SF6,Sulfur Hexafluoride,6
Sulfur Hexafluoride,SF6,SF6,Sulfur Hexafluoride,6
Sulfur hexafluoride (SF6),SF6,SF6,Sulfur Hexafluoride,6
Sulfur hexafluoridePlasma etching,SF6,SF6,Sulfur Hexafluoride,6
TOTAL_EMITTED_SF6,SF6,SF6,Sulfur Hexafluoride,6
Fluoroform,CHF3,CHF3,Fluoroform,7
HFC-23,CHF3,CHF3,Fluoroform,7
BIOGENIC CARBON DIOXIDE,BIOCO2,BIOCO2,Biogenic CO2,8
Biogenic Carbon dioxide,BIOCO2,BIOCO2,Biogenic CO2,8
Biogenic Carbon Dioxide (CO2),BIOCO2,BIOCO2,Biogenic CO2,8
Biogenic CO2,BIOCO2,BIOCO2,Biogenic CO2,8
Nitrogen Triflouride,NF3,NF3,Nitrogen Triflouride,9
Nitrogen trifluoride,NF3,NF3,Nitrogen Triflouride,9
Nitrogen trifluoride (NF3),NF3,NF3,Nitrogen Triflouride,9
Nitrogen trifluoridePlasma etching,NF3,NF3,Nitrogen Triflouride,9
Annual mass of HFC-23 emitted from all process vents at the facility (metric tons),HFC,HFC,HFCs,10
Annual mass of HFC-23 emitted from equipment leaks in metric tons,HFC,HFC,HFCs,10
HFC-125,HFC,HFC,HFCs,10
HFC-134A,HFC,HFC,HFCs,10
HFC-134a,HFC,HFC,HFCs,10
HFC-143a,HFC,HFC,HFCs,10
HFC-152a,HFC,HFC,HFCs,10
HFC-236fa,HFC,HFC,HFCs,10
HFC-23Plasma etching,HFC,HFC,HFCs,10
HFC-245fa,HFC,HFC,HFCs,10
HFC-32,HFC,HFC,HFCs,10
HFC-365mfc,HFC,HFC,HFCs,10
HFC-41,HFC,HFC,HFCs,10
HFC-43-10mee,HFC,HFC,HFCs,10
HFCs,HFC,HFC,HFCs,10
Hydrofluorocarbons (HFCs),HFC,HFC,HFCs,10
Rounded HFC-23 emissions (from the destruction process/device),HFC,HFC,HFCs,10
"Rounded HFC-23 emissions (metric tons, output of equation O-4)",HFC,HFC,HFCs,10
"Rounded HFC-23 emissions (metric tons, output of equation O-5)",HFC,HFC,HFCs,10
FC-77 (Blend - Perfluoro-2-butyltetrahydrofuran + C8F18),PFC,PFC,PFCs,11
"Perfluorobuta-1,3-diene",PFC,PFC,PFCs,11
Perfluorocarbons (PFCs),PFC,PFC,PFCs,11
Perfluorocyclobutane,PFC,PFC,PFCs,11
PerfluorocyclobutaneChamber cleaning,PFC,PFC,PFCs,11
PerfluorocyclobutanePlasma etching,PFC,PFC,PFCs,11
Perfluorocyclopropane,PFC,PFC,PFCs,11
PFC C-1418,PFC,PFC,PFCs,11
PFC-116 (PERFLUOROETHANE),PFC,PFC,PFCs,11
PFC-116 (Perfluoroethane),PFC,PFC,PFCs,11
PFC-116 (Perfluoroethane)Chamber cleaning,PFC,PFC,PFCs,11
PFC-116 (Perfluoroethane)Plasma etching,PFC,PFC,PFCs,11
PFC-14 (PERFLUOROMETHANE),PFC,PFC,PFCs,11
PFC-14 (Perfluoromethane),PFC,PFC,PFCs,11
PFC-14 (Perfluoromethane)Chamber cleaning,PFC,PFC,PFCs,11
PFC-14 (Perfluoromethane)Plasma etching,PFC,PFC,PFCs,11
PFC-218 (Perfluoropropane),PFC,PFC,PFCs,11
PFC-3-1-10 (Perfluorobutane),PFC,PFC,PFCs,11
PFC-4-1-12 (Perfluoropentane),PFC,PFC,PFCs,11
PFC-5-1-14 (Perfluorohexane),PFC,PFC,PFCs,11
"PFC-5-1-14 (Perfluorohexane, FC 72)",PFC,PFC,PFCs,11
PFC-9-1-18,PFC,PFC,PFCs,11
PFCs,PFC,PFC,PFCs,11
PFPMIE (HT-70),PFC,PFC,PFCs,11
TOTAL_EMITTED_PFC_9_1_18,PFC,PFC,PFCs,11
HFE-449s1 (HFE-7100) (C4F9OCH3 + (CF3)2CHCH2OCH3),HFE,HFE,HFEs,12
"HFE-449sl, (HFE-7100) Isomer blend",HFE,HFE,HFEs,12
HFE-569sf2 (HFE-7200) (C4F9OC2H5 + (CF3)2CHCH2OC2H5),HFE,HFE,HFEs,12
"HFE-569sf2, (HFE-7200) Isomer blend",HFE,HFE,HFEs,12
HFE-7100,HFE,HFE,HFEs,12
HFE-7100 (methyl nonafluorobutyl ether),HFE,HFE,HFEs,12
HFE-7100 (methyl nonafluoroisobutyl ether),HFE,HFE,HFEs,12
HFE-7200,HFE,HFE,HFEs,12
HFE-72DA,HFE,HFE,HFEs,12
"HFE-72DA (1,2-Trans-dichloroethylene + Ethyl nonafluorobutyl ether + Ethyl nonafluoroisobutyl ether + Methyl nonafluorobutyl ether + Methyl nonafluoroisobutyl ether + Isopropyl alcohol)",HFE,HFE,HFEs,12
"HFE-7300 (CF3CF2CF(OCH3)CF(CF3)2, 1,1,1,2,2,3,4,5,5,5-decafluoro-3-methoxy-4-trifluoromethyl-pentane)",HFE,HFE,HFEs,12
HFE-7500,HFE,HFE,HFEs,12
"HFE-7500 (CF3CF2CF2CF(OC2H5)CF(CF3)2, 3-ethoxy-1,1,1,2,3,4,4,5,5,6,6,6-dodecafluoro-2-trifluoromethyl-hexane)",HFE,HFE,HFEs,12
HFEs,HFE,HFE,HFEs,12
"1,3-DICHLORO-1,1,2,2,3-PENTAFLUOROPROPANE",Other,Other,Other,13
"1,3-Hexafluorobutadiene",Other,Other,Other,13
"1,3-Hexafluorobutadiene (C4F6)",Other,Other,Other,13
"3,3-DICHLORO-1,1,1,2,2-PENTAFLUOROPROPANE",Other,Other,Other,13
AIR,Other,Other,Other,13
D02-TS (CF3(OCFCF3CF2)n-(OCF2)m-OCF3),Other,Other,Other,13
DO2-TS,Other,Other,Other,13
FC-3283,Other,Other,Other,13
FC-3283 (Perfluorotripropylamine),Other,Other,Other,13
"FC-3283/FC-8270 ((C3F7)3N, Perfluorotripropylamine)",Other,Other,Other,13
FC-3284 (Perfluoro-n-methylmorpholine),Other,Other,Other,13
"FC-40 ((C4F9)3N, Perfluorotributylamine (PTBA))",Other,Other,Other,13
FC-40 FLUORINERT,Other,Other,Other,13
"FC-43 (N(CF2CF2CF2CF3)3, Perfluorotributylamine (PTBA))",Other,Other,Other,13
"FC-70 ((C5F11)3N, Perfluorotripentylamine)/FC-5312 (Perfluoro compounds)",Other,Other,Other,13
FC-72 (Perfluorohexane),Other,Other,Other,13
"FC-770 (C5F15NO, Perfluoroisopropylmorpholine)",Other,Other,Other,13
FC-770 (Perfluoro N-alkyl morpholines),Other,Other,Other,13
"FC-84 (C7F16, Perfluoroheptane)",Other,Other,Other,13
Fluorinert FC-770,Other,Other,Other,13
Fomblin,Other,Other,Other,13
Galden D03,Other,Other,Other,13
Galden DET,Other,Other,Other,13
Galden HT 110,Other,Other,Other,13
Galden HT-110,Other,Other,Other,13
Galden HT80,Other,Other,Other,13
Galden ZT-130 (HCF2OCF2OCF2CF2OCF2H),Other,Other,Other,13
Galden ZT-150 (HCF2OCF2OCF2CF2OCF2H),Other,Other,Other,13
HFX-100,Other,Other,Other,13
HT-110,Other,Other,Other,13
HT-110 (CF3(OCFCF3CF2)n-(OCF2)m-OCF3),Other,Other,Other,13
HT-135,Other,Other,Other,13
HT-135 (CF3(OCFCF3CF2)n-(OCF2)m-OCF3),Other,Other,Other,13
HT-170,Other,Other,Other,13
HT-200,Other,Other,Other,13
HT-200 (CF3(OCFCF3CF2)n-(OCF2)m-OCF3),Other,Other,Other,13
HT-270 (CF3(OCFCF3CF2)n-(OCF2)m-OCF3),Other,Other,Other,13
HT-70,Other,Other,Other,13
"HT-70 (CF3OCF(CF3)CF2OCF2OCF3, PFPMIE)",Other,Other,Other,13
Krytox Grease 240 AD,Other,Other,Other,13
Octafluorocyclopentene,Other,Other,Other,13
Octafluorocyclopentene (C5F8),Other,Other,Other,13
Octafluorotetrahydrofuran,Other,Other,Other,13
Other,Other,Other,Other,13
OTHER GHG COVER GAS,Other,Other,Other,13
Solvay Fomblin 14/6,Other,Other,Other,13
SULFUR DIOXIDE,Other,Other,Other,13
Fluorinated GHG Production (CO2e),Other_L,Other_L,Fluorinated GHG Production (CO2e),14
Fluorinated GHG Production (CO2e) ,Other_L,Other_L,Fluorinated GHG Production (CO2e),14
Very Short-lived Compounds,Very_Short,Very_Short,Very Short-lived Compounds,15
FC-3283/FC-8270 (Perfluorotripropylamine),Other_Full,Other_Full,Other Fully Fluorinated GHGs,16
"HFE-7500 (3-ethoxy-1,1,1,2,3,4,4,5,5,6,6,6-dodecafluoro-2-trifluoromethyl-hexane)",Other_Full,Other_Full,Other Fully Fluorinated GHGs,16
MASS_EMITTED_FLUOROBUTANE,Other_Full,Other_Full,Other Fully Fluorinated GHGs,16
MASS_EMITTED_FLUOROCYCLOBUTANE,Other_Full,Other_Full,Other Fully Fluorinated GHGs,16
MASS_EMITTED_FLUOROCYCLOPROPAN,Other_Full,Other_Full,Other Fully Fluorinated GHGs,16
MASS_EMITTED_FLUORODECALIN,Other_Full,Other_Full,Other Fully Fluorinated GHGs,16
MASS_EMITTED_FLUOROETHANE,Other_Full,Other_Full,Other Fully Fluorinated GHGs,16
MASS_EMITTED_FLUOROHEXANE,Other_Full,Other_Full,Other Fully Fluorinated GHGs,16
MASS_EMITTED_FLUOROMETHANE,Other_Full,Other_Full,Other Fully Fluorinated GHGs,16
MASS_EMITTED_FLUOROPENTANE,Other_Full,Other_Full,Other Fully Fluorinated GHGs,16
MASS_EMITTED_FLUOROPROPANE,Other_Full,Other_Full,Other Fully Fluorinated GHGs,16
MASS_EMITTED_SULFURHEXAFLUORID,Other_Full,Other_Full,Other Fully Fluorinated GHGs,16
MEAN_VALUE_MASS_FLUOROCYCLOBUT,Other_Full,Other_Full,Other Fully Fluorinated GHGs,16
MEAN_VALUE_MASS_FLUORODECALIN,Other_Full,Other_Full,Other Fully Fluorinated GHGs,16
MEAN_VALUE_MASS_FLUOROETHANE,Other_Full,Other_Full,Other Fully Fluorinated GHGs,16
MEAN_VALUE_MASS_FLUOROHEXANE,Other_Full,Other_Full,Other Fully Fluorinated GHGs,16
MEAN_VALUE_MASS_FLUOROMETHANE,Other_Full,Other_Full,Other Fully Fluorinated GHGs,16
MEAN_VALUE_MASS_FLUOROPENTANE,Other_Full,Other_Full,Other Fully Fluorinated GHGs,16
MEAN_VALUE_MASS_FLUOROPROPANE,Other_Full,Other_Full,Other Fully Fluorinated GHGs,16
MEAN_VALUE_MASS_PERFLUOROBUTAN,Other_Full,Other_Full,Other Fully Fluorinated GHGs,16
NOVEC 649/1230  FK 5-1-12  PERFLUORO(2-METHYL-3-PENTANONE),Other_Full,Other_Full,Other Fully Fluorinated GHGs,16
Other Fully Fluorinated GHGs,Other_Full,Other_Full,Other Fully Fluorinated GHGs,16
TOTAL_EMIT_FLUOROCYCLOBUTANE,Other_Full,Other_Full,Other Fully Fluorinated GHGs,16
TOTAL_EMIT_PERFLUOROBUTANE,Other_Full,Other_Full,Other Fully Fluorinated GHGs,16
TOTAL_EMIT_PERFLUOROCYCLOPROPA,Other_Full,Other_Full,Other Fully Fluorinated GHGs,16
TOTAL_EMIT_PERFLUOROETHANE,Other_Full,Other_Full,Other Fully Fluorinated GHGs,16
TOTAL_EMIT_PERFLUOROHEXANE,Other_Full,Other_Full,Other Fully Fluorinated GHGs,16
TOTAL_EMIT_PERFLUOROMETHANE,Other_Full,Other_Full,Other Fully Fluorinated GHGs,16
TOTAL_EMIT_PERFLUOROPENTANE,Other_Full,Other_Full,Other Fully Fluorinated GHGs,16
TOTAL_EMIT_PERFLUOROPROPANE,Other_Full,Other_Full,Other Fully Fluorinated GHGs,16
Annual Mass of Carbon Dioxide Sequestered (metric tons),,0,,
Equation RR-10 Surface Leakage Summation (Metric Tons),,0,,
Equation RR-6 Injection Flow Meter Summation (Metric Tons),,0,,
Injection Flow Meter:  Mass of CO2 Injected (Metric tons),,0,,
Production Process,,0,,
The entrained CO2 in produced oil or other fluid divided by the CO2 separated through all separators in the reporting year,,0,,
Total Mass of Carbon Dioxide Sequestered (metric tons),,0,,
Transformation,,0,,
Transformation Process,,0,,
