Compartment,FlowName,Unit,FlowAmount
air,FORMALDEHYDE,Pounds,4815506.44
air,PIPERONYL BUTOXIDE,Pounds,27.165
air,FLUOROURACIL,Pounds,6.24
air,"2,4-DINITROPHENOL",Pounds,1
air,URETHANE,Pounds,97.866
air,TRICHLORFON,Pounds,269
air,2-ACETYLAMINOFLUORENE,Pounds,4
air,N-NITROSODIETHYLAMINE,Pounds,0.08
air,BENZAMIDE,Pounds,0
air,NITROGLYCERIN,Pounds,69696.25085
air,CARBON TETRACHLORIDE,Pounds,371664.609
air,PARATHION,Pounds,10.34002
air,"1,1-DIMETHYL HYDRAZINE",Pounds,13.026
air,PENTOBARBITAL SODIUM,Pounds,4
air,PHENYTOIN,Pounds,1700
air,CHLORDANE,Pounds,39.155
air,LINDANE,Pounds,29.221
air,4-AMINOAZOBENZENE,Pounds,0
air,4-DIMETHYLAMINOAZOBENZENE,Pounds,14
air,METHYL HYDRAZINE,Pounds,13
air,ACETAMIDE,Pounds,198.82
air,DIMETHOATE,Pounds,37.3
air,AMITROLE,Pounds,14.07
air,ANILINE,Pounds,79530.9637
air,THIOACETAMIDE,Pounds,17.62
air,THIOUREA,Pounds,29.6532
air,DICHLORVOS,Pounds,19.020001
air,CARBARYL,Pounds,866.005
air,FORMIC ACID,Pounds,297462.9355
air,DIETHYL SULFATE,Pounds,5085.92
air,TETRACYCLINE HYDROCHLORIDE,Pounds,198.22
air,METHANOL,Pounds,100827206
air,"ISOPROPYL ALCOHOL (MANUFACTURING,STRONG-ACID PROCESS ONLY,NO SUPPLIER)",Pounds,1666.73
air,CHLOROFORM,Pounds,811233.8203
air,HEXACHLOROETHANE,Pounds,869.75
air,"N,N-DIMETHYLFORMAMIDE",Pounds,237155.6283
air,HEXACHLOROPHENE,Pounds,27.73
air,N-BUTYL ALCOHOL,Pounds,8600167.7
air,BENZENE,Pounds,3007198.972
air,"1,1,1-TRICHLOROETHANE",Pounds,38601.4032
air,METHOXYCHLOR,Pounds,12.572
air,TRYPAN BLUE,Pounds,20.06
air,BROMOMETHANE,Pounds,252990.54
air,ETHYLENE,Pounds,13780691.3
air,CHLOROMETHANE,Pounds,956623.2705
air,METHYL IODIDE,Pounds,20235.945
air,HYDROGEN CYANIDE,Pounds,7622931.58
air,METHYLENE BROMIDE,Pounds,4965.1
air,CHLOROETHANE,Pounds,166805.0694
air,VINYL CHLORIDE,Pounds,573956.462
air,VINYL FLUORIDE,Pounds,99540.2
air,ACETONITRILE,Pounds,626209.712
air,ACETALDEHYDE,Pounds,8127324.455
air,DICHLOROMETHANE,Pounds,2607295.555
air,CARBON DISULFIDE,Pounds,8753901.386
air,ETHYLENE OXIDE,Pounds,321244.966
air,BROMOFORM,Pounds,0
air,DICHLOROBROMOMETHANE,Pounds,0
air,ETHYLIDENE DICHLORIDE,Pounds,8331.06
air,VINYLIDENE CHLORIDE,Pounds,21969.058
air,DICHLOROFLUOROMETHANE,Pounds,780
air,PHOSGENE,Pounds,5698.773
air,CHLORODIFLUOROMETHANE,Pounds,1908567.66
air,NITROMETHANE,Pounds,58463.31
air,PROPYLENEIMINE,Pounds,345.16
air,PROPYLENE OXIDE,Pounds,311152.3435
air,BROMOTRIFLUOROMETHANE,Pounds,11346
air,TERT-BUTYL ALCOHOL,Pounds,389694.51
air,"1-CHLORO-1,1-DIFLUOROETHANE",Pounds,223599
air,TRICHLOROFLUOROMETHANE,Pounds,120788.95
air,DICHLORODIFLUOROMETHANE,Pounds,26711
air,2-METHYLLACTONITRILE,Pounds,15793.11
air,"2-CHLORO-1,1,1-TRIFLUOROETHANE",Pounds,30478
air,PENTACHLOROETHANE,Pounds,684.92
air,TRICHLOROACETYL CHLORIDE,Pounds,7.2
air,CHLOROPICRIN,Pounds,3319.71
air,FREON 113,Pounds,696362.24
air,DICHLOROTETRAFLUOROETHANE (CFC-114),Pounds,103730.5909
air,MONOCHLOROPENTAFLUOROETHANE,Pounds,15909.45
air,HEPTACHLOR,Pounds,14.043
air,TRIPHENYLTIN HYDROXIDE,Pounds,0
air,PHENOLPHTHALEIN,Pounds,0
air,HEXACHLOROCYCLOPENTADIENE,Pounds,224.010003
air,DICYCLOPENTADIENE,Pounds,147988.504
air,DIMETHYL SULFATE,Pounds,556.2981
air,"S,S,S-TRIBUTYLTRITHIOPHOSPHATE",Pounds,10
air,ISOPRENE,Pounds,128959.0389
air,ISOBUTYRALDEHYDE,Pounds,116623.152
air,"1,2-DICHLOROPROPANE",Pounds,16214.86
air,"2,3-DICHLOROPROPENE",Pounds,4995
air,SEC-BUTYL ALCOHOL,Pounds,311668.4516
air,"1,1,2-TRICHLOROETHANE",Pounds,43505.8007
air,TRICHLOROETHYLENE,Pounds,2130266.65
air,ACRYLAMIDE,Pounds,17414.33645
air,ACRYLIC ACID,Pounds,282728.3899
air,CHLOROACETIC ACID,Pounds,5497.37
air,THIOSEMICARBAZIDE,Pounds,13
air,PERACETIC ACID,Pounds,95011.234
air,METHYL CHLOROCARBONATE,Pounds,131.3
air,"1,1,2,2-TETRACHLOROETHANE",Pounds,3387.02
air,DIMETHYLCARBAMYL CHLORIDE,Pounds,14.05
air,2-NITROPROPANE,Pounds,35456.1
air,TETRABROMOBISPHENOL A,Pounds,3053.35
air,"4,4'-ISOPROPYLIDENEDIPHENOL",Pounds,26801.047
air,CUMENE HYDROPEROXIDE,Pounds,32232.465
air,METHYL METHACRYLATE,Pounds,1773305.125
air,C.I. FOOD RED 15,Pounds,0
air,QUINTOZENE,Pounds,1.06
air,DIBUTYL PHTHALATE,Pounds,6626.653
air,PHENANTHRENE,Pounds,57304.545
air,PHTHALIC ANHYDRIDE,Pounds,196693.9133
air,N-NITROSODIPHENYLAMINE,Pounds,11
air,"2,6-XYLIDINE",Pounds,90
air,"HEXACHLORO-1,3-BUTADIENE",Pounds,2397.48
air,PENTACHLOROPHENOL,Pounds,397.83
air,"2,4,6-TRICHLOROPHENOL",Pounds,19.033
air,2-NITROPHENOL,Pounds,0
air,DINITROBUTYL PHENOL,Pounds,45
air,PICRIC ACID,Pounds,10.3
air,O-ANISIDINE,Pounds,228
air,2-PHENYLPHENOL,Pounds,99.13
air,"TOLUENE-2,6-DIISOCYANATE",Pounds,380.9246183
air,NAPHTHALENE,Pounds,871599.6466
air,QUINOLINE,Pounds,461.6418
air,BETA-NAPHTHYLAMINE,Pounds,14
air,"3,3'-DICHLOROBENZIDINE",Pounds,14
air,BIPHENYL,Pounds,142123.8735
air,4-AMINOBIPHENYL,Pounds,129
air,BENZIDINE,Pounds,14.01
air,MECOPROP,Pounds,254
air,BENZOYL PEROXIDE,Pounds,631.151
air,DIHYDROSAFROLE,Pounds,0.04
air,SAFROLE,Pounds,0.13
air,METHOXONE,Pounds,70
air,"2,4-D",Pounds,1163.302
air,"2,4-D BUTYL ESTER",Pounds,
air,"2,4-DB",Pounds,
air,O-XYLENE,Pounds,206275.32
air,O-CRESOL,Pounds,5154.45
air,"1,2-DICHLOROBENZENE",Pounds,78102.76
air,O-TOLUIDINE,Pounds,5624.8793
air,"1,2-PHENYLENEDIAMINE",Pounds,365.68
air,"1,2,4-TRIMETHYLBENZENE",Pounds,4888992.869
air,"2,4-DIAMINOTOLUENE",Pounds,438.023
air,"2,4,5-TRICHLOROPHENOL",Pounds,29.034
air,STYRENE OXIDE,Pounds,126
air,"1,2-DIBROMO-3-CHLOROPROPANE",Pounds,0.025
air,"1,2,3-TRICHLOROPROPANE",Pounds,2716.68
air,METHYL ACRYLATE,Pounds,90475.91651
air,ETHYLENE THIOUREA,Pounds,100.08
air,DICHLOROPHENE,Pounds,3
air,BENZOIC TRICHLORIDE,Pounds,14.026
air,CUMENE,Pounds,871635.8987
air,ACETOPHENONE,Pounds,134366.6019
air,BENZAL CHLORIDE,Pounds,170.06
air,BENZOYL CHLORIDE,Pounds,1975.58
air,NITROBENZENE,Pounds,22455.376
air,DICHLORAN,Pounds,
air,5-NITRO-O-TOLUIDINE,Pounds,0.1683
air,M-DINITROBENZENE,Pounds,16
air,P-NITROANILINE,Pounds,48.9
air,4-NITROPHENOL,Pounds,0.06
air,ETHYLBENZENE,Pounds,2481125.02
air,STYRENE,Pounds,26829336.27
air,BENZYL CHLORIDE,Pounds,27536.8165
air,N-NITROSOPIPERIDINE,Pounds,0.05
air,"4,4'-METHYLENEBIS(2-CHLOROANILINE)",Pounds,1499.699
air,"4,4'-METHYLENEDIANILINE",Pounds,1527.02
air,"4,4'-DIAMINODIPHENYL ETHER",Pounds,5832.6
air,DIGLYCIDYL RESORCINOL ETHER,Pounds,0
air,"2,4-DIMETHYLPHENOL",Pounds,10533.58
air,P-XYLENE,Pounds,590572.5
air,P-CRESOL,Pounds,6305.9503
air,"1,4-DICHLOROBENZENE",Pounds,21364.748
air,P-CHLOROANILINE,Pounds,278.089006
air,P-PHENYLENEDIAMINE,Pounds,29775.8
air,QUINONE,Pounds,14.05
air,"1,2-BUTYLENE OXIDE",Pounds,1730.3
air,EPICHLOROHYDRIN,Pounds,108674.1051
air,"1,2-DIBROMOETHANE",Pounds,782.9
air,1-BROMOPROPANE,Pounds,626659.63
air,"1,3-BUTADIENE",Pounds,1220908.419
air,ACROLEIN,Pounds,322921.5882
air,ALLYL CHLORIDE,Pounds,19415.69
air,"1,2-DICHLOROETHANE",Pounds,374429.4187
air,ALLYLAMINE,Pounds,2848
air,ACRYLONITRILE,Pounds,364889.424
air,ALLYL ALCOHOL,Pounds,58050.7141
air,PROPARGYL ALCOHOL,Pounds,1141.0591
air,ETHYLENE GLYCOL,Pounds,1817241.797
air,CHLOROMETHYL METHYL ETHER,Pounds,654
air,VINYL ACETATE,Pounds,1146927.708
air,METHYL ISOBUTYL KETONE,Pounds,2617588.167
air,MALEIC ANHYDRIDE,Pounds,352443.5097
air,M-XYLENE,Pounds,262636.909
air,M-CRESOL,Pounds,7949.6289
air,"1,3-PHENYLENEDIAMINE",Pounds,1743.22
air,BIS(2-CHLORO-1-METHYLETHYL) ETHER,Pounds,1018
air,TOLUENE,Pounds,18048772.9
air,CHLOROBENZENE,Pounds,403465.322
air,CYCLOHEXANOL,Pounds,42395.42094
air,PHENOL,Pounds,3541789.061
air,2-METHYLPYRIDINE,Pounds,5326.013
air,MALONONITRILE,Pounds,17.898
air,2-METHOXYETHANOL,Pounds,4341.34
air,FURAN,Pounds,3870.04
air,N-HEXANE,Pounds,34527221.57
air,"TRANS-1,4-DICHLORO-2-BUTENE",Pounds,16.54
air,2-ETHOXYETHANOL,Pounds,2925.874
air,CYCLOHEXANE,Pounds,3790930.522
air,PYRIDINE,Pounds,49257.43536
air,DIETHANOLAMINE,Pounds,189493.1877
air,BIS(2-CHLOROETHYL) ETHER,Pounds,96.26125
air,BIS(2-CHLOROETHOXY)METHANE,Pounds,0.010007
air,PROPOXUR,Pounds,0.57
air,PROPYLENE,Pounds,6980927.788
air,DICOFOL,Pounds,9.76
air,ALDICARB,Pounds,14
air,TETRAFLUOROETHYLENE,Pounds,180720.73
air,DI(2-ETHYLHEXYL) PHTHALATE,Pounds,27335.1267
air,HEXACHLOROBENZENE,Pounds,924.1958
air,"3,3'-DIMETHOXYBENZIDINE",Pounds,14.04
air,"3,3'-DIMETHYLBENZIDINE",Pounds,14.05
air,ANTHRACENE,Pounds,4521.674
air,ISOSAFROLE,Pounds,0.05
air,P-CRESIDINE,Pounds,11.55
air,CATECHOL,Pounds,4831.2
air,"1,2,4-TRICHLOROBENZENE",Pounds,11001.067
air,"2,4-DICHLOROPHENOL",Pounds,4257.014
air,"2,4-DINITROTOLUENE",Pounds,10692.004
air,TRIETHYLAMINE,Pounds,191510.0632
air,"N,N-DIMETHYLANILINE",Pounds,1222.175
air,MALATHION,Pounds,4379.3871
air,SIMAZINE,Pounds,30
air,DIPHENYLAMINE,Pounds,19999.635
air,"1,2-DIPHENYLHYDRAZINE",Pounds,14.08
air,HYDROQUINONE,Pounds,37464.4535
air,PROPIONALDEHYDE,Pounds,167252.684
air,PARALDEHYDE,Pounds,91.676
air,BUTYRALDEHYDE,Pounds,352250.948
air,"1,4-DIOXANE",Pounds,55732.39
air,DIMETHYLAMINE,Pounds,118324.2128
air,"TRIS(2,3-DIBROMOPROPYL) PHOSPHATE",Pounds,0.03
air,METHACRYLONITRILE,Pounds,5.35
air,CHLOROPRENE,Pounds,240720.8912
air,TETRACHLOROETHYLENE,Pounds,667902.0487
air,POTASSIUM DIMETHYLDITHIOCARBAMATE,Pounds,384
air,SODIUM DIMETHYLDITHIOCARBAMATE,Pounds,76.05
air,DIMETHYL PHTHALATE,Pounds,134455.5031
air,SODIUM O-PHENYLPHENOXIDE,Pounds,0
air,DIBENZOFURAN,Pounds,3268.543
air,CAPTAN,Pounds,31.61003
air,FOLPET,Pounds,242
air,ALPHA-NAPHTHYLAMINE,Pounds,3
air,DIPROPYL ISOCINCHOMERONATE,Pounds,10
air,THIRAM,Pounds,3044.6917
air,POTASSIUM N-METHYLDITHIOCARBAMATE,Pounds,10
air,METHAM SODIUM,Pounds,1293.14
air,NITRILOTRIACETIC ACID,Pounds,1
air,ETHYL ACRYLATE,Pounds,56514.34359
air,BUTYL ACRYLATE,Pounds,180063.706
air,NABAM,Pounds,0
air,THIABENDAZOLE,Pounds,22.5
air,2-MERCAPTOBENZOTHIAZOLE,Pounds,992.2925
air,MERPHOS,Pounds,10
air,MONURON,Pounds,9
air,ETHYLENEIMINE,Pounds,13
air,CALCIUM CYANAMIDE,Pounds,21.17
air,"BENZO(G,H,I)PERYLENE",Pounds,21024.93328
air,NALED,Pounds,10
air,HYDRAZINE,Pounds,1571.06
air,"2,2-DICHLORO-1,1,1-TRIFLUOROETHANE",Pounds,107810
air,ALDRIN,Pounds,164.3
air,DIURON,Pounds,62.275
air,LINURON,Pounds,10.32
air,DIAZINON,Pounds,807.72903
air,BROMOCHLORODIFLUOROMETHANE,Pounds,2153
air,"1,1,1,2-TETRACHLORO-2-FLUOROETHANE",Pounds,10
air,"1,2-DICHLORO-1,1,2-TRIFLUOROETHANE",Pounds,89724
air,"1-CHLORO-1,1,2,2-TETRAFLUOROETHANE",Pounds,4018.5
air,"3-CHLORO-1,1,1-TRIFLUOROPROPANE",Pounds,169
air,CARBONYL SULFIDE,Pounds,12643880.57
air,ISODRIN,Pounds,0.05
air,C.I. SOLVENT YELLOW 34,Pounds,14
air,MUSTARD GAS,Pounds,0
air,CHLOROBENZILATE,Pounds,14.04
air,DAZOMET,Pounds,10
air,"4,6-DINITRO-O-CRESOL",Pounds,1
air,"1,2-DICHLOROETHYLENE",Pounds,32847.219
air,ETHYL CHLOROFORMATE,Pounds,15
air,"1,3-DICHLOROBENZENE",Pounds,14.14
air,"1,3-DICHLOROPROPYLENE",Pounds,6749.57
air,3-CHLOROPROPIONITRILE,Pounds,1
air,BIS(CHLOROMETHYL) ETHER,Pounds,13
air,LITHIUM CARBONATE,Pounds,12120.53
air,GLYCIDOL,Pounds,21984
air,METHYL ISOTHIOCYANATE,Pounds,
air,3-CHLORO-2-METHYL-1-PROPENE,Pounds,787.04003
air,"TOLUENE-2,4-DIISOCYANATE",Pounds,736.5711488
air,"2,6-DINITROTOLUENE",Pounds,2728.031
air,PENTACHLOROBENZENE,Pounds,70.2696
air,"3,3'-DICHLOROBENZIDINE DIHYDROCHLORIDE",Pounds,0
air,N-NITROSODI-N-PROPYLAMINE,Pounds,1.03
air,METHYL ISOCYANATE,Pounds,15.688
air,"1,1,1,2-TETRACHLOROETHANE",Pounds,5158.05
air,O-TOLUIDINE HYDROCHLORIDE,Pounds,0.05
air,N-NITROSO-N-METHYLUREA,Pounds,0.04
air,PROPANIL,Pounds,1009
air,N-NITROSO-N-ETHYLUREA,Pounds,13.04
air,ETHYL DIPROPYLTHIOCARBAMATE,Pounds,170
air,"1,4-DICHLORO-2-BUTENE",Pounds,2651.04
air,AMETRYN,Pounds,1932
air,N-METHYL-2-PYRROLIDONE,Pounds,1775722.164
air,N-NITROSODI-N-BUTYLAMINE,Pounds,0.036
air,N-METHYLOLACRYLAMIDE,Pounds,3097.2672
air,TETRACHLORVINPHOS,Pounds,30
air,PROPANE SULTONE,Pounds,33.88
air,CYCLOATE,Pounds,10
air,DECABROMODIPHENYL OXIDE,Pounds,1003.02
air,MOLYBDENUM TRIOXIDE,Pounds,69999.8623
air,THORIUM DIOXIDE,Pounds,0
air,CRESOL (MIXED ISOMERS),Pounds,1219130.395
air,XYLENE (MIXED ISOMERS),Pounds,12498051.95
air,ASBESTOS (FRIABLE),Pounds,284.8161
air,POLYCHLORINATED BIPHENYLS,Pounds,372.17418
air,ALUMINUM OXIDE (FIBROUS FORMS),Pounds,5608.0667
air,DIEPOXYBUTANE,Pounds,14.001003
air,CARBOFURAN,Pounds,12.010008
air,TRIFLURALIN,Pounds,907.227
air,METHYL TERT-BUTYL ETHER,Pounds,180253.8578
air,"1,2-DICHLORO-1,1-DIFLUOROETHANE",Pounds,22570
air,BROMOXYNIL,Pounds,31
air,BROMOXYNIL OCTANOATE,Pounds,2.6
air,"1,1-DICHLORO-1-FLUOROETHANE",Pounds,9600
air,BENFLURALIN,Pounds,500
air,CHLOROTHALONIL,Pounds,7948.7
air,PARAQUAT DICHLORIDE,Pounds,517
air,ATRAZINE,Pounds,41205.27705
air,DICAMBA,Pounds,2912.395
air,PICLORAM,Pounds,264.09
air,PROPACHLOR,Pounds,15.077
air,"2,4-D 2-ETHYLHEXYL ESTER",Pounds,8958
air,"2,4-D BUTOXYETHYL ESTER",Pounds,27
air,NITRAPYRIN,Pounds,14.74
air,C.I. DIRECT BLACK 38,Pounds,6
air,SODIUM DICAMBA,Pounds,2439
air,METHIOCARB,Pounds,
air,TRIBUTYLTIN METHACRYLATE,Pounds,0
air,DIPOTASSIUM ENDOTHALL,Pounds,2.27
air,FLUOMETURON,Pounds,
air,DIMETHYLAMINE DICAMBA,Pounds,385.4
air,DIALLATE,Pounds,15.05
air,TRIALLATE,Pounds,10
air,PROPARGITE,Pounds,165
air,DODINE,Pounds,
air,DIMETHYL CHLOROTHIOPHOSPHATE,Pounds,
air,SULFURYL FLUORIDE,Pounds,295930.68
air,"2,4-D SODIUM SALT",Pounds,0
air,"2-CHLORO-1,1,1,2-TETRAFLUOROETHANE",Pounds,91656.8
air,"2,2-BIS(BROMOMETHYL)-1,3-PROPANEDIOL",Pounds,81
air,TEMEPHOS,Pounds,0.02004
air,METHOXONE SODIUM SALT,Pounds,5
air,"1-(3-CHLOROALLYL)-3,5,7-TRIAZA-1-AZONIAADAMANTANE CHLORIDE",Pounds,245.84
air,CROTONALDEHYDE,Pounds,5625.073294
air,CARBOXIN,Pounds,12.26
air,CHLORPYRIFOS METHYL,Pounds,
air,TERBACIL,Pounds,
air,C.I. ACID RED 114,Pounds,0
air,PROMETRYN,Pounds,510
air,ALUMINUM (FUME OR DUST),Pounds,1570448.691
air,LEAD,Pounds,101806.5342
air,MANGANESE,Pounds,411932.5865
air,MERCURY,Pounds,5832.379571
air,NICKEL,Pounds,136468.4493
air,SILVER,Pounds,4181.94
air,THALLIUM,Pounds,9.462
air,ANTIMONY,Pounds,6779.444
air,ARSENIC,Pounds,279.84011
air,BARIUM,Pounds,10544.388
air,BERYLLIUM,Pounds,2897.58
air,CADMIUM,Pounds,116.506514
air,CHROMIUM,Pounds,111517.338
air,COBALT,Pounds,13837.48382
air,COPPER,Pounds,490196.0993
air,VANADIUM (EXCEPT WHEN CONTAINED IN AN ALLOY),Pounds,1572.668
air,ZINC (FUME OR DUST),Pounds,445497.3813
air,TITANIUM TETRACHLORIDE,Pounds,18360.334
air,SODIUM NITRITE,Pounds,1114463.191
air,BORON TRIFLUORIDE,Pounds,15041.6
air,"HYDROCHLORIC ACID (1995 AND AFTER ""ACID AEROSOLS"" ONLY)",Pounds,42720593.14
air,HYDROGEN FLUORIDE,Pounds,12397230.68
air,AMMONIA,Pounds,120179253.6
air,"SULFURIC ACID (1994 AND AFTER ""ACID AEROSOLS"" ONLY)",Pounds,64027211.83
air,TETRAMETHRIN,Pounds,
air,NITRIC ACID,Pounds,1776602.453
air,PHOSPHORUS (YELLOW OR WHITE),Pounds,2095.197
air,BROMINE,Pounds,508025.47
air,POTASSIUM BROMATE,Pounds,20
air,FLUORINE,Pounds,18334.05
air,SELENIUM,Pounds,45851.7812
air,CHLORINE,Pounds,3801599.659
air,HYDROGEN SULFIDE,Pounds,18829440.27
air,MEVINPHOS,Pounds,
air,PHOSPHINE,Pounds,327
air,TOXAPHENE,Pounds,17.634
air,CREOSOTE,Pounds,233017.832
air,OZONE,Pounds,684515.04
air,HYDRAZINE SULFATE,Pounds,0
air,CHLORINE DIOXIDE,Pounds,564088.8
air,"TRANS-1,3-DICHLOROPROPENE",Pounds,67
air,BORON TRICHLORIDE,Pounds,2624
air,RESMETHRIN,Pounds,3
air,ZINEB,Pounds,9
air,ETHOPROP,Pounds,
air,FENBUTATIN OXIDE,Pounds,
air,IRON PENTACARBONYL,Pounds,27731
air,FERBAM,Pounds,12
air,ALACHLOR,Pounds,30.421
air,BENOMYL,Pounds,8.0102
air,ORYZALIN,Pounds,0
air,OXYDIAZON,Pounds,58
air,"3,3'-DIMETHOXYBENZIDINE DIHYDROCHLORIDE",Pounds,14
air,OSMIUM TETROXIDE,Pounds,13
air,ALUMINUM PHOSPHIDE,Pounds,24.9
air,METRIBUZIN,Pounds,226.65
air,CYANAZINE,Pounds,41
air,THIOPHANATE-METHYL,Pounds,856.49902
air,PRONAMIDE,Pounds,0.35
air,DINITROTOLUENE (MIXED ISOMERS),Pounds,1559.763
air,DICHLOROBENZENE (MIXED ISOMERS),Pounds,454.052
air,DIAMINOTOLUENE (MIXED ISOMERS),Pounds,4612.79
air,PHENOTHRIN,Pounds,20
air,TOLUENE DIISOCYANATE (MIXED ISOMERS),Pounds,19050.48067
air,SODIUM AZIDE,Pounds,14.69
air,TRIFORINE,Pounds,10
air,NORFLURAZON,Pounds,
air,THIOBENCARB,Pounds,757
air,C.I. DIRECT BLUE 218,Pounds,24.28
air,OCTACHLOROSTYRENE,Pounds,0
air,ACEPHATE,Pounds,13.49966
air,TEBUTHIURON,Pounds,
air,DIFLUBENZURON,Pounds,10
air,"1-BROMO-1-(BROMOMETHYL)-1,3-PROPANEDICARBONITRILE",Pounds,
air,FENPROPATHRIN,Pounds,
air,PENDIMETHALIN,Pounds,3260.703
air,PROFENOFOS,Pounds,
air,OXYFLUORFEN,Pounds,605.41
air,TRIADIMEFON,Pounds,1
air,VINCLOZOLIN,Pounds,
air,HEXAZINONE,Pounds,1541.225
air,PERMETHRIN,Pounds,4143
air,3-IODO-2-PROPYNYL BUTYLCARBAMATE,Pounds,1014.01
air,TRICLOPYR TRIETHYLAMMONIUM SALT,Pounds,334.1
air,THIODICARB,Pounds,26.20201
air,FENARIMOL,Pounds,
air,PROPICONAZOLE,Pounds,5694.69
air,"ACIFLUORFEN, SODIUM SALT",Pounds,3.701
air,CHLORSULFURON,Pounds,42.54
air,FENOXAPROP ETHYL,Pounds,3
air,HYDRAMETHYLNON,Pounds,0.77
air,CYHALOTHRIN,Pounds,0
air,CYFLUTHRIN,Pounds,0.59
air,ABAMECTIN,Pounds,
air,FOMESAFEN,Pounds,10
air,SETHOXYDIM,Pounds,
air,LACTOFEN,Pounds,0.87
air,BIFENTHRIN,Pounds,25.568
air,MYCLOBUTANIL,Pounds,0.98
air,CHLORIMURON ETHYL,Pounds,45.57
air,TRIBENURON METHYL,Pounds,43.13
air,MIXTURE,Pounds,264404.1022
air,ANTIMONY COMPOUNDS,Pounds,16901.36184
air,ARSENIC COMPOUNDS,Pounds,39093.47632
air,BARIUM COMPOUNDS,Pounds,949769.758
air,BERYLLIUM COMPOUNDS,Pounds,989.0238
air,CADMIUM COMPOUNDS,Pounds,10253.415
air,CHLOROPHENOLS,Pounds,731.49
air,CHROMIUM COMPOUNDS(EXCEPT CHROMITE ORE MINED IN THE TRANSVAAL REGION),Pounds,161561.8248
air,COBALT COMPOUNDS,Pounds,39438.97797
air,COPPER COMPOUNDS,Pounds,415472.3612
air,CYANIDE COMPOUNDS,Pounds,305770.6981
air,DIISOCYANATES,Pounds,207745.1608
air,DIOXIN AND DIOXIN-LIKE COMPOUNDS,Grams,1199.725754
air,"ETHYLENEBISDITHIOCARBAMIC ACID, SALTS AND ESTERS",Pounds,0.21
air,CERTAIN GLYCOL ETHERS,Pounds,13216816.93
air,LEAD COMPOUNDS,Pounds,283530.71
air,MANGANESE COMPOUNDS,Pounds,648354.593
air,MERCURY COMPOUNDS,Pounds,39698.55461
air,NICKEL COMPOUNDS,Pounds,207295.6713
air,NICOTINE AND SALTS,Pounds,253460.39
air,NITRATE COMPOUNDS,Pounds,218900.6065
air,NONYLPHENOL,Pounds,14045.22399
air,POLYCHLORINATED ALKANES,Pounds,351.06
air,POLYCYCLIC AROMATIC COMPOUNDS,Pounds,355855.8843
air,SELENIUM COMPOUNDS,Pounds,136474.1807
air,SILVER COMPOUNDS,Pounds,13541.1682
air,STRYCHNINE AND SALTS,Pounds,9
air,THALLIUM COMPOUNDS,Pounds,4114.23
air,VANADIUM COMPOUNDS,Pounds,260069.4605
air,WARFARIN AND SALTS,Pounds,29.941
air,ZINC COMPOUNDS,Pounds,3049378.781
air,TRADE SECRET CHEMICAL,Pounds,8717
water,FORMALDEHYDE,Pounds,177889.7367
water,PIPERONYL BUTOXIDE,Pounds,0
water,FLUOROURACIL,Pounds,0
water,"2,4-DINITROPHENOL",Pounds,0
water,URETHANE,Pounds,0
water,TRICHLORFON,Pounds,0
water,2-ACETYLAMINOFLUORENE,Pounds,0
water,N-NITROSODIETHYLAMINE,Pounds,0
water,BENZAMIDE,Pounds,0
water,NITROGLYCERIN,Pounds,13
water,CARBON TETRACHLORIDE,Pounds,4747.38
water,PARATHION,Pounds,0
water,"1,1-DIMETHYL HYDRAZINE",Pounds,0
water,PENTOBARBITAL SODIUM,Pounds,0
water,PHENYTOIN,Pounds,0
water,CHLORDANE,Pounds,0
water,LINDANE,Pounds,0
water,4-AMINOAZOBENZENE,Pounds,0
water,4-DIMETHYLAMINOAZOBENZENE,Pounds,0
water,METHYL HYDRAZINE,Pounds,0
water,ACETAMIDE,Pounds,255
water,DIMETHOATE,Pounds,5
water,AMITROLE,Pounds,0
water,ANILINE,Pounds,813.2
water,THIOACETAMIDE,Pounds,0
water,THIOUREA,Pounds,0
water,DICHLORVOS,Pounds,0
water,CARBARYL,Pounds,6
water,FORMIC ACID,Pounds,386467.666
water,DIETHYL SULFATE,Pounds,0
water,TETRACYCLINE HYDROCHLORIDE,Pounds,0
water,METHANOL,Pounds,3122134.086
water,"ISOPROPYL ALCOHOL (MANUFACTURING,STRONG-ACID PROCESS ONLY,NO SUPPLIER)",Pounds,0
water,CHLOROFORM,Pounds,5581.629
water,HEXACHLOROETHANE,Pounds,0
water,"N,N-DIMETHYLFORMAMIDE",Pounds,3161.71
water,HEXACHLOROPHENE,Pounds,0
water,N-BUTYL ALCOHOL,Pounds,7086.3616
water,BENZENE,Pounds,3854.90445
water,"1,1,1-TRICHLOROETHANE",Pounds,208.14
water,METHOXYCHLOR,Pounds,0
water,TRYPAN BLUE,Pounds,0
water,BROMOMETHANE,Pounds,8
water,ETHYLENE,Pounds,799
water,CHLOROMETHANE,Pounds,853.4
water,METHYL IODIDE,Pounds,4
water,HYDROGEN CYANIDE,Pounds,887
water,METHYLENE BROMIDE,Pounds,0.0002
water,CHLOROETHANE,Pounds,287
water,VINYL CHLORIDE,Pounds,53.2663
water,VINYL FLUORIDE,Pounds,0
water,ACETONITRILE,Pounds,1571.3
water,ACETALDEHYDE,Pounds,375307.415
water,DICHLOROMETHANE,Pounds,253.007
water,CARBON DISULFIDE,Pounds,4581.98
water,ETHYLENE OXIDE,Pounds,2518
water,BROMOFORM,Pounds,12
water,DICHLOROBROMOMETHANE,Pounds,2
water,ETHYLIDENE DICHLORIDE,Pounds,0
water,VINYLIDENE CHLORIDE,Pounds,23
water,DICHLOROFLUOROMETHANE,Pounds,0
water,PHOSGENE,Pounds,0
water,CHLORODIFLUOROMETHANE,Pounds,0
water,NITROMETHANE,Pounds,557
water,PROPYLENEIMINE,Pounds,0
water,PROPYLENE OXIDE,Pounds,2007.9
water,BROMOTRIFLUOROMETHANE,Pounds,0
water,TERT-BUTYL ALCOHOL,Pounds,9095.31
water,"1-CHLORO-1,1-DIFLUOROETHANE",Pounds,982
water,TRICHLOROFLUOROMETHANE,Pounds,14
water,DICHLORODIFLUOROMETHANE,Pounds,5
water,2-METHYLLACTONITRILE,Pounds,0
water,"2-CHLORO-1,1,1-TRIFLUOROETHANE",Pounds,46
water,PENTACHLOROETHANE,Pounds,0
water,TRICHLOROACETYL CHLORIDE,Pounds,0
water,CHLOROPICRIN,Pounds,0
water,FREON 113,Pounds,0
water,DICHLOROTETRAFLUOROETHANE (CFC-114),Pounds,0
water,MONOCHLOROPENTAFLUOROETHANE,Pounds,0
water,HEPTACHLOR,Pounds,0
water,TRIPHENYLTIN HYDROXIDE,Pounds,0
water,PHENOLPHTHALEIN,Pounds,0
water,HEXACHLOROCYCLOPENTADIENE,Pounds,5.9
water,DICYCLOPENTADIENE,Pounds,993.51
water,DIMETHYL SULFATE,Pounds,5
water,"S,S,S-TRIBUTYLTRITHIOPHOSPHATE",Pounds,0
water,ISOPRENE,Pounds,1041
water,ISOBUTYRALDEHYDE,Pounds,18.16
water,"1,2-DICHLOROPROPANE",Pounds,901.36
water,"2,3-DICHLOROPROPENE",Pounds,0
water,SEC-BUTYL ALCOHOL,Pounds,1234.1
water,"1,1,2-TRICHLOROETHANE",Pounds,80.9472
water,TRICHLOROETHYLENE,Pounds,129.292
water,ACRYLAMIDE,Pounds,50
water,ACRYLIC ACID,Pounds,4552
water,CHLOROACETIC ACID,Pounds,0
water,THIOSEMICARBAZIDE,Pounds,0
water,PERACETIC ACID,Pounds,423
water,METHYL CHLOROCARBONATE,Pounds,0
water,"1,1,2,2-TETRACHLOROETHANE",Pounds,250
water,DIMETHYLCARBAMYL CHLORIDE,Pounds,0
water,2-NITROPROPANE,Pounds,0
water,TETRABROMOBISPHENOL A,Pounds,7.45
water,"4,4'-ISOPROPYLIDENEDIPHENOL",Pounds,5144.5
water,CUMENE HYDROPEROXIDE,Pounds,2606
water,METHYL METHACRYLATE,Pounds,6043.86
water,C.I. FOOD RED 15,Pounds,0
water,QUINTOZENE,Pounds,0
water,DIBUTYL PHTHALATE,Pounds,0.1
water,PHENANTHRENE,Pounds,239.91
water,PHTHALIC ANHYDRIDE,Pounds,29
water,N-NITROSODIPHENYLAMINE,Pounds,0
water,"2,6-XYLIDINE",Pounds,0
water,"HEXACHLORO-1,3-BUTADIENE",Pounds,0
water,PENTACHLOROPHENOL,Pounds,459
water,"2,4,6-TRICHLOROPHENOL",Pounds,0
water,2-NITROPHENOL,Pounds,138
water,DINITROBUTYL PHENOL,Pounds,35
water,PICRIC ACID,Pounds,0
water,O-ANISIDINE,Pounds,10
water,2-PHENYLPHENOL,Pounds,5
water,"TOLUENE-2,6-DIISOCYANATE",Pounds,5
water,NAPHTHALENE,Pounds,4201.04484
water,QUINOLINE,Pounds,0
water,BETA-NAPHTHYLAMINE,Pounds,0
water,"3,3'-DICHLOROBENZIDINE",Pounds,0
water,BIPHENYL,Pounds,88.811
water,4-AMINOBIPHENYL,Pounds,0
water,BENZIDINE,Pounds,0
water,MECOPROP,Pounds,0
water,BENZOYL PEROXIDE,Pounds,0
water,DIHYDROSAFROLE,Pounds,0
water,SAFROLE,Pounds,0
water,METHOXONE,Pounds,0
water,"2,4-D",Pounds,17
water,"2,4-D BUTYL ESTER",Pounds,0
water,"2,4-DB",Pounds,0
water,O-XYLENE,Pounds,131
water,O-CRESOL,Pounds,208.33
water,"1,2-DICHLOROBENZENE",Pounds,47
water,O-TOLUIDINE,Pounds,195
water,"1,2-PHENYLENEDIAMINE",Pounds,0
water,"1,2,4-TRIMETHYLBENZENE",Pounds,3823.16903
water,"2,4-DIAMINOTOLUENE",Pounds,0
water,"2,4,5-TRICHLOROPHENOL",Pounds,0
water,STYRENE OXIDE,Pounds,0
water,"1,2-DIBROMO-3-CHLOROPROPANE",Pounds,0
water,"1,2,3-TRICHLOROPROPANE",Pounds,2218
water,METHYL ACRYLATE,Pounds,40.89
water,ETHYLENE THIOUREA,Pounds,0
water,DICHLOROPHENE,Pounds,0
water,BENZOIC TRICHLORIDE,Pounds,0
water,CUMENE,Pounds,532.38306
water,ACETOPHENONE,Pounds,728.1
water,BENZAL CHLORIDE,Pounds,0
water,BENZOYL CHLORIDE,Pounds,5
water,NITROBENZENE,Pounds,37
water,DICHLORAN,Pounds,0
water,5-NITRO-O-TOLUIDINE,Pounds,0
water,M-DINITROBENZENE,Pounds,0
water,P-NITROANILINE,Pounds,0
water,4-NITROPHENOL,Pounds,0
water,ETHYLBENZENE,Pounds,3110.78818
water,STYRENE,Pounds,2979.04
water,BENZYL CHLORIDE,Pounds,88.023
water,N-NITROSOPIPERIDINE,Pounds,0
water,"4,4'-METHYLENEBIS(2-CHLOROANILINE)",Pounds,0
water,"4,4'-METHYLENEDIANILINE",Pounds,1649
water,"4,4'-DIAMINODIPHENYL ETHER",Pounds,364
water,DIGLYCIDYL RESORCINOL ETHER,Pounds,0
water,"2,4-DIMETHYLPHENOL",Pounds,3652.02
water,P-XYLENE,Pounds,34.2
water,P-CRESOL,Pounds,393.2
water,"1,4-DICHLOROBENZENE",Pounds,5
water,P-CHLOROANILINE,Pounds,188
water,P-PHENYLENEDIAMINE,Pounds,113
water,QUINONE,Pounds,0
water,"1,2-BUTYLENE OXIDE",Pounds,0
water,EPICHLOROHYDRIN,Pounds,105226
water,"1,2-DIBROMOETHANE",Pounds,0
water,1-BROMOPROPANE,Pounds,5
water,"1,3-BUTADIENE",Pounds,251.46
water,ACROLEIN,Pounds,1
water,ALLYL CHLORIDE,Pounds,4
water,"1,2-DICHLOROETHANE",Pounds,2417.6039
water,ALLYLAMINE,Pounds,0
water,ACRYLONITRILE,Pounds,154.12
water,ALLYL ALCOHOL,Pounds,27610
water,PROPARGYL ALCOHOL,Pounds,0
water,ETHYLENE GLYCOL,Pounds,484733.51
water,CHLOROMETHYL METHYL ETHER,Pounds,0
water,VINYL ACETATE,Pounds,8674.08
water,METHYL ISOBUTYL KETONE,Pounds,2780.2446
water,MALEIC ANHYDRIDE,Pounds,33.6
water,M-XYLENE,Pounds,81.98
water,M-CRESOL,Pounds,777.55
water,"1,3-PHENYLENEDIAMINE",Pounds,0
water,BIS(2-CHLORO-1-METHYLETHYL) ETHER,Pounds,0
water,TOLUENE,Pounds,7530.07559
water,CHLOROBENZENE,Pounds,65.09
water,CYCLOHEXANOL,Pounds,17127.5
water,PHENOL,Pounds,29130.131
water,2-METHYLPYRIDINE,Pounds,0
water,MALONONITRILE,Pounds,0
water,2-METHOXYETHANOL,Pounds,373
water,FURAN,Pounds,0
water,N-HEXANE,Pounds,4240.05574
water,"TRANS-1,4-DICHLORO-2-BUTENE",Pounds,0
water,2-ETHOXYETHANOL,Pounds,1
water,CYCLOHEXANE,Pounds,31832.56848
water,PYRIDINE,Pounds,1015
water,DIETHANOLAMINE,Pounds,331314.94
water,BIS(2-CHLOROETHYL) ETHER,Pounds,4.2699
water,BIS(2-CHLOROETHOXY)METHANE,Pounds,0
water,PROPOXUR,Pounds,0
water,PROPYLENE,Pounds,928.79
water,DICOFOL,Pounds,0
water,ALDICARB,Pounds,0
water,TETRAFLUOROETHYLENE,Pounds,0
water,DI(2-ETHYLHEXYL) PHTHALATE,Pounds,2214.6376
water,HEXACHLOROBENZENE,Pounds,44.3633
water,"3,3'-DIMETHOXYBENZIDINE",Pounds,0
water,"3,3'-DIMETHYLBENZIDINE",Pounds,0
water,ANTHRACENE,Pounds,157.47
water,ISOSAFROLE,Pounds,0
water,P-CRESIDINE,Pounds,250
water,CATECHOL,Pounds,7328.96
water,"1,2,4-TRICHLOROBENZENE",Pounds,0
water,"2,4-DICHLOROPHENOL",Pounds,230
water,"2,4-DINITROTOLUENE",Pounds,0
water,TRIETHYLAMINE,Pounds,2455.15
water,"N,N-DIMETHYLANILINE",Pounds,0
water,MALATHION,Pounds,5
water,SIMAZINE,Pounds,13
water,DIPHENYLAMINE,Pounds,48
water,"1,2-DIPHENYLHYDRAZINE",Pounds,0
water,HYDROQUINONE,Pounds,4127
water,PROPIONALDEHYDE,Pounds,7283.79
water,PARALDEHYDE,Pounds,1
water,BUTYRALDEHYDE,Pounds,38811.33
water,"1,4-DIOXANE",Pounds,61907
water,DIMETHYLAMINE,Pounds,36370
water,"TRIS(2,3-DIBROMOPROPYL) PHOSPHATE",Pounds,0
water,METHACRYLONITRILE,Pounds,0
water,CHLOROPRENE,Pounds,97
water,TETRACHLOROETHYLENE,Pounds,457.26
water,POTASSIUM DIMETHYLDITHIOCARBAMATE,Pounds,0
water,SODIUM DIMETHYLDITHIOCARBAMATE,Pounds,0
water,DIMETHYL PHTHALATE,Pounds,0
water,SODIUM O-PHENYLPHENOXIDE,Pounds,0
water,DIBENZOFURAN,Pounds,29
water,CAPTAN,Pounds,5
water,FOLPET,Pounds,0
water,ALPHA-NAPHTHYLAMINE,Pounds,0
water,DIPROPYL ISOCINCHOMERONATE,Pounds,0
water,THIRAM,Pounds,29.54
water,POTASSIUM N-METHYLDITHIOCARBAMATE,Pounds,0
water,METHAM SODIUM,Pounds,0
water,NITRILOTRIACETIC ACID,Pounds,0
water,ETHYL ACRYLATE,Pounds,19.37
water,BUTYL ACRYLATE,Pounds,1.23
water,NABAM,Pounds,0
water,THIABENDAZOLE,Pounds,0
water,2-MERCAPTOBENZOTHIAZOLE,Pounds,3401
water,MERPHOS,Pounds,0
water,MONURON,Pounds,0
water,ETHYLENEIMINE,Pounds,0
water,CALCIUM CYANAMIDE,Pounds,0
water,"BENZO(G,H,I)PERYLENE",Pounds,265.5288462
water,NALED,Pounds,0
water,HYDRAZINE,Pounds,0
water,"2,2-DICHLORO-1,1,1-TRIFLUOROETHANE",Pounds,0
water,ALDRIN,Pounds,0
water,DIURON,Pounds,115
water,LINURON,Pounds,0
water,DIAZINON,Pounds,10
water,BROMOCHLORODIFLUOROMETHANE,Pounds,0
water,"1,1,1,2-TETRACHLORO-2-FLUOROETHANE",Pounds,0
water,"1,2-DICHLORO-1,1,2-TRIFLUOROETHANE",Pounds,0
water,"1-CHLORO-1,1,2,2-TETRAFLUOROETHANE",Pounds,0
water,"3-CHLORO-1,1,1-TRIFLUOROPROPANE",Pounds,0
water,CARBONYL SULFIDE,Pounds,2453.33
water,ISODRIN,Pounds,0
water,C.I. SOLVENT YELLOW 34,Pounds,0
water,MUSTARD GAS,Pounds,0
water,CHLOROBENZILATE,Pounds,0
water,DAZOMET,Pounds,5
water,"4,6-DINITRO-O-CRESOL",Pounds,0
water,"1,2-DICHLOROETHYLENE",Pounds,7
water,ETHYL CHLOROFORMATE,Pounds,0
water,"1,3-DICHLOROBENZENE",Pounds,0
water,"1,3-DICHLOROPROPYLENE",Pounds,1157
water,3-CHLOROPROPIONITRILE,Pounds,0
water,BIS(CHLOROMETHYL) ETHER,Pounds,0
water,LITHIUM CARBONATE,Pounds,174.73
water,GLYCIDOL,Pounds,31210
water,METHYL ISOTHIOCYANATE,Pounds,0
water,3-CHLORO-2-METHYL-1-PROPENE,Pounds,0
water,"TOLUENE-2,4-DIISOCYANATE",Pounds,250
water,"2,6-DINITROTOLUENE",Pounds,0
water,PENTACHLOROBENZENE,Pounds,2.0211
water,"3,3'-DICHLOROBENZIDINE DIHYDROCHLORIDE",Pounds,0
water,N-NITROSODI-N-PROPYLAMINE,Pounds,0
water,METHYL ISOCYANATE,Pounds,0
water,"1,1,1,2-TETRACHLOROETHANE",Pounds,66
water,O-TOLUIDINE HYDROCHLORIDE,Pounds,0
water,N-NITROSO-N-METHYLUREA,Pounds,0
water,PROPANIL,Pounds,0
water,N-NITROSO-N-ETHYLUREA,Pounds,0
water,ETHYL DIPROPYLTHIOCARBAMATE,Pounds,0
water,"1,4-DICHLORO-2-BUTENE",Pounds,22
water,AMETRYN,Pounds,0
water,N-METHYL-2-PYRROLIDONE,Pounds,14861.25
water,N-NITROSODI-N-BUTYLAMINE,Pounds,0
water,N-METHYLOLACRYLAMIDE,Pounds,5
water,TETRACHLORVINPHOS,Pounds,0
water,PROPANE SULTONE,Pounds,0
water,CYCLOATE,Pounds,0
water,DECABROMODIPHENYL OXIDE,Pounds,5
water,MOLYBDENUM TRIOXIDE,Pounds,37931.8
water,THORIUM DIOXIDE,Pounds,0
water,CRESOL (MIXED ISOMERS),Pounds,3673.602
water,XYLENE (MIXED ISOMERS),Pounds,11285.66592
water,ASBESTOS (FRIABLE),Pounds,0
water,POLYCHLORINATED BIPHENYLS,Pounds,0.52217
water,ALUMINUM OXIDE (FIBROUS FORMS),Pounds,6.56
water,DIEPOXYBUTANE,Pounds,0
water,CARBOFURAN,Pounds,0
water,TRIFLURALIN,Pounds,0
water,METHYL TERT-BUTYL ETHER,Pounds,315.03338
water,"1,2-DICHLORO-1,1-DIFLUOROETHANE",Pounds,17
water,BROMOXYNIL,Pounds,0
water,BROMOXYNIL OCTANOATE,Pounds,0
water,"1,1-DICHLORO-1-FLUOROETHANE",Pounds,190
water,BENFLURALIN,Pounds,0
water,CHLOROTHALONIL,Pounds,14.44
water,PARAQUAT DICHLORIDE,Pounds,0
water,ATRAZINE,Pounds,47
water,DICAMBA,Pounds,37
water,PICLORAM,Pounds,77
water,PROPACHLOR,Pounds,0
water,"2,4-D 2-ETHYLHEXYL ESTER",Pounds,8
water,"2,4-D BUTOXYETHYL ESTER",Pounds,0
water,NITRAPYRIN,Pounds,0
water,C.I. DIRECT BLACK 38,Pounds,0
water,SODIUM DICAMBA,Pounds,0
water,METHIOCARB,Pounds,0
water,TRIBUTYLTIN METHACRYLATE,Pounds,0
water,DIPOTASSIUM ENDOTHALL,Pounds,16689
water,FLUOMETURON,Pounds,0
water,DIMETHYLAMINE DICAMBA,Pounds,0
water,DIALLATE,Pounds,0
water,TRIALLATE,Pounds,0
water,PROPARGITE,Pounds,0
water,DODINE,Pounds,0
water,DIMETHYL CHLOROTHIOPHOSPHATE,Pounds,0
water,SULFURYL FLUORIDE,Pounds,0
water,"2,4-D SODIUM SALT",Pounds,0
water,"2-CHLORO-1,1,1,2-TETRAFLUOROETHANE",Pounds,0
water,"2,2-BIS(BROMOMETHYL)-1,3-PROPANEDIOL",Pounds,0
water,TEMEPHOS,Pounds,0
water,METHOXONE SODIUM SALT,Pounds,0
water,"1-(3-CHLOROALLYL)-3,5,7-TRIAZA-1-AZONIAADAMANTANE CHLORIDE",Pounds,3.97
water,CROTONALDEHYDE,Pounds,0
water,CARBOXIN,Pounds,0
water,CHLORPYRIFOS METHYL,Pounds,0
water,TERBACIL,Pounds,0
water,C.I. ACID RED 114,Pounds,0
water,PROMETRYN,Pounds,0
water,ALUMINUM (FUME OR DUST),Pounds,0
water,LEAD,Pounds,4724.927672
water,MANGANESE,Pounds,63978.99568
water,MERCURY,Pounds,219.933272
water,NICKEL,Pounds,8076.395811
water,SILVER,Pounds,10.0000459
water,THALLIUM,Pounds,0
water,ANTIMONY,Pounds,241.86
water,ARSENIC,Pounds,4771.47
water,BARIUM,Pounds,1677.71
water,BERYLLIUM,Pounds,6.1
water,CADMIUM,Pounds,93.180125
water,CHROMIUM,Pounds,6092.118799
water,COBALT,Pounds,964.696
water,COPPER,Pounds,18749.0396
water,VANADIUM (EXCEPT WHEN CONTAINED IN AN ALLOY),Pounds,7378.79
water,ZINC (FUME OR DUST),Pounds,0
water,TITANIUM TETRACHLORIDE,Pounds,0
water,SODIUM NITRITE,Pounds,2662319.78
water,BORON TRIFLUORIDE,Pounds,0
water,"HYDROCHLORIC ACID (1995 AND AFTER ""ACID AEROSOLS"" ONLY)",Pounds,0
water,HYDROGEN FLUORIDE,Pounds,16328.46
water,AMMONIA,Pounds,3954253.11
water,"SULFURIC ACID (1994 AND AFTER ""ACID AEROSOLS"" ONLY)",Pounds,0
water,TETRAMETHRIN,Pounds,0
water,NITRIC ACID,Pounds,147291.01
water,PHOSPHORUS (YELLOW OR WHITE),Pounds,2072.028
water,BROMINE,Pounds,125
water,POTASSIUM BROMATE,Pounds,0
water,FLUORINE,Pounds,0
water,SELENIUM,Pounds,1311.443104
water,CHLORINE,Pounds,142115.25
water,HYDROGEN SULFIDE,Pounds,274636.6802
water,MEVINPHOS,Pounds,0
water,PHOSPHINE,Pounds,1.8
water,TOXAPHENE,Pounds,0
water,CREOSOTE,Pounds,352.57
water,OZONE,Pounds,0
water,HYDRAZINE SULFATE,Pounds,0
water,CHLORINE DIOXIDE,Pounds,0
water,"TRANS-1,3-DICHLOROPROPENE",Pounds,0
water,BORON TRICHLORIDE,Pounds,0
water,RESMETHRIN,Pounds,0
water,ZINEB,Pounds,0
water,ETHOPROP,Pounds,0
water,FENBUTATIN OXIDE,Pounds,0
water,IRON PENTACARBONYL,Pounds,0
water,FERBAM,Pounds,0
water,ALACHLOR,Pounds,0
water,BENOMYL,Pounds,0
water,ORYZALIN,Pounds,0
water,OXYDIAZON,Pounds,0
water,"3,3'-DIMETHOXYBENZIDINE DIHYDROCHLORIDE",Pounds,0
water,OSMIUM TETROXIDE,Pounds,0
water,ALUMINUM PHOSPHIDE,Pounds,0
water,METRIBUZIN,Pounds,21
water,CYANAZINE,Pounds,0
water,THIOPHANATE-METHYL,Pounds,0
water,PRONAMIDE,Pounds,0
water,DINITROTOLUENE (MIXED ISOMERS),Pounds,1
water,DICHLOROBENZENE (MIXED ISOMERS),Pounds,0
water,DIAMINOTOLUENE (MIXED ISOMERS),Pounds,135
water,PHENOTHRIN,Pounds,0
water,TOLUENE DIISOCYANATE (MIXED ISOMERS),Pounds,0
water,SODIUM AZIDE,Pounds,0
water,TRIFORINE,Pounds,0
water,NORFLURAZON,Pounds,0
water,THIOBENCARB,Pounds,0
water,C.I. DIRECT BLUE 218,Pounds,88
water,OCTACHLOROSTYRENE,Pounds,0.0408
water,ACEPHATE,Pounds,0
water,TEBUTHIURON,Pounds,0
water,DIFLUBENZURON,Pounds,0
water,"1-BROMO-1-(BROMOMETHYL)-1,3-PROPANEDICARBONITRILE",Pounds,0
water,FENPROPATHRIN,Pounds,0
water,PENDIMETHALIN,Pounds,5.05
water,PROFENOFOS,Pounds,0
water,OXYFLUORFEN,Pounds,0
water,TRIADIMEFON,Pounds,0
water,VINCLOZOLIN,Pounds,0
water,HEXAZINONE,Pounds,0
water,PERMETHRIN,Pounds,0
water,3-IODO-2-PROPYNYL BUTYLCARBAMATE,Pounds,0
water,TRICLOPYR TRIETHYLAMMONIUM SALT,Pounds,0
water,THIODICARB,Pounds,0
water,FENARIMOL,Pounds,0
water,PROPICONAZOLE,Pounds,5
water,"ACIFLUORFEN, SODIUM SALT",Pounds,0
water,CHLORSULFURON,Pounds,0
water,FENOXAPROP ETHYL,Pounds,0
water,HYDRAMETHYLNON,Pounds,0
water,CYHALOTHRIN,Pounds,0
water,CYFLUTHRIN,Pounds,20
water,ABAMECTIN,Pounds,0
water,FOMESAFEN,Pounds,5
water,SETHOXYDIM,Pounds,0
water,LACTOFEN,Pounds,0
water,BIFENTHRIN,Pounds,0
water,MYCLOBUTANIL,Pounds,0
water,CHLORIMURON ETHYL,Pounds,0
water,TRIBENURON METHYL,Pounds,0
water,MIXTURE,Pounds,5
water,ANTIMONY COMPOUNDS,Pounds,10905.5452
water,ARSENIC COMPOUNDS,Pounds,21402.083
water,BARIUM COMPOUNDS,Pounds,566080
water,BERYLLIUM COMPOUNDS,Pounds,89.91
water,CADMIUM COMPOUNDS,Pounds,37925.866
water,CHLOROPHENOLS,Pounds,350
water,CHROMIUM COMPOUNDS(EXCEPT CHROMITE ORE MINED IN THE TRANSVAAL REGION),Pounds,88996.313
water,COBALT COMPOUNDS,Pounds,85112.82
water,COPPER COMPOUNDS,Pounds,195444.4203
water,CYANIDE COMPOUNDS,Pounds,19700.8
water,DIISOCYANATES,Pounds,43.1
water,DIOXIN AND DIOXIN-LIKE COMPOUNDS,Grams,780.5484143
water,"ETHYLENEBISDITHIOCARBAMIC ACID, SALTS AND ESTERS",Pounds,0
water,CERTAIN GLYCOL ETHERS,Pounds,57476.7
water,LEAD COMPOUNDS,Pounds,59605.55914
water,MANGANESE COMPOUNDS,Pounds,5898863.443
water,MERCURY COMPOUNDS,Pounds,797.2408194
water,NICKEL COMPOUNDS,Pounds,77797.44765
water,NICOTINE AND SALTS,Pounds,30
water,NITRATE COMPOUNDS,Pounds,168724213
water,NONYLPHENOL,Pounds,7693.88
water,POLYCHLORINATED ALKANES,Pounds,0
water,POLYCYCLIC AROMATIC COMPOUNDS,Pounds,3956.491495
water,SELENIUM COMPOUNDS,Pounds,23073.305
water,SILVER COMPOUNDS,Pounds,1086.57
water,STRYCHNINE AND SALTS,Pounds,0
water,THALLIUM COMPOUNDS,Pounds,765
water,VANADIUM COMPOUNDS,Pounds,479870.2559
water,WARFARIN AND SALTS,Pounds,0
water,ZINC COMPOUNDS,Pounds,867402.5781
water,TRADE SECRET CHEMICAL,Pounds,0
