HH_SUBPART_LEVEL_INFORMATION.FACILITY_ID,HH_SUBPART_LEVEL_INFORMATION.REPORTING_YEAR,HH_SUBPART_LEVEL_INFORMATION.FACILITY_NAME,HH_SUBPART_LEVEL_INFORMATION.GHG_NAME,HH_SUBPART_LEVEL_INFORMATION.GHG_QUANTITY,Unnamed: 5
1002554,2013,CITY OF WACO LANDFILL,METHANE,5637.7,
1002509,2013,CHARTER WASTE LANDFILL,METHANE,4425.5,
1002446,2013,ST JOHN LANDFILL,METHANE,3522.84,
1002425,2013,RUMPKE WASTE INC BROWN COUNTY SANITARY LANDFILL *,METHANE,7653.48,
1000090,2013,CITY OF GRAND PRAIRIE LANDFILL,METHANE,4318.63,
1003031,2013,FRANKLIN COUNTY REGIONAL LANDFILL,METHANE,143.15,
1003001,2013,TEXOMA AREA SOLID WASTE AUTHORITY LANDFI,METHANE,2410.9,
1003260,2013,REFUSE INC - LOCKWOOD LANDFILL,METHANE,2512.83,
1003867,2013,WINDSOR BLOOMFIELD LANDFILL,METHANE,1131.9,
1004041,2013,TWIN CHIMNEYS LANDFILL,METHANE,3274.65,
1004474,2013,TROY AREA LANDFILL,METHANE,10.6,
1004465,2013,AMERICAN CANYON LANDFILL,METHANE,1903.13,
1004601,2013,BOND COUNTY LANDFILL,METHANE,43.7,
1004473,2013,PERKINS,METHANE,960.4,
1004256,2013,"ETC OF GEORGIA, LLC - GRADY ROAD LANDFILL",METHANE,4330.95,
1005023,2013,BREVARD CO BOARD OF COUNTY COMMISSIONERS,METHANE,10737.64,
1005274,2013,WAYNE COUNTY LANDFILL,METHANE,578.36,
1005258,2013,HYLAND LANDFILL,METHANE,2340.27,
1004351,2013,WASATCH REGIONAL LANDFILL,METHANE,4238.3,
1004417,2013,AMERICAN AVENUE LANDFILL,METHANE,2221.0,
1004313,2013,WORTHINGTON LANDFILL,METHANE,3313.3,
1004644,2013,TWIN OAKS LANDFILL,METHANE,130.3,
1004655,2013,WILLIAMSON COUNTY LANDFILL,METHANE,971.69,
1004408,2013,SOUTH WAKE LANDFILL,METHANE,3211.5,
1004310,2013,LYON DEVELOPMENT LF,METHANE,258.9,
1005928,2013,LARIMER COUNTY LANDFILL,METHANE,5726.93,
1006201,2013,CACTUS LANDFILL,METHANE,2629.2,
1006545,2013,IESI HARDIN COUNTY LANDFILL,METHANE,1331.8,
1007748,2013,"SUNNY FARMS LANDFILL, LLC",METHANE,2452.04,
1007751,2013,MUSKEGON COUNTY SOLID WASTE FACILITY,METHANE,2329.37,
1007700,2013,DENVER REGIONAL NORTH LANDFILL,METHANE,192.6,
1007975,2013,COUNTY ENVIRONMENTAL LANDFILL OF CLARION,METHANE,470.7,
1007953,2013,INTERSTATE WASTE REMOVAL PARKLANDS RECLM SLF,METHANE,92.81,
1010392,2013,TURKEY RUN LANDFILL,METHANE,2538.91,
1010288,2013,MT. EATON LANDFILL,METHANE,1807.94,
1007579,2013,COSHOCTON LANDFILL INC *,METHANE,1086.78,
1011271,2013,"TURKEY TROT LANDFILL, LLC",METHANE,1824.4,
1011317,2013,MIDSHORE II REGIONAL SOLID WASTE FACILITY,METHANE,1059.64,
1011663,2013,DECATUR COUNTY SOLID WASTE FACILITY,METHANE,1789.8,
1006223,2013,BIG RIVER LANDFILL,METHANE,7377.3,
1005733,2013,DELAWARE CNTY SWA/ROLLING HILLS MUNI WASTE LDFL,METHANE,5124.11,
1006215,2013,SAN MARCOS LANDFILL,METHANE,228.6,
1006197,2013,ALLIED IMPERIAL LANDFILL,METHANE,432.7,
1006186,2013,COFFEE LANDFILL,METHANE,2237.94,
1005910,2013,CITY OF MOUNTAIN VIEW (SHORELINE LANDFILL),METHANE,877.62,
1005089,2013,SOUTHPORT ROAD SLF,METHANE,627.11,
1004711,2013,RED CARPET LDFL INC,METHANE,2150.23,
1004673,2013,TANGIPAHOA PARISH REGIONAL SOLID WASTE FACILITY,METHANE,4444.36,
1005064,2013,WASHINGTON COUNTY SOLID WASTE,METHANE,427.79,
1005061,2013,WEST MIRAMAR SANITARY LANDFILL,METHANE,10403.2,
1004224,2013,CORRALITOS REGIONAL LANDFILL,METHANE,2119.31,
1003546,2013,FRANKLIN COUNTY LANDFILL,METHANE,436.05,
1003202,2013,FAIRMEAD SOLID WASTE DISPOSAL SITE,METHANE,1048.4,
1003028,2013,NEW BATH LANDFILL,METHANE,780.22,
1002510,2013,COLONIAL LANDFILL,METHANE,970.0,
1002477,2013,OAK GROVE SANITARY LANDFILL,METHANE,1717.82,
1001847,2013,"ADVANCED DISPOSAL HICKORY MEADOWS LANDFILL, LLC",METHANE,3151.21,
1010979,2013,NCIRSWA SANITARY LANDFILL,METHANE,1688.18,
1001845,2013,ADVANCED DISPOSAL CRANBERRY CREEK LANDFILL LLC,METHANE,1440.75,
1002085,2013,CEFE VALENZUELA LANDFILL,METHANE,4253.5,
1002090,2013,LANDCOMP LANDFILL,METHANE,841.9,
1002863,2013,DALTON WHITFIELD REGIONAL SW MANAGEMENT,METHANE,5169.65,
1002886,2013,JOHN SMITH ROAD CLASS III LANDFILL,METHANE,665.0,
1007632,2013,PRAIRIE VIEW REGIONAL WASTE FACILITY/LAMAR,METHANE,2610.9,
1007801,2013,WASTE MGMT OF OK/EAST OAK LNDFLL,METHANE,5278.15,
1007796,2013,THREE CORNERS LANDFILL,METHANE,892.15,
1007586,2013,LAUREL HIGHLANDS LANDFILL,METHANE,911.29,
1007993,2013,CITY OF FRESNO LANDFILL,METHANE,506.19,
1007976,2013,BRADFORD COUNTY LANDFILL,METHANE,1448.3,
1002546,2013,LEE\S SUMMIT RESOURCE RECOVERY PARK,METHANE,2572.37,
1005840,2013,NEW PARIS PIKE LDFL,METHANE,730.26,
1002730,2013,RHEA COUNTY LANDFILL,METHANE,6221.82,
1006227,2013,PINEHILL LANDFILL,METHANE,1691.7,
1006304,2013,SAND VALLEY LANDFILL,METHANE,4155.3,
1002391,2013,LANCHESTER LANDFILL,METHANE,1704.3,
1002646,2013,PINEVIEW LANDFILL,METHANE,3142.6,
1007802,2013,CITY OF VICTORIA LANDFILL,METHANE,3029.3,
1002683,2013,SOUTH SIDE LANDFILL INC,METHANE,13672.72,
1002466,2013,SOUTH SHELBY LANDFILL,METHANE,2420.9,
1007780,2013,CAMELOT LANDFILL,METHANE,4920.8,
1002634,2013,TAJIGUAS LANDFILL,METHANE,2693.73,
1002558,2013,NORTHEAST SANITARY LANDFILL,METHANE,1687.3,
1008003,2013,COUNTYWIDE RECYCLING & DISPOSAL FACILITY,METHANE,4206.4,
1009137,2013,NJMC 1-E LANDFILL,METHANE,1763.1,
1003818,2013,BOUNTIFUL SANITARY LANDFILL,METHANE,1880.18,
1007282,2013,WASATCH INTEGRATED WASTE MANAGEMENT DISTRICT,METHANE,1609.4,
1005821,2013,SAGINAW VALLEY LANDFILL,METHANE,50.12,
1007753,2013,FITCHBURG WESTMINSTER LANDFILL RECYCLING CENTER,METHANE,1293.79,
1006807,2013,KEY ROAD LANDFILL,METHANE,1069.31,
1003587,2013,MARTONE LANDFILL & GAS GENERATING FACILITY,METHANE,450.03,
1007669,2013,CHICOPEE SANITARY LANDFILL,METHANE,1420.0,
1007686,2013,SHADE LDFL,METHANE,1666.75,
1007667,2013,MEADOWFILL LANDFILL,METHANE,3294.08,
1007587,2013,NORTHWESTERN LANDFILL,METHANE,5229.13,
1003456,2013,ARDEN LDFL,METHANE,956.16,
1003691,2013,NEWTON COUNTY LANDFILL,METHANE,6249.5,
1003693,2013,TRI-K LANDFILL INC,METHANE,719.1,
1003696,2013,UPPER ROCK ISLAND COUNTY LANDFILL,METHANE,2017.7,
1003710,2013,"EAGLE POINT LANDFILL, LLC",METHANE,15122.65,
1004772,2013,NIAGARA FALLS LANDFILL,METHANE,5592.3,
1006183,2013,STONE\S THROW LANDFILL,METHANE,3938.64,
1005901,2013,ROBERTS ROAD LANDFILL,METHANE,324.3,
1004484,2013,OTTAWA COUNTY LANDFILL,METHANE,421.0,
1004487,2013,RICHLAND CREEK ROAD LANDFILL,METHANE,4424.7,
1007550,2013,HALIFAX LANDFILL,METHANE,61.3,
1004560,2013,WOODLAND HILLS LANDFILL,METHANE,643.7,
1004118,2013,"SAMPSON COUNTY DISPOSAL, LLC",METHANE,11585.54,
1006465,2013,IESI TURKEY CREEK LANDFILL,METHANE,2693.86,
1007054,2013,COFFIN BUTTE LANDFILL,METHANE,1181.9,
1006758,2013,FOOTHILLS LANDFILL,METHANE,919.9,
1004159,2013,CITY OF CHATTANOOGA BIRCHWOOD LANDFILL,METHANE,2732.63,
1004014,2013,JEFFERSON COUNTY LANDFILL NO.1,METHANE,5610.36,
1004544,2013,"ROLLING MEADOWS LANDFILL, INC.",METHANE,5656.65,
1004550,2013,MONTEREY REGIONAL WASTE MANAGEMENT DISTRICT,METHANE,5105.53,
1007785,2013,RALEIGH COUNTY SOLID WASTE AUTHORITY LANDFILL,METHANE,2689.01,
1003399,2013,"WASTE MANAGEMENT OF MISSISSIPPI INC, PLANTATION OAKS MUNICIPAL LANDFILL AND RECY",METHANE,3492.17,
1004261,2013,CITY OF PHOENIX - SKUNK CREEK LANDFILL,METHANE,2109.0,
1005844,2013,EAGLE COUNTY LANDFILL,METHANE,1917.27,
1006390,2013,EDGEBORO LANDFILL,METHANE,1771.59,
1004013,2013,MISSOULA LANDFILL,METHANE,1557.7,
1003686,2013,OAKLAND HEIGHTS DEVELOPMENT LANDFILL,METHANE,3300.5,
1004164,2013,"MOSTOLLER LANDFILL, INC.",METHANE,1580.58,
1004403,2013,TEAPOT DOME LANDFILL,METHANE,251.9,
1004037,2013,KIEFER LANDFILL,METHANE,9437.8,
1006300,2013,KING AND QUEEN LANDFILL,METHANE,8237.3,
1004680,2013,58TH ST LF (MAIN COUNTY LF),METHANE,3807.72,
1007633,2013,MALLARD LAKE LANDFILL,METHANE,674.3,
1004676,2013,RAPID CITY LANDFILL,METHANE,1663.06,
1004600,2013,DEERCROFT RECYCLING AND DISPOSAL FACILITY (RDF),METHANE,972.86,
1003464,2013,KENT COUNTY DPW SOUTH KENT LANDFILL,METHANE,3643.54,
1007822,2013,KING CNTY SOLID WST CEDAR HILLS LANDFILL,METHANE,2630.12,
1003544,2013,"DISPOSAL SERVICE, INC. SANITARY LANDFILL",METHANE,4604.44,
1003871,2013,RUMBLE LANDFILL #2,METHANE,812.67,
1003740,2013,DEANS BRIDGE RD MSW LANDFILL,METHANE,7922.11,
1007811,2013,STONY HOLLOW LANDFILL INC,METHANE,3591.21,
1007900,2013,BJ LANDFILL,METHANE,607.37,
1003800,2013,WASTE MANAGEMENT INC OYSTER BAY,METHANE,252.55,
1007906,2013,LAKE COUNTY RECYCLING & DISPOSAL FACILITY,METHANE,93.91,
1003582,2013,WASTE MANAGEMENT OF MICHIGAN INCORPORATED,METHANE,7307.77,
1007838,2013,CEDAR RIDGE RECYCLING & DISPOSAL FACIL,METHANE,635.6,
1003556,2013,WASTE MGMT DSPL SVC OF PA POTTSTOWN LDFL,METHANE,381.64,
1003560,2013,SOUTHEAST COUNTY LANDFILL,METHANE,3431.68,
1007709,2013,DENVER ARAPAHOE DISPOSAL SITE-A WASTE MANAGEMENT COMPANY,METHANE,1670.49,
1004232,2013,BLACKBERRY VALLEY LANDFILL,METHANE,484.46,
1007890,2013,"WASTE MANAGEMENT OF MISSISSIPPI INC, PECAN GROVE LANDFILL AND RECYCLING CENTER A",METHANE,3981.54,
1004074,2013,ENOREE LANDFILL,METHANE,3565.65,
1005034,2013,SUSSEX CNTY MUA SLF 1E,METHANE,669.24,
1004042,2013,SENECA MEADOWS SWMF,METHANE,7912.9,
1005090,2013,WEST DAVIES COUNTY LANDFILL,METHANE,3304.33,
1005092,2013,OXNARD LANDFILLS,METHANE,2954.8,
1005619,2013,TACOMA CITY SOLID WASTE FAC,METHANE,1065.72,
1004132,2013,CITY OF FLAGSTAFF - CINDER LAKE LANDFILL,METHANE,3656.07,
1004347,2013,PIKE CO. LANDFILL,METHANE,1696.25,
1004494,2013,BRISTOL HILL SANITARY LANDFILL,METHANE,1210.22,
1005656,2013,PERDIDO LANDFILL CONSTRUCTION - PHASE 5,METHANE,6262.23,
1007061,2013,WAYNE COUNTY LANDFILL,METHANE,2934.3,
1007521,2013,CARLETON FARMS LANDFILL,METHANE,6487.7,
1007810,2013,SUMNER LANDFILL,METHANE,3410.2,
1004099,2013,CHARLESTON COUNTY LANDFILL,METHANE,4507.96,
1004354,2013,BIGFOOT RUN LANDFILL,METHANE,122.4,
1006991,2013,DAVIS JUNCTION LANDFILL,METHANE,82.0,
1000191,2013,BUTLER COUNTY LANDFILL INCORPORATED,METHANE,6269.73,
1003960,2013,WEXFORD COUNTY LANDFILL,METHANE,3524.21,
1004312,2013,SOUTHEAST LANDFILL,METHANE,243.3,
1004497,2013,SMITHS CREEK LANDFILL,METHANE,6657.78,
1004439,2013,G AND P DEVELOPMENT INCORPORATED LANDFILL,METHANE,2060.96,
1004460,2013,CITY OF LAREDO LANDFILL,METHANE,10437.1,
1003612,2013,IRONWOOD LANDFILL,METHANE,1335.05,
1002796,2013,HARTFORD LANDFILL,METHANE,757.97,
1007724,2013,DEKALB COUNTY LANDFILL,METHANE,3410.24,
1003259,2013,WASTE MANAGEMENT OF MICHIGAN INC,METHANE,6529.21,
1007902,2013,CUYAHOGA REGIONAL SANITARY LANDFILL,METHANE,372.11,
1003661,2013,OHIO WASTE SYS SUBURBAN SOUTH RECYCLING & DISPOSAL,METHANE,3847.91,
1003619,2013,OKEECHOBEE LANDFILL,METHANE,2661.68,
1007795,2013,CHESTNUT RIDGE LANDFILL,METHANE,1720.25,
1000477,2013,BILLINGS CITY LANDFILL,METHANE,3657.37,
1010389,2013,CAPITOL DISPOSAL LANDFILL,METHANE,1451.06,
1002134,2013,LAMB CANYON SANITARY LANDFILL,METHANE,1988.51,
1006777,2013,"APEX ENVIRONMENTAL, LLC - SANITARY LANDFILL (0641000223)",METHANE,16595.63,
1011256,2013,NELSON GARDENS LANDFILL,METHANE,6901.35,
1003536,2013,WINFIELD SOLID WASTE FACILITY,METHANE,1742.88,
1007692,2013,USA VALLEY FAC INC/VALLEY LDFL,METHANE,846.47,
1002901,2013,BEE RIDGE LANDFILL,METHANE,2743.03,
1006421,2013,LEBANON LANDFILL AND RECYCLING CENTER,METHANE,1786.42,
1006514,2013,IREDELL CO-TWINS OAKS RD;3260,METHANE,3944.83,
1010957,2013,CITY OF DOTHAN SANITARY LANDFILL,METHANE,7413.29,
1011371,2013,YOLO COUNTY CENTRAL LANDFILL,METHANE,1459.3,
1011257,2013,IVY MATERIAL UTILIZATION CENTER,METHANE,128.97,
1003386,2013,CITY OF SUNNYVALE SOLID WASTE,METHANE,41.7,
1005795,2013,EAGLE RIDGE LANDFILL,METHANE,2170.17,
1010983,2013,MARSHALL COUNTY SANITARY LANDFILL,METHANE,1007.37,
1006597,2013,WEST NASSAU SANITARY LANDFILL,METHANE,890.01,
1011036,2013,WETZEL COUNTY LANDFILL,METHANE,335.81,
1002168,2013,BARTHOLOMEW CO LANDFILL,METHANE,1205.26,
1002564,2013,SCOTT AREA SANITARY LANDFILL,METHANE,2694.16,
1003440,2013,U S ARMY FORT BENNING MANEUVER CENTER OF EXCELLENCE,METHANE,672.76,
1003505,2013,MONROE COUNTY LANDFILL,METHANE,1040.76,
1011676,2013,EASTLAKE SANITARY LANDFILL,METHANE,1435.76,
1011793,2013,MACON BIBB WALKER ROAD MSWL,METHANE,2109.6,
1004604,2013,U.S. ARMY IMCOM AND FORT LEONARD WOOD,METHANE,418.57,
1004663,2013,ROUTE 40 WEST LANDFILL,METHANE,2938.8,
1006283,2013,RHODE ISLAND RESOURCE RECOVERY CORPORATION,METHANE,5872.7,
1006293,2013,MILLIKEN SANITARY LANDFILL,METHANE,959.2,
1006335,2013,WOODLAND RECYCLING AND DISPOSAL FACILITY,METHANE,274.87,
1006349,2013,LAND & LAKES CO-WILLOW RANCH,METHANE,226.18,
1000783,2013,PICKLES BUTTE SANITARY LANDFILL,METHANE,3245.45,
1000397,2013,HENRY COUNTY LANDFILL,METHANE,993.29,
1000331,2013,BEULAH SANITARY LANDFILL,METHANE,923.8,
1004251,2013,WELLFORD LANDFILL,METHANE,991.22,
1002538,2013,CITY OF MIDLAND MSW LANDFILL,METHANE,3125.9,
1003460,2013,GRAND CTL SANI,METHANE,936.99,
1003509,2013,CHAIN OF ROCKS RECYCLING & DISPOSAL,METHANE,232.97,
1003979,2013,CITY OF ELKO MUNICIPAL LANDFILL,METHANE,1105.47,
1000374,2013,MASON CO KY FISCAL COURT,METHANE,412.3,
1000554,2013,EDGECOMBE COUNTY LANDFILL,METHANE,327.41,
1001639,2013,VEOLIA ES BLACKFOOT LANDFILL,METHANE,10111.81,
1001960,2013,GRAND ISLAND REGIONAL LANDFILL,METHANE,3074.04,
1007075,2013,OUTAGAMIE COUNTY LANDFILL,METHANE,1060.56,
1007078,2013,CITY OF DURHAM SANITARY LANDFILL,METHANE,482.7,
1005633,2013,DENVER REGIONAL LANDFILL,METHANE,6539.24,
1007834,2013,"WASTE MANAGEMENT OF WISCONSIN, INC.",METHANE,1724.18,
1007837,2013,GUADALUPE RUBBISH DISPOSAL FACILITY,METHANE,3226.24,
1004558,2013,WILLOWCREEK LANDFILL,METHANE,294.6,
1007854,2013,WASTE MANAGEMENT PECAN PRAIRIE,METHANE,1155.52,
1007858,2013,EASTSIDE/TEXAS,METHANE,685.44,
1007879,2013,WM OF NH - TREE (TURNKEY LANDFILL),METHANE,4661.13,
1003101,2013,EAST CAROLINA REGIONAL LANDFILL,METHANE,4054.1,
1003227,2013,IRIS GLEN ENVIRONMENTAL CENTER,METHANE,1192.39,
1006224,2013,CITY OF FORT WORTH SOUTHEAST LANDFILL,METHANE,5760.7,
1007124,2013,W I TAYLOR COUNTY LANDFILL LLC,METHANE,14569.54,
1006117,2013,GULF PINES LANDFILL,METHANE,93.3,
1006149,2013,SHAFTER-WASCO SANITARY LANDFILL,METHANE,332.0,
1006207,2013,WM OF IL - GREENE VALLEY RDF,METHANE,2783.8,
1005782,2013,SAVAGE CANYON LANDFILL,METHANE,2362.38,
1003787,2013,FRANKLIN COUNTY SANITARY LANDFILL,METHANE,3476.68,
1006417,2013,BAYVIEW LANDFILL,METHANE,2419.22,
1007219,2013,ST. LUCIE COUNTY BALING AND RECYCLING FACILITY,METHANE,1667.63,
1004483,2013,GREEN VALLEY LANDFILL,METHANE,1457.4,
1007195,2013,ADVANCED DISPOSAL GLACIER RIDGE LANDFILL LLC,METHANE,2009.36,
1007197,2013,NORTH COUNTY SANITARY LANDFILL,METHANE,1375.2,
1007736,2013,CUMMINGS ROAD LANDFILL,METHANE,956.89,
1005912,2013,HIGHWAY 321 LEXINGTON COUNTY LANDFILL,METHANE,974.19,
1005916,2013,INDIAN CREEK LANDFILL #2,METHANE,2858.08,
1006619,2013,BARTOW COUNTY MSWL,METHANE,665.3,
1002491,2013,ELDA RDF,METHANE,1517.07,
1003887,2013,DOUGHERTY COUNTY - FLEMING/GAISSERT RD LANDFILL,METHANE,3101.12,
1003814,2013,FINK ROAD LANDFILL,METHANE,2604.83,
1003826,2013,ATLANTIC WASTE DISPOSAL INC - SUSSEX COUNTY LAND,METHANE,8508.09,
1003503,2013,DAUPHIN MEADOWS INC/MILLERSBURG MUNI WASTE LDFL,METHANE,435.51,
1007065,2013,WINNEBAGO COUNTY SNELL ROAD LANDFILL,METHANE,125.19,
1004918,2013,YAKIMA CNTY CHEYNE LANDFILL,METHANE,1272.27,
1004278,2013,HILLSBOROUGH HEIGHTS LF,METHANE,188.9,
1007112,2013,OX MOUNTAIN SANITARY LANDFILL,METHANE,7222.4,
1000881,2013,FRANKLIN COUNTY LANDFILL,METHANE,2145.36,
1009669,2013,CRISP COUNTY LANDFILL,METHANE,1835.79,
1007397,2013,ORANGE COUNTY LANDFILL,METHANE,1291.49,
1002244,2013,CENTERPOINT LANDFILL,METHANE,1035.4,
1004860,2013,SCOTTSBORO SOLID WASTE,METHANE,1279.51,
1003697,2013,ROXANA LANDFILL,METHANE,8072.2,
1002655,2013,PRINCE GEORGES COUNTY BROWN STATION ROA,METHANE,3561.28,
1000369,2013,CORONA DISPOSAL SITE,METHANE,82.29,
1003863,2013,COLUMBUS PINE GROVE MSWLF,METHANE,2874.96,
1004355,2013,BUTLER COUNTY LANDFILL,METHANE,252.2,
1004479,2013,UNION COUNTY RECYCLING AND DISPOSAL,METHANE,1909.52,
1007945,2013,SPRINGFIELD LANDFILL,METHANE,800.27,
1007954,2013,W M W I STONE RIDGE RECYCLING AND DISPOSAL,METHANE,253.06,
1004679,2013,LAND RECOVERY LANDFILL INDUST,METHANE,1982.67,
1002475,2013,GOLDEN TRIANGLE LANDFILL,METHANE,839.6,
1007987,2013,EVERGREEN LANDFILL/FKA PELLEGRENE SITE,METHANE,644.99,
1006532,2013,TOYTOWN SLF,METHANE,2472.29,
1002729,2013,PONCA CITY LANDFILL,METHANE,1655.06,
1002702,2013,CUMBERLAND COUNTY IMPROVEMENT AUTHORITY SWC,METHANE,1855.0,
1006096,2013,DANE CNTY LANDFILL SITE #2 RODEFELD,METHANE,1990.61,
1005900,2013,RIO GRANDE VALLEY LANDFILL,METHANE,1117.7,
1005461,2013,LINCOLN COUNTY LANDFILL,METHANE,1768.53,
1011179,2013,ESG WATTS TAYLOR RIDGE LANDFILL,METHANE,4505.4,
1003322,2013,PETERSBURG CITY LANDFILL,METHANE,1995.43,
1003328,2013,AVENAL REGIONAL LANDFILL,METHANE,3313.4,
1007818,2013,WASTE MANAGEMENT GREATER WENATCHEE LANDF,METHANE,1274.17,
1007707,2013,CENTRAL LANDFILL,METHANE,3380.15,
1007662,2013,NEW RIVER RESOURCE AUTHORITY SOLID WASTE MANAGEMENT FACILITY,METHANE,1183.2,
1003394,2013,HORRY COUNTY SOLID WASTE AUTHORITY INCORPORATED,METHANE,2849.92,
1003599,2013,CALABASAS SANITARY LANDFILL,METHANE,6471.24,
1007813,2013,CHASTANG SANITARY LANDFILL,METHANE,930.51,
1000218,2013,PINE RIDGE RECYCLING & DISPOSAL,METHANE,2126.02,
1007543,2013,LONE CACTUS LANDFILL,METHANE,3634.6,
1003395,2013,SPADRA LANDFILL,METHANE,1433.36,
1008011,2013,MONROE LIVINGSTON SANITARY LANDFILL,METHANE,621.92,
1003788,2013,MODEL LANDFILL,METHANE,67.16,
1007835,2013,DOUGLAS COUNTY RECYCLING LANDFILL,METHANE,2733.47,
1007703,2013,VENICE PARK RDF,METHANE,3226.64,
1003528,2013,GEORGETOWN COUNTY LANDFILL,METHANE,1062.57,
1003540,2013,HURON LANDFILL CORPORATION,METHANE,2292.84,
1007611,2013,MOUNTAINVIEW SANITARY LANDFILL,METHANE,879.72,
1003432,2013,GUDE LANDFILL GAS-TO-ENERGY FACILITY,METHANE,185.9,
1003543,2013,BROWARD COUNTY INTERIM CONTINGENCY LANDFILL,METHANE,908.74,
1003466,2013,CAVE CREEK MSW LANDFILL,METHANE,1127.22,
1003467,2013,QUEEN CREEK MSW LANDFILL,METHANE,3150.32,
1003732,2013,"MODERN LANDFILL, INC",METHANE,3038.38,
1007636,2013,S & S GRADING INC LANDFILL,METHANE,3185.28,
1003469,2013,OAKS LANDFILL GAS-TO-ENERGY FACILITY,METHANE,305.2,
1007688,2013,KELLY RUN SANITATION,METHANE,350.87,
1007456,2013,PIEDMONT LANDFILL AND RECYCLING CENTER,METHANE,166.55,
1003471,2013,SALT LAKE VALLEY SOLID WASTE MANAGEMENT: SALT LAKE VALLEY LANDFILL & TRANSFER ST,METHANE,4149.29,
1007951,2013,BRADLEY LANDFILL & RECYCLING CENTER,METHANE,4143.06,
1007742,2013,SPRUCE RIDGE RESOURCE MGMT FACILITY,METHANE,1832.16,
1007690,2013,DICKINSON LANDFILL INC,METHANE,3102.68,
1003795,2013,ROLLING HILLS LANDFILL,METHANE,597.97,
1003446,2013,ADA COUNTY SOLID WASTE MANAGEMENT,METHANE,7406.43,
1007001,2013,SHORT MOUNTAIN LANDFILL,METHANE,6215.29,
1003390,2013,NORTH SANITARY LANDFILL INC PINACLE RD,METHANE,205.33,
1003548,2013,DIVISION OF WILDLIFE RESOURCES LEEKAY LANDFILL,METHANE,2715.42,
1003549,2013,LAWRENCEBURG CITY / COUNTY BALEFILL,METHANE,544.22,
1006418,2013,KANKAKEE RDF,METHANE,87.4,
1007722,2013,TORO ENERGY OF OHIO - AMERICA S LANDFILL GAS,METHANE,4540.85,
1007907,2013,WASTE MGMT OF CO INC COUNTY LINE,METHANE,284.08,
1007614,2013,SHANNON ROAD LANDFILL,METHANE,1295.06,
1003742,2013,31ST STREET LANDFILL,METHANE,3898.7,
1003743,2013,DES PLAINES LANDFILL,METHANE,1056.56,
1007932,2013,CITY SAND & LANDFILL INC,METHANE,595.76,
1003744,2013,BEECHER LANDFILL,METHANE,653.58,
1003804,2013,STATEWIDE LANDFILL,METHANE,133.39,
1003392,2013,GENEVA LANDFILL,METHANE,1605.22,
1007756,2013,MAHONING LANDFILL,METHANE,2107.04,
1007728,2013,TRI-CITY RDF,METHANE,1150.42,
1003893,2013,HAYES LANDFILL,METHANE,2797.11,
1006173,2013,WEST HAWAII LANDFILL / PUU ANAHULU,METHANE,656.05,
1007840,2013,WESTSIDE RECYCLING AND DISPOSAL FACILITY,METHANE,1823.87,
1000216,2013,KEKAHA LANDFILL,METHANE,2626.3259999999996,
1006088,2013,AKRON REGIONAL LANDFILL *,METHANE,69.69,
1003949,2013,CITY OF LOGAN LANDFILL,METHANE,2055.9,
1008010,2013,WASTE MANAGEMENT OF CT INC NEW MILFORD,METHANE,96.3,
1003723,2013,EAST DUVAL SLF (GREENFIELD CREEK),METHANE,3452.0,
1006191,2013,JACKSONVILLE N SANITARY LANDFILL,METHANE,5068.01,
1003933,2013,CAMDEN COUNTY SR 110 MSW LANDFILL,METHANE,2764.02,
1003854,2013,CLAYTON COUNTY SR 3 LOVEJOY LANDFILL,METHANE,2122.17,
1003813,2013,GEER ROAD LANDFILL,METHANE,1291.91,
1003450,2013,ATKINSON COUNTY - S.R. 50 MSW LANDFILL,METHANE,1295.72,
1003806,2013,BLUEBONNET LANDFILL,METHANE,395.74,
1003812,2013,IOWA CITY SANITARY LANDFILL,METHANE,1363.01,
1007744,2013,K & W LANDFILL,METHANE,2289.97,
1007754,2013,DAFTER SANITARY LANDFILL INC,METHANE,1642.2,
1007634,2013,TULLYTOWN RESOURCE RECOVER FACILITY (TRRF) LANDFILL,METHANE,6050.21,
1007615,2013,GROWS LDFL WASTE MGMT,METHANE,3612.24,
1003773,2013,IESI PA BLUE RIDGE L/R & A BENDER LDFL,METHANE,4778.38,
1007645,2013,ALLIANCE SANI LDFL,METHANE,1509.93,
1007755,2013,MENOMINEE LANDFILL,METHANE,3036.06,
1003937,2013,IESI PA BETHLEHEM LDFL,METHANE,1616.72,
1007605,2013,BROOKS LANDFILL,METHANE,5861.53,
1007673,2013,CENTRAL DISPOSAL SYSTEMS INC,METHANE,2108.45,
1003504,2013,BUTTON GWINNETT LANDFILL,METHANE,79.14,
1003586,2013,OLYMPIC VIEW SANITARY LANDFILL INC,METHANE,74.56,
1006464,2013,BROADACRE LANDFILL - FOUNTAIN LANDFILL,METHANE,1837.26,
1007652,2013,MOHAWK VALLEY SANITARY LANDFILL,METHANE,966.74,
1007225,2013,LANDFILL AND DEVELOPMENT COMPANY,METHANE,381.05,
1006858,2013,GUN CLUB ROAD LANDFILL,METHANE,1691.44,
1003911,2013,FRONT RANGE LANDFILL,METHANE,4788.98,
1007685,2013,GRANBY SANITARY LANDFILL,METHANE,340.98,
1002493,2013,SETTLERS HILL RDF/MIDWAY LANDFILL,METHANE,3095.0,
1003588,2013,LAKE LANDFILL,METHANE,2264.8,
1006204,2013,TAZEWELL RECYCLING & DISPOSAL FACILITY,METHANE,181.29,
1007718,2013,SOUTHERN ALLEGHENIES LDFL,METHANE,1390.61,
1007653,2013,WHEELER RECYCLING & DISPOSAL FACILITY,METHANE,333.74,
1003623,2013,FOREST LAWN LANDFILL,METHANE,1620.0,
1003627,2013,LEE COUNTY LANDFILL,METHANE,1407.6,
1007935,2013,WASTE MANAGEMENT DISPOSAL SERVICE MOUNTAIN VIEW LANDFILL,METHANE,1309.3,
1007649,2013,LAKE VIEW LDFL,METHANE,1402.05,
1003532,2013,TAUNTON SANITARY LANDFILL,METHANE,698.82,
1007701,2013,ENVIRONTECH LANDFILL,METHANE,946.0,
1003622,2013,EPPERSON WASTE DISPOSAL,METHANE,1128.7,
1003624,2013,JEFFERSON CITY LANDFILL,METHANE,1089.33,
1003625,2013,KESTREL HAWK LANDFILL,METHANE,1504.2,
1003626,2013,LAUBSCHER MEADOWS LANDFILL,METHANE,685.5,
1006744,2013,WHEATLAND PRAIRIE RECYCLING AND DISPOSAL FACILITY,METHANE,104.14,
1007584,2013,LCS SERVICES LANDFILL,METHANE,850.11,
1006229,2013,LIVE OAK LANDFILL & RECYLING CENTER,METHANE,533.15,
1007647,2013,NORTHWEST SANI LDFL,METHANE,763.01,
1007583,2013,WASTE MANAGEMENT CHARLES CITY LANDFILL,METHANE,3393.56,
1007689,2013,USA WASTE OF VIRGINIA LANDFILLS - BETHEL LANDFILL,METHANE,2631.21,
1007635,2013,MIDDLE PENINSULA LANDFILL,METHANE,4366.15,
1005056,2013,BROWN COUNTY LANDFILL,METHANE,2145.91,
1004913,2013,LENA ROAD CLASS I LANDFILL,METHANE,6119.96,
1004916,2013,YAKIMA COUNTY TERRACE HTS LANDFILL,METHANE,4187.78,
1003983,2013,HOUSTON COUNTY PUBLIC WORKS DEPARTMENT,METHANE,2428.87,
1003986,2013,PEORIA/CITY-COUNTY LANDFILL #1 AND #2,METHANE,2874.42,
1003990,2013,LOESS HILLS REGIONAL SANITARY LANDFILL,METHANE,2738.45,
1004062,2013,US MARINE CORPS BASE CAMP LEJEUNE,METHANE,1752.73,
1004384,2013,HIDDEN VALLEY LANDFILL,METHANE,268.43,
1004003,2013,APACHE JUNCTION LANDFILL,METHANE,6765.5,
1007963,2013,COPPER MOUNTAIN LANDFILL,METHANE,4481.5,
1007944,2013,ECDC ENVIRONMENTAL,METHANE,622.9,
1004010,2013,FORWARD LANDFILL,METHANE,3519.1,
1004011,2013,KELLER CANYON LANDFILL,METHANE,6008.8,
1004156,2013,HALL COUNTY ALLEN CREEK LANDFILL,METHANE,842.86,
1004157,2013,"SOUTH HADLEY LANDFILL, LLC",METHANE,834.33,
1006286,2013,CITY OF CHATTANOOGA SUMMIT LANDFILL,METHANE,4297.72,
1004515,2013,WASCO LANDFILL,METHANE,2646.7,
1004516,2013,FINLEY BUTTES REGIONAL LANDFILL,METHANE,2045.2,
1006292,2013,NORTH DADE LANDFILL MIAMI-DADE SOLID WASTE MANAGEMENT,METHANE,2440.76,
1004518,2013,BOBMEYER ROAD MSW,METHANE,142.1,
1007554,2013,BUTLER COUNTY LANDFILL,METHANE,1805.9,
1008057,2013,SOUTH CHOLLAS SANITARY LANDFILL,METHANE,520.1,
1006179,2013,NEWBY ISLAND LANDFILL,METHANE,4441.5,
1003676,2013,ROOSEVELT REGIONAL LANDFILL,METHANE,11310.9,
1003679,2013,SUNSHINE CANYON LANDFILL,METHANE,7455.5,
1003680,2013,SYCAMORE LANDFILL,METHANE,3762.8,
1003683,2013,CITY OF GLENDALE - LANDFILL,METHANE,2059.0,
1007027,2013,OTTAWA COUNTY FARMS LANDFILL,METHANE,2563.6,
1007520,2013,NATIONAL SERV-ALL LANDFILL,METHANE,5500.54,
1004320,2013,"MORETOWN LANDFILL, INC.",METHANE,1157.77,
1004162,2013,COMM REFUSE SVC INC/CUMBERLAND CNTY LDFL,METHANE,5094.71,
1007713,2013,FILLSAND LANDFILL,METHANE,1225.6,
1004541,2013,MORRIS COMMUNITY LANDFILL,METHANE,2228.71,
1006348,2013,COLES COUNTY LANDFILL,METHANE,161.9,
1004759,2013,CLARK-FLOYD LANDFILL,METHANE,5433.15,
1007382,2013,CULLMAN ENVIRONMENTAL,METHANE,1970.24,
1003692,2013,UNITED REFUSE LANDFILL,METHANE,1757.4,
1006993,2013,WABASH VALLEY LANDFILL,METHANE,972.3,
1007062,2013,NORTHWEST TENNESSEE LANDFILL,METHANE,3125.2,
1003694,2013,DOZIT COMPANY LANDFILL,METHANE,2898.2,
1006182,2013,VALLEY VIEW LANDFILL,METHANE,1735.9,
1003711,2013,"WOLF CREEK LANDFILL, LLC",METHANE,3796.57,
1004321,2013,"WSI SANDY RUN LANDFILL, INC.",METHANE,3119.25,
1004476,2013,SYCAMORE RIDGE LANDFILL/VICTORY LANDFILL,METHANE,7477.0,
1007826,2013,ROCKINGHAM COUNTY LANDFILL,METHANE,1342.8,
1007558,2013,NORTH MIRAMAR SANITARY LANDFILL,METHANE,633.2,
1004774,2013,PONCE LANDFILL,METHANE,3609.9,
1006228,2013,SALINAS LANDFILL,METHANE,3572.9,
1004936,2013,ROCHELLE MUNICIPAL LANDFILL,METHANE,4873.74,
1007290,2013,CITY OF TIFTON / OMEGA / ELDORADO ROAD LF,METHANE,1744.92,
1005680,2013,JEFFERSON COUNTY LANDFILL NO.2,METHANE,3054.11,
1004247,2013,FREDERICK COUNTY REGIONAL LANDFILL,METHANE,3223.65,
1004543,2013,LITTLE ROCK CITY SW LANDFILL,METHANE,2918.4,
1004480,2013,MISSISSIPPI COUNTY LANDFILL,METHANE,3154.68,
1004399,2013,KIMBLE SANITARY LANDFILL,METHANE,31857.29,
1005719,2013,CAMBPELL COUNTY LANDFILL,METHANE,120.61,
1005860,2013,EAST CENTRAL SOLID WASTE COMMISSION,METHANE,803.73,
1007094,2013,BIG RUN LANDFILL,METHANE,11069.34,
1004548,2013,VISALIA LANDFILL,METHANE,1479.3,
1006344,2013,AUGUSTA COUNTY SVC AUTHORITY LANDFILL,METHANE,3928.84,
1007015,2013,CHATEAU FRESNO LANDFILL,METHANE,117.1,
1006661,2013,BOULDER LANDFILL,METHANE,502.7,
1004200,2013,CAPE MAY COUNTY MUA SECURE LANDFILL,METHANE,702.63,
1007291,2013,ALPHA RIDGE LANDFILL,METHANE,1288.01,
1004364,2013,CITY OF WATSONVILLE LANDFILL,METHANE,220.43,
1007007,2013,FULTON COUNTY MERK MILES ROAD LANDFILL,METHANE,1089.34,
1004691,2013,COLTON SANITARY LANDFILL,METHANE,1298.9,
1004692,2013,SAN TIMOTEO SOLID WASTE DISPOSAL SITE(REDLANDS),METHANE,1094.6,
1004405,2013,FELTONSVILLE LANDFILL,METHANE,52.3,
1005786,2013,NORTH WAKE COUNTY LANDFILL,METHANE,427.2,
1004057,2013,DANC SOLID WASTE MANAGEMENT FACILITY,METHANE,2881.17,
1006538,2013,IESI WEATHERFORD LANDFILL,METHANE,2807.85,
1004328,2013,JANESVILLE CITY/ROCK COUNTY LANDFILL,METHANE,3063.59,
1007859,2013,QUAIL HOLLOW LANDFILL,METHANE,1628.97,
1008004,2013,CELINA LANDFILL,METHANE,2160.0,
1007969,2013,LORAIN COUNTY LANDFILL I & II,METHANE,7646.6,
1004252,2013,JOHNSTON COUNTY MSW LANDFILL,METHANE,1775.65,
1004204,2013,DAVIDSON COUNTY INTEGRATED SOLID WASTE MANAGEMENT DEPT.,METHANE,1600.98,
1006279,2013,NEWTON COUNTY LANDFILL,METHANE,2289.38,
1004255,2013,SAMPSON COUNTY LANDFILL,METHANE,1231.97,
1007467,2013,CLINTON LANDFILL INC,METHANE,3172.42,
1007073,2013,"HICKORY RIDGE LANDFILL, INC.",METHANE,2019.14,
1004485,2013,UNION COUNTY REGIONAL MSW LANDFILL,METHANE,7482.5,
1004486,2013,VIENNA JUNCTION LANDFILL,METHANE,995.5,
1007060,2013,SHOW-ME REGIONAL LANDFILL,METHANE,1488.9,
1007711,2013,JACKSON MADISON COUNTY LF,METHANE,7579.2,
1007886,2013,MISSOURI PASS LANDFILL,METHANE,219.7,
1004556,2013,EAST BRIDGEWATER LANDFILL,METHANE,220.8,
1004557,2013,PLAINVILLE LANDFILL,METHANE,217.5,
1007103,2013,CORONADO GENERATING STATION,METHANE,13.01,
1001952,2013,WEST KENTUCKY LANDFILL,METHANE,2239.08,
1001953,2013,ONSLOW COUNTY LANDFILL,METHANE,2044.94,
1001775,2013,BUNCOMBE COUNTY NEW LANDFILL,METHANE,1577.57,
1000031,2013,NORTHWEST REGIONAL LANDFILL,METHANE,3068.6,
1006044,2013,TOWER LANDFILL INC,METHANE,2703.9,
1001668,2013,LANTANA LANDFILL (PARK RIDGE GOLF COURSE),METHANE,1363.64,
1007820,2013,PALM BEACH RENEWABLE ENERGY PARK (PBREP),METHANE,15381.31,
1002318,2013,SANTIAGO CANYON LANDFILL,METHANE,4219.09,
1002321,2013,FORT BEND REGIONAL LANDFILL,METHANE,5110.8,
1006724,2013,CAJA DEL RIO LANDFILL,METHANE,991.9,
1006057,2013,I-66 LF,METHANE,707.21,
1006071,2013,HENRICO COUNTY DPU SPRINGFIELD RD LANDFILL,METHANE,700.58,
1001884,2013,PINELLAS COUNTY RESOURCE RECOVERY,METHANE,8801.12,
1002249,2013,LIVINGSTON LANDFILL,METHANE,4693.8,
1005942,2013,MARTIN COUNTY SOLID WASTE TRANSFER AND RECYCLING FACILITY,METHANE,345.65,
1001633,2013,ADS-CEDAR HILL LANDFILL,METHANE,3518.44,
1007298,2013,MIDDLESEX COUNTY LANDFILL,METHANE,15424.2,
1001637,2013,ADVANCED DISPOSAL ORCHARD HILLS LANDFILL INC,METHANE,4205.1,
1005985,2013,ADVANCED DISPOSAL ZION LANDFILL,METHANE,2103.03,
1007983,2013,VEOLIA ES HOOSIER LANDFILL,METHANE,4472.74,
1001642,2013,VEOLIA ES MOREHEAD LANDFILL,METHANE,2289.69,
1001843,2013,ADVANCED DISPOSAL ROLLING HILLS LANDFILL INC,METHANE,334.02,
1001643,2013,VEOLIA ES GREENTREE LDFL,METHANE,4082.09,
1006964,2013,ADVANCED DISPOSAL SEVEN MILE CREEK LANDFILL LLC,METHANE,1795.65,
1001925,2013,SAINT JOSEPH SANITARY LANDFILL,METHANE,1362.5,
1002104,2013,COYOTE CANYON SANITARY LANDFILL,METHANE,1749.65,
1002106,2013,PRIMA DESHECHA LANDFILL,METHANE,6116.13,
1001858,2013,ATLANTIC COUNTY LANDFILL,METHANE,2089.76,
1001949,2013,CEDAR RAPIDS/LINN COUNTY SOLID WASTE AGENCY SITE #2,METHANE,1559.26,
1001766,2013,CEDAR RAPIDS/LINN COUNTY SOLID WASTE AGENCY SITE #1,METHANE,2256.9,
1001770,2013,MOCCASIN MIKE SANITARY LANDFILL,METHANE,2147.97,
1006049,2013,PUTNAM COUNTY CENTRAL LANDFILL,METHANE,2814.49,
1002125,2013,BLYDENBUGH ROAD LANDFILL,METHANE,257.88,
1005873,2013,REICHS FORD MUNICIPAL LANDFILL & RECYCLING CENTER,METHANE,2586.58,
1007617,2013,"WASTE MANAGEMENT OF NEW YORK, LLC",METHANE,1901.16,
1002004,2013,GLEN BURNIE LANDFILL,METHANE,766.62,
1002008,2013,HERNANDO COUNTY NW LANDFILL,METHANE,3154.67,
1001991,2013,ADRIAN LANDFILL,METHANE,653.2,
1001993,2013,WHITEFEATHER LANDFILL INC,METHANE,935.6,
1002132,2013,LA SALLE/GRANT PARISH SANITARY LANDFILL,METHANE,5334.35,
1002140,2013,TENSAS PARISH LANDFILL,METHANE,1998.05,
1006064,2013,IESI TIMBERLANE LANDFILL,METHANE,5410.87,
1002323,2013,SOONER LANDFILL,METHANE,367.9,
1007970,2013,NORTH 48TH STREET LANDFILL,METHANE,4083.04,
1002159,2013,HASTINGS LANDFILL,METHANE,1553.77,
1002010,2013,DE SOLID WASTE AUTHORITY CHERRY ISLAND,METHANE,5576.87,
1002182,2013,DE SOLID WASTE AUTHORITY CENTRAL LANDFILL,METHANE,98.66,
1002183,2013,DE SOLID WASTE AUTHORITY SOUTHERN,METHANE,85.63,
1002340,2013,CITY OF LA GRANGE LANDFILL,METHANE,1796.26,
1002242,2013,CLINTON COUNTY LANDFILL,METHANE,4666.3,
1002232,2013,CHRIN BROTHERS LANDFILL,METHANE,1563.03,
1002234,2013,SOUTHERN OKLAHOMA REGIONAL DISPOSAL LANDFILL,METHANE,1614.9,
1007443,2013,FAUQUIER COUNTY SANITARY LANDFILL,METHANE,8.1,
1002038,2013,"ADVANCED DISPOSAL MALLARD RIDGE LANDFILL, INC",METHANE,3288.05,
1006859,2013,POLK COUNTY - NORTH CENTRAL LANDFILL,METHANE,10771.19,
1002656,2013,SIOUX FALLS REGIONAL SANITARY LANDFILL (SFRSL),METHANE,1439.77,
1007638,2013,TWIN BRIDGES RDF,METHANE,3072.86,
1002609,2013,OTTUMWA / WAPELLO COUNTY SANITARY LANDFILL,METHANE,1410.5,
1002610,2013,DES MOINES COUNTY REGIONAL SOLID WASTE COMMISSION,METHANE,2083.96,
1002351,2013,CITY OF CORSICANA LANDFILL,METHANE,3679.7,
1006693,2013,FM 812 LANDFILL,METHANE,2122.8,
1002276,2013,CRAWFORD COUNTY SANITARY LANDFILL,METHANE,6765.29,
1002065,2013,CITY OF BEAUMONT LANDFILL,METHANE,10194.8,
1007581,2013,OAK RIDGE RECYCLING & DISPOSAL FACILITY,METHANE,1533.11,
1007812,2013,LIBERTY LANDFILL,METHANE,4858.74,
1002567,2013,WHITESIDE COUNTY LANDFILL,METHANE,3599.49,
1002292,2013,HARFORD WASTE DISPOSAL CENTER,METHANE,2751.71,
1002489,2013,BRENT RUN LANDFILL,METHANE,13635.55,
1002490,2013,LOUDOUN COUNTY SANITARY LANDFILL,METHANE,990.03,
1002667,2013,OCEAN COUNTY LANDFILL,METHANE,4156.85,
1002081,2013,J. C. ELLIOTT LANDFILL AND TRANSFER STATION,METHANE,4565.1,
1002086,2013,SYCAMORE LANDFILL,METHANE,1961.8,
1002088,2013,ILLINOIS LANDFILL INC,METHANE,2014.4,
1006056,2013,ATHENS & CLARKE COUNTIES-DUNLAP ROAD LF,METHANE,2745.23,
1002091,2013,LITCHFIELD-HILLSBORO LANDFILL,METHANE,852.1,
1002096,2013,SANGAMON VALLEY LANDFILL INC,METHANE,892.7,
1002457,2013,CITY OF NACOGDOCHES LANDFILL,METHANE,2343.9,
1005665,2013,CITY OF PORT ARTHUR LANDFILL,METHANE,5551.4,
1005892,2013,BROADHURST ENVIRONMENTAL LANDFILL,METHANE,1388.5,
1007888,2013,SWIFT CREEK ENVIRONMENTAL LANDFILL,METHANE,3667.5,
1002511,2013,WOOLWORTH ROAD LANDFILL,METHANE,11336.11,
1006135,2013,WEBSTER PARISH LANDFILL,METHANE,2570.8,
1002512,2013,ROYAL OAKS LANDFILL,METHANE,4145.5,
1002513,2013,PLEASANT OAKS LANDFILL,METHANE,1365.4,
1005895,2013,GREENWOOD FARMS LANDFILL,METHANE,1952.2,
1002514,2013,WHISPERING PINES LANDFILL,METHANE,1297.7,
1006899,2013,MCCARTY ROAD LANDFILL TX,METHANE,9475.8,
1002643,2013,MALOY SOLID WASTE LANDFILL,METHANE,5158.5,
1002644,2013,CSC DISPOSAL AND LANDFILL,METHANE,4710.6,
1002645,2013,ARLINGTON LANDFILL,METHANE,9153.1,
1006302,2013,LITTLE DIXIE LANDFILL,METHANE,2872.4,
1005891,2013,BLUE RIDGE LANDFILL,METHANE,8142.8,
1005894,2013,GALVESTON COUNTY LANDFILL,METHANE,3108.1,
1007357,2013,ABILENE REGIONAL LANDFILL,METHANE,2790.8,
1002647,2013,ITASCA LANDFILL,METHANE,2286.5,
1002648,2013,SOUTHWEST LANDFILL,METHANE,2303.7,
1002649,2013,CARTER VALLEY LANDFILL,METHANE,1300.0,
1002650,2013,MIDDLE POINT LANDFILL,METHANE,5255.9,
1002464,2013,MORRIS FARM LANDFILL,METHANE,939.3,
1005898,2013,MODELFILL LANDFILL,METHANE,1055.4,
1002468,2013,ECD LANDFILL,METHANE,1168.2,
1002469,2013,MEXIA LANDFILL,METHANE,625.4,
1007274,2013,TIMBERLANDS LANDFILL,METHANE,3071.1,
1002473,2013,EL CENTRO LANDFILL,METHANE,4152.7,
1002476,2013,JEFFERSON DAVIS PARISH LANDFILL,METHANE,2260.9,
1002471,2013,TESSMAN ROAD LANDFILL,METHANE,5188.0,
1006118,2013,KERRVILLE LANDFILL,METHANE,78.1,
1006747,2013,SUNSET FARMS LANDFILL,METHANE,5585.9,
1002478,2013,PINE RIDGE LANDFIL,METHANE,4158.0,
1002480,2013,CHEROKEE RUN LANDFILL,METHANE,1826.5,
1002555,2013,COUNTY ENVIRONMENTAL LANDFILL OF WYANDOT,METHANE,1416.9,
1007547,2013,FALL RIVER LANDFILL,METHANE,1341.9,
1002556,2013,CONESTOGA LANDFILL,METHANE,6496.9,
1002557,2013,LEE COUNTY LANDFILL,METHANE,4829.9,
1002441,2013,CIRCULAR BUTTE/JEFFERSON COUNTY,METHANE,452.22,
1007349,2013,MUD LAKE LANDFILL,METHANE,191.84,
1002547,2013,"THREE RIVERS SOLID WASTE MANAGEMENT AUTHORITY, THREE RIVERS REGIONAL LANDFILL",METHANE,4310.43,
1002450,2013,HARRISON LANDFILL,METHANE,138.1,
1002896,2013,BAKERSFIELD METROPOLITAN SANITARY LANDFILL,METHANE,1323.08,
1007833,2013,PRAIRIE VIEW RDF,METHANE,4985.64,
1007588,2013,EARTHMOVERS LANDFILL,METHANE,2737.95,
1002587,2013,JEFFERSON PARISH SANITARY LANDFILL,METHANE,3152.12,
1002588,2013,INDIAN RIVER COUNTY LANDFILL,METHANE,2518.1,
1002550,2013,SALINA MUNICIPAL SOLID WASTE LANDFILL,METHANE,3467.7,
1002898,2013,CHINA GRADE SANITARY LANDFILL,METHANE,492.4,
1002855,2013,CITY OF OKMULGEE LANDFILL,METHANE,1214.82,
1006238,2013,ST LANDRY PARISH LANDFILL,METHANE,1812.06,
1002691,2013,SOUTH CENTRAL IOWA SOLID WASTE AGENCY SCISWA,METHANE,1171.54,
1002899,2013,CENTRAL COUNTY SOLID WASTE DISPOSAL COMPLEX,METHANE,5630.49,
1006140,2013,RENO COUNTY MUNICIPAL SOLID WASTE LANDFILL,METHANE,6233.86,
1002552,2013,AMERICAN ENVIRONMENTAL LANDFILL,METHANE,3851.7,
1002951,2013,RIGA/MILL SEAT LANDFILL,METHANE,5820.51,
1007648,2013,HIGH ACRES LANDFILL & RECYCLING CENTER,METHANE,8255.76,
1002902,2013,WATERTOWN LANDFILL,METHANE,1002.5,
1002593,2013,NORTHAMPTON LANDFILL,METHANE,1601.6,
1007624,2013,OKC WASTE DISPOSAL /OKLAHOMA CITY LNDFLL,METHANE,12577.05,
1006132,2013,AUTUMN HILLS RECYCLING AND DISPOSAL FACILITY,METHANE,3664.37,
1002599,2013,CLINTON COUNTY SANITARY LANDFILL (EAST),METHANE,1286.57,
1007610,2013,MAPLEWOOD RECYCLING AND WASTE DISPOSAL,METHANE,8053.67,
1002906,2013,SPRINGFIELD SANITARY LANDFILL,METHANE,4768.37,
1007721,2013,HASTINGS SANITARY LANDFILL,METHANE,324.85,
1007831,2013,WESTSIDE RECYCLING AND DISPOSAL FACILITY,METHANE,2187.14,
1005697,2013,RANDOLPH FARMS INC,METHANE,4353.46,
1002684,2013,ORCHARD HILL SANITARY LANDFILL,METHANE,1883.56,
1007440,2013,MATLOCK BEND LANDFILL,METHANE,4619.68,
1002732,2013,CRITTENDEN COUNTY LANDFILL,METHANE,2733.94,
1002964,2013,CITY OF WICHITA FALLS LANDFILL,METHANE,5082.0,
1002581,2013,HOFFMAN ROAD SANITARY LANDFILL,METHANE,891.74,
1002639,2013,BATTLE CREEK LANDFILL,METHANE,2232.47,
1003356,2013,BRADLEY COUNTY LANDFILL,METHANE,5851.18,
1003357,2013,MAGNOLIA LANDFILL,METHANE,820.0,
1000536,2013,LA CROSSE COUNTY SOLID WASTE MANAGEMENT FACILITY,METHANE,1638.19,
1007797,2013,WASTE MANAGEMENT OF LA LLC - WOODSIDE SANITARY LANDFILL & RECYCLING CENTER,METHANE,702.95,
1007769,2013,RIO RANCHO MUNICPAL LANDFILL,METHANE,613.06,
1003034,2013,AUBURN SANITARY LANDFILL NO 2,METHANE,282.1,
1007616,2013,PINE GROVE LDFL INC/PINE GROVE LANDFILL,METHANE,264.9,
1003620,2013,C&C LANDFILL,METHANE,1562.1,
1007631,2013,COURTNEY RIDGE LANDFILL,METHANE,4749.1,
1002992,2013,CHIQUITA CANYON SLF,METHANE,4570.7,
1006322,2013,COLD CANYON LANDFILL SOLID WASTE DS,METHANE,599.9,
1003333,2013,GORDON COUNTY (REDBONE RIDGES) LANDFILL,METHANE,4635.15,
1007345,2013,POTRERO HILLS LANDFILL,METHANE,10817.3,
1007794,2013,"CWMI, KHF (MSW LANDFILL B-19)",METHANE,2334.44,
1008215,2013,ORANGE COUNTY LANDFILL,METHANE,12033.59,
1007891,2013,"WASTE MANAGEMENT OF MISSISSIPPI INC, PRAIRIE BLUFF LANDFILL AND RECYCLING CENTER",METHANE,3708.97,
1003565,2013,SAN JUAN COUNTY REGIONAL LANDFILL,METHANE,2912.67,
1003566,2013,CONCORD TURNPIKE REGIONAL LANDFILL,METHANE,6219.9,
1003521,2013,FREY FARM-CRESWELL LDFL,METHANE,1399.2,
1003362,2013,CAMINO REAL LANDFILL,METHANE,8482.0,
1003601,2013,RIVERVIEW LAND PERSERVE,METHANE,7953.42,
1002996,2013,CGS SERVICES INC.,METHANE,7171.03,
1003029,2013,MADISON COUNTY LANDFILL,METHANE,854.47,
1003032,2013,FORD COUNTY LANDFILL,METHANE,791.35,
1003033,2013,AVA LANDFILL,METHANE,2514.22,
1003035,2013,COASTAL REGIONAL SOLID WASTE MANAGEMENT AUTHORITY,METHANE,3645.57,
1003036,2013,CORTLAND COUNTY INTERIM II LANDFILL/WEST SIDE EXT,METHANE,1497.46,
1003638,2013,HANCOCK COUNTY LANDFILL *,METHANE,634.91,
1005630,2013,NEW RIVER SOLID WASTE ASSOCIATION,METHANE,5616.75,
1003240,2013,MEDORA SANITARY LANDFILL,METHANE,6455.5,
1007989,2013,WASTE MANAGEMENT DISPOSAL SERVICES OF OREGON,METHANE,7670.52,
1007582,2013,OAKRIDGE LANDFILL INCORPORATED,METHANE,1842.49,
1007706,2013,RICHLAND COUNTY LANDFILL,METHANE,5938.68,
1007892,2013,PALMETTO LANDFILL AND RECYCLING CENTER,METHANE,3111.01,
1003569,2013,SUPERIOR LANDFILL & RECYCLING CENTER,METHANE,2859.7,
1006090,2013,HICKORY HILL LANDFILL/RECYCLING,METHANE,1567.43,
1003038,2013,"ADVANCED DISPOSAL MAPLE HILL LANDFILL, LLC",METHANE,704.03,
1006979,2013,ADVANCED DISPOSAL OAK RIDGE LANDFILL,METHANE,381.2,
1003039,2013,GREENWOOD COUNTY LANDFILLS,METHANE,1816.56,
1003207,2013,VOLUNTEER REGIONAL LANDFILL SCOTT SOLID,METHANE,3224.55,
1003335,2013,MURRAY COUNTY LANDFILL,METHANE,2600.3,
1003411,2013,ALDERSON REGIONAL LANDFILL,METHANE,1597.7,
1003412,2013,BACKRIDGE LANDFILL,METHANE,2145.5,
1003413,2013,BENSON VALLEY LF,METHANE,1181.7,
1003621,2013,CANADIAN VALLEY LANDFILL,METHANE,1226.9,
1006990,2013,CENTRAL SANITARY LANDFILL,METHANE,1522.2,
1007024,2013,COUNTY LINE LANDFILL,METHANE,4547.5,
1006989,2013,ELK RUN SANITARY LANDFILL,METHANE,1343.2,
1006261,2013,KEYSTONE SANITARY LANDFILL,METHANE,9191.8,
1003044,2013,SAN ANGELO LANDFILL,METHANE,3903.81,
1006969,2013,BURLINGTON CNTY RESOURCE RECOVERY COMPLEX,METHANE,2075.1,
1002700,2013,CITY OF SNYDER LANDFILL,METHANE,1023.86,
1000215,2013,POLK COUNTY LANDFILL,METHANE,2711.74,
1003337,2013,IESI EAST TEXAS REGIONAL LANDFILL,METHANE,2928.04,
1003147,2013,ALCOA-MARYVILLE-BLOUNT COUNTY LANDFILL,METHANE,1797.91,
1003269,2013,MEADOW BRANCH LANDFILL,METHANE,6432.67,
1006328,2013,PINE BLUFF LANDFILL,METHANE,8397.13,
1007798,2013,R & B LANDFILL,METHANE,6496.78,
1007541,2013,BOLTON ROAD LANDFILL,METHANE,161.45,
1003571,2013,PREBLE COUNTY SANITARY LANDFILL *,METHANE,1340.5,
1002705,2013,CITY OF PAMPA LANDFILL,METHANE,1321.56,
1003339,2013,IESI BUFFALO CREEK LANDFILL,METHANE,4324.3,
1007729,2013,NORTHERN OAKS RECYCLING AND DISPOSAL,METHANE,1904.11,
1006153,2013,GREAT RIVER REGIONAL WASTE AUTHORITY SANITARY LANDFILL,METHANE,1658.81,
1002716,2013,WESTERN BERKS COMM LDFL & RECYCLING CTR/ BIRDSBORO,METHANE,3235.56,
1006737,2013,GRANGER WOOD STREET LANDFILL,METHANE,5180.63,
1002720,2013,GRANGER GRAND RIVER AVENUE LANDFILL,METHANE,4048.24,
1007799,2013,WILLIAMSON COUNTY LANDFILL HUTTO,METHANE,3089.58,
1007580,2013,MCGILL ROAD C & D LANDFILL,METHANE,476.82,
1007646,2013,CROSSROADS LANDFILL,METHANE,1692.76,
1003605,2013,CITY OF MUSCATINE LANDFILL,METHANE,1634.38,
1002813,2013,ANDERSON REGIONAL LANDFILL,METHANE,4980.99,
1007814,2013,LACY LAKEVIEW RDF,METHANE,2296.09,
1007893,2013,MESQUITE CREEK LANDFILL,METHANE,2378.74,
1007894,2013,WASTE MANAGEMENT OF TEXAS AUSTIN COMMUNITY RECYCLING & DISPOSAL FACILITY,METHANE,2671.9,
1006557,2013,CLOVER FLAT LANDFILL,METHANE,763.64,
1007743,2013,BURNSVILLE SANITARY LANDFILL,METHANE,2045.79,
1002746,2013,ROCK PRAIRIE ROAD LANDFILL,METHANE,6823.67,
1007992,2013,COUNTRYSIDE LANDFILL,METHANE,4777.83,
1003478,2013,BERKELEY COUNTY LANDFILL,METHANE,1606.0,
1007800,2013,ATASCOCITA RECYCLING AND DISPOSAL FACILITY,METHANE,7261.31,
1003481,2013,ROBESON COUNTY LANDFILL,METHANE,1787.3,
1003646,2013,COASTAL PLAINS RECYCLING AND DISPOSAL FACILITY,METHANE,4412.5,
1003374,2013,CITY OF THOMASVILLE MUNICIPAL SOLID WASTE LANDFILL,METHANE,1189.11,
1007895,2013,SECURITY RECYCLING AND DISPOSAL FACILITY,METHANE,5443.24,
1002890,2013,FORT HOOD,METHANE,985.86,
1000372,2013,CITY OF DENTON LANDFILL,METHANE,1340.08,
1002757,2013,CITY OF BATON ROUGE/EBRP RENEWABLE ENERGY CENTER,METHANE,3073.47,
1008012,2013,CID RECYCLING & DISPOSAL FACILITY,METHANE,687.18,
1003133,2013,"PEOPLES LANDFILL, INC.",METHANE,1749.94,
1007589,2013,ENVIROFIL OF ILLNOIS INC,METHANE,402.99,
1007693,2013,EL SOBRANTE LANDFILL,METHANE,6166.95,
1007592,2013,MONTROSE COUNTY LANDFILL,METHANE,2254.72,
1007276,2013,CITY OF EDINBURG LANDFILL,METHANE,5137.68,
1006251,2013,FIVE OAKS RECYCLING & DISPOSAL FACILITY,METHANE,1166.14,
1003243,2013,PCSW RESOURCE RECOVERY FACILITY,METHANE,528.12,
1007704,2013,VALLEY TRAIL RECYCLING & DISPOSAL FACILITY,METHANE,3144.16,
1007279,2013,CITY OF CHANDLER LANDFILL,METHANE,53.3,
1007841,2013,LANCASTER LANDFILL,METHANE,1331.65,
1003378,2013,GARRETT COUNTY SOLID WASTE DISPOSAL & RECYCLING FACILITY,METHANE,1726.44,
1007575,2013,CONROE 6 LANDFILL,METHANE,288.05,
1007816,2013,SIMI VALLEY LANDFILL & RECYCLING CENTER,METHANE,6131.98,
1003611,2013,PAINTED DESERT LANDFILL,METHANE,62.18,
1005718,2013,MIDSHORE I REGIONAL SOLID WASTE FACILITY,METHANE,2474.53,
1002786,2013,GREATER LEBANON REFUSE LDFL,METHANE,1039.57,
1007878,2013,DEER TRACK PARK LANDFILL,METHANE,1751.0,
1007705,2013,W M W I - TIMBERLINE TRAIL RDF,METHANE,1357.85,
1006178,2013,ANN ARBOR SLF PHASE I & II,METHANE,1906.06,
1002788,2013,ENID CITY LNDFLL,METHANE,2987.99,
1003406,2013,TONTITOWN LANDFILL,METHANE,3800.03,
1007699,2013,ALTAMONT LANDFILL & RESOURCE RECOVERY FACILITY,METHANE,7961.33,
1007896,2013,TWO PINE LANDFILL,METHANE,2248.57,
1007836,2013,TRI-CITIES RECYCLING,METHANE,462.75,
1007851,2013,WASTE MGMT OF OK,METHANE,4266.42,
1007670,2013,NEW BOSTON LANDFILL,METHANE,2523.79,
1005834,2013,DFW RECYCLING AND DISPOSAL FACILITY,METHANE,4899.77,
1007852,2013,WASTE MANAGEMENT SKYLINE LANDFILL,METHANE,7870.28,
1003216,2013,COTTONWOOD HILLS LANDFILL,METHANE,2290.67,
1007672,2013,"ELK RIVER SANITARY LANDFILL, INC.",METHANE,3667.02,
1007815,2013,BUTTERFIELD STATION LANDFILL,METHANE,612.76,
1003614,2013,HILLSIDE LANDFILL,METHANE,511.53,
1007853,2013,PARIS LANDFILL,METHANE,2751.98,
1003615,2013,JEFFERSON COUNTY LANDFILL,METHANE,2450.4,
1003616,2013,MUSKOGEE COMMUNITY LNDFLL,METHANE,3611.6,
1007681,2013,OZARK RIDGE LANDFILL,METHANE,4476.35,
1005878,2013,LAKE COUNTY SOLID WASTE FACILITY *,METHANE,3005.63,
1003198,2013,SCHOLL CANYON LANDFILL,METHANE,6291.55,
1003199,2013,PUENTE HILLS LANDFILL AND ENERGY RECOVERY,METHANE,10905.29,
1003137,2013,HANES MILL ROAD LANDFILL,METHANE,1951.1,
1007727,2013,METRO METHANE RECOVERY FACILITY,METHANE,1477.95,
1007723,2013,EVERGREEN RECYCLING & DISPOSAL,METHANE,2432.88,
1006876,2013,ORCHARD RIDGE LANDFILL & MRF,METHANE,3777.62,
1003257,2013,GLEN\S SANITARY LANDFILL,METHANE,2784.14,
1007720,2013,WATERS LANDFILL,METHANE,876.09,
1007745,2013,PINE TREE ACRES INC,METHANE,16015.05,
1007897,2013,TRAIL RIDGE LANDFILL INC,METHANE,2447.05,
1007898,2013,SPRINGHILL REGIONAL LANDFILL,METHANE,2191.25,
1007665,2013,GALLIA COUNTY LANDFILL *,METHANE,1598.24,
1007578,2013,MAYAGUEZ LANDFILL,METHANE,4109.72,
1007630,2013,EL COQUI LANDFILL,METHANE,3307.03,
1007671,2013,JAY COUNTY LANDFILL,METHANE,1544.99,
1007855,2013,NAPLES LANDFILL,METHANE,868.16,
1007991,2013,GULF COAST RDF,METHANE,453.95,
1007856,2013,MONARCH HILL,METHANE,6702.28,
1007857,2013,MEDLEY LANDFILL,METHANE,3194.15,
1007880,2013,NORTH WELD SANITARY LANDFILL,METHANE,4739.19,
1002843,2013,FRESH KILLS LANDFILL,METHANE,3217.73,
1007984,2013,UPPER PIEDMONT REGIONAL LANDFILL,METHANE,2082.8,
1003103,2013,IMPERIAL LANDFILL,METHANE,1594.7,
1003099,2013,CHARLOTTE MOTOR SPEEDWAY LANDFILL V,METHANE,9084.0,
1003100,2013,MODERN LANDFILL,METHANE,3086.7,
1007680,2013,BRUNSWICK WASTE MANAGEMENT FACILITY,METHANE,2948.7,
1006252,2013,OLD DOMINION LANDFILL,METHANE,4161.2,
1003102,2013,CARBON LIMESTONE LANDFILL,METHANE,2707.7,
1003281,2013,SEABREEZE ENVIRONMENTAL LANDFILL,METHANE,25756.3,
1003284,2013,WHITE OAKS LANDFILL,METHANE,3466.8,
1007591,2013,NEWTON COUNTY LANDFILL,METHANE,4389.44,
1007817,2013,KIRBY CANYON RECYCLING & DISPOSAL FACILITY,METHANE,3302.38,
1007901,2013,OUTER LOOP RECYCLING & DISPOSA,METHANE,2797.23,
1007683,2013,WASTE MANAGEMENT OF TUNICA LANDFILL INC,METHANE,2733.12,
1007839,2013,ANDERSON LANDFILL,METHANE,1580.19,
1007889,2013,WEST CAMDEN SANITARY LANDFILL,METHANE,3333.46,
1007687,2013,RIVERBEND LANDFILL CO.,METHANE,2720.51,
1003265,2013,SALEM LANDFILL,METHANE,3187.67,
1003046,2013,NORTH CENTER STREET LANDFILL,METHANE,369.09,
1003229,2013,TRI CITIES LANDFILL,METHANE,145.82,
1003299,2013,WASTE MANAGEMENT OF LA LLC/RELIABLE LANDFILL,METHANE,1415.86,
1007925,2013,GREENRIDGE RECLAMATION LANDFILL,METHANE,2337.9,
1003104,2013,SHORT CREEK LANDFILL,METHANE,1027.4,
1003105,2013,PINE GROVE LANDFILL,METHANE,4655.5,
1006260,2013,CEDAR RIDGE LANDFILL,METHANE,396.15,
1007666,2013,SOUTHERN SANITATION LANDFILL,METHANE,2099.52,
1000217,2013,"CHAMBERS OF MISSISSIPPI INC, CLEARVIEW ENVIRONMENTAL CONTROL FACILITY LANDFILL",METHANE,1023.73,
1006406,2013,BUNCOMBE COUNTY OLDLANDFILL,METHANE,210.8,
1002990,2013,LEE/HENDRY COUNTY REGIONAL SOLID WASTE DISPOSAL FACILITY,METHANE,3180.84,
1002699,2013,FORT HALL MINE LANDFILL,METHANE,1416.8,
1003232,2013,KNOTT PIT LANDFILL,METHANE,2576.94,
1003231,2013,SULLIVAN COUNTY LANDFILL,METHANE,867.47,
1007684,2013,BAYTOWN LANDFILL,METHANE,2407.54,
1007947,2013,RANDOLPH LANDFILL,METHANE,746.4,
1005893,2013,C & T REGIONAL LANDFILL,METHANE,1571.9,
1004561,2013,FORT WORTH REGIONAL LANDFILL,METHANE,110.5,
1004562,2013,NORRIS FARMS LANDFILL,METHANE,183.7,
1006881,2013,MARION COUNTY BASELINE LANDFILL SOLID WASTE TRANSFER STATION,METHANE,2627.39,
1004117,2013,"WASTE SERVICE OF DECATUR, LLC-DECATUR COUNTY LANDFILL",METHANE,4024.93,
1004119,2013,HAROLD J LANDRY LANDFILL,METHANE,4027.64,
1007600,2013,"BURBANK CITY OF, PUBLIC WORKS DEPT",METHANE,499.47,
1005825,2013,CLEVELAND COUNTY LANDFILL,METHANE,5220.04,
1004563,2013,SOLLEY ROAD LANDFILL,METHANE,176.2,
1006746,2013,SINTON LANDFILL,METHANE,855.4,
1004646,2013,TRINITY OAKS LANDFILL,METHANE,141.0,
1004565,2013,MARTINSVILLE SANITARY LANDFILL,METHANE,1105.06,
1005026,2013,LENOIR COUNTY LANDFILL,METHANE,1513.87,
1004823,2013,AL TURI LANDFILL & LFGTE FACILITY,METHANE,1180.18,
1006280,2013,CITY OF PHOENIX 27TH AVE LANDFILL,METHANE,1877.0,
1004121,2013,SR 85 LANDFILL,METHANE,2710.0,
1004123,2013,SONOMA COUNTY CENTRAL DISPOSAL SITE,METHANE,6213.18,
1004073,2013,MARQUETTE CO-SOLID WASTE LF,METHANE,0.0,
1004335,2013,ALL PURPOSE LANDFILL,METHANE,2400.51,
1004184,2013,MANCHESTER LANDFILL,METHANE,1635.65,
1004696,2013,DELTA SOLID WASTE MANAGEMENT AUTHORITY,METHANE,943.97,
1004828,2013,CITY OF UKIAH SOLID WASTE DISPOSAL SITE,METHANE,935.6,
1006219,2013,OKLAHOMA ENVIRONMENTAL MANAGEMENT AUTHORITY LANDFILL,METHANE,2133.53,
1004059,2013,QUAD CITIES LANDFILL PHASE IV,METHANE,5985.8,
1004082,2013,BLUE RIDGE RECYCLING & DISPOSAL FACILITY,METHANE,2860.16,
1006276,2013,ALBANY LANDFILL,METHANE,4316.7,
1004084,2013,MOUNT CARBERRY LANDFILL,METHANE,598.9,
1004413,2013,COMM ENV SYS LDFL,METHANE,20.19,
1004587,2013,FORMER TOWN OF BABYLON LANDFILL,METHANE,1424.14,
1006294,2013,CENTRAL WASTE INC,METHANE,5993.95,
1004947,2013,BROWN COUNTY EAST LANDFILL,METHANE,166.57,
1004741,2013,KINSLEY\S LANDFILL,METHANE,395.93,
1004742,2013,WEST BROWN COUNTY LANDFILL,METHANE,302.63,
1004743,2013,TOLAND ROAD LANDFILL,METHANE,1571.05,
1005652,2013,DRY CREEK LANDFILL,METHANE,3760.15,
1004060,2013,MORRISON COUNTY LANDFILL,METHANE,1317.98,
1004218,2013,LYCOMING COUNTY RESOURCE MANAGEMENT SERVICES,METHANE,8856.91,
1004021,2013,MUNSTER LDFL,METHANE,352.16,
1004128,2013,CEDAR GROVE LANDFILL,METHANE,1649.54,
1004223,2013,CLOVIS REGIONAL SOLID WASTE FACILITY,METHANE,1510.89,
1005715,2013,CARVER-MARION-WAREHAM LANDFILL,METHANE,1929.87,
1004831,2013,UWHARRIE ENVIRONMENTAL,METHANE,5885.2,
1004751,2013,FOUR HILLS LANDFILL,METHANE,3082.91,
1005039,2013,CRAPO HILL LANDFILL,METHANE,185.0,
1005041,2013,RECOLOGY PACHECO PASS,METHANE,175.72,
1004750,2013,CEDAR TRAILS CLASS III,METHANE,7463.4,
1004752,2013,J.E.D. SOLID WASTE MANAGEMENT FACILITY,METHANE,19572.4,
1004958,2013,BOURNE LANDFILL,METHANE,564.57,
1006806,2013,SOUTH CUSHMAN LANDFILL,METHANE,2301.75,
1004341,2013,CERRO COLORADO LANDFILL,METHANE,7745.71,
1004056,2013,LA PAZ COUNTY LANDFILL,METHANE,1651.7,
1004240,2013,SOUTHWEST REGIONAL LANDFILL,METHANE,2758.2,
1006277,2013,SUNRISE LANDFILL,METHANE,771.3,
1004245,2013,BLACK WARRIOR SOLID WASTE DISPOSAL AUHORITY,METHANE,15886.86,
1004095,2013,WARREN COUNTY DISTRICT LANDFILL,METHANE,723.9,
1004707,2013,PRINCE WILLIAM COUNTY SANITARY LANDFILL,METHANE,2422.46,
1007460,2013,FLATHEAD COUNTY LANDFILL,METHANE,480.3,
1004710,2013,OSAGE LANDFILL,METHANE,1788.17,
1005865,2013,PALO ALTO LANDFILL AND RECYCLING CENTER,METHANE,351.24,
1004027,2013,SOUTHERN ILLINOIS REGIONAL LANDFILL,METHANE,3850.2,
1008030,2013,OTAY LANDFILL,METHANE,5727.2,
1004028,2013,NEWCASTLE LANDFILL,METHANE,1270.6,
1004149,2013,PORTER LANDFILL,METHANE,1872.4,
1007088,2013,SHOOSMITH SANITARY LANDFILL,METHANE,1539.5,
1004491,2013,CHARLES M HINTON JR REGIONAL LANDFILL,METHANE,4546.9,
1004423,2013,CITY OF GREENVILLE CLOSED LANDFILL,METHANE,1924.0,
1004716,2013,J BAR J LANDFILL,METHANE,2154.26,
1007128,2013,JOHNSON CANYON SANITARY LANDFILL,METHANE,1510.4,
1003957,2013,CITRUS CO CENTRAL LANDFILL,METHANE,4419.98,
1003959,2013,COLUMBUS SCHATULGA ROAD SANITARY LF,METHANE,1484.64,
1005839,2013,SOLID WASTE DISPOSAL AUTHORITY,METHANE,9402.41,
1003864,2013,TRANS-JORDAN LANDFILL,METHANE,1216.07,
1004350,2013,WHEATLAND LANDFILL,METHANE,289.6,
1007808,2013,RESOURCE RECOVERY LF,METHANE,1076.7,
1004352,2013,APEX REGIONAL LANDFILL,METHANE,7373.4,
1004353,2013,BELLEVILLE LANDFILL,METHANE,57.7,
1007026,2013,BRIDGETON LANDFILL,METHANE,393.7,
1006289,2013,CONGRESS DEVELOPMENT CO LANDFILL,METHANE,353.2,
1000370,2013,CITY OF GARLAND CASTLE DRIVE LANDFILL,METHANE,2581.66,
1006550,2013,CATHCART LANDFILL,METHANE,945.47,
1007341,2013,ANCHORAGE REGIONAL LANDFILL,METHANE,17593.3,
1004380,2013,MERRILL FIELD LANDFILL,METHANE,9797.9,
1006816,2013,LEON COUNTY LANDFILL,METHANE,3207.15,
1003969,2013,COLUMBIA SANITARY LANDFILL,METHANE,2168.73,
1003972,2013,HALL COUNTY CANDLER ROAD MSWLF,METHANE,2121.31,
1005638,2013,SEMINOLE ROAD MSW LANDFILL,METHANE,8730.52,
1004308,2013,FLYING CLOUD SANITARY LANDFILL,METHANE,1849.17,
1004309,2013,FOREST VIEW LANDFILL,METHANE,225.0,
1004311,2013,MODERN LANDFILL,METHANE,133.7,
1006285,2013,QUAD CITIES LANDFILL PHASE 1&2/3,METHANE,54.5,
1007905,2013,SALINE COUNTY LANDFILL,METHANE,73.0,
1006339,2013,PISGAH LANDFILL,METHANE,363.88,
1004501,2013,ROCKINGHAM COUNTY LANDFILL,METHANE,2390.76,
1007224,2013,WINNEBAGO COUNTY SUNNYVIEW LANDFILL,METHANE,2450.03,
1005054,2013,MONMOUTH COUNTY RECLAMATION CENTER,METHANE,9230.31,
1004812,2013,CECIL COUNTY CENTRAL LANDFILL,METHANE,1801.56,
1004847,2013,SHENANDOAH COUNTY LANDFILL,METHANE,1188.47,
1005252,2013,PINE TREE LANDFILL,METHANE,144.32,
1005253,2013,JUNIPER RIDGE LANDFILL,METHANE,1040.44,
1005255,2013,NORTH COUNTRY ENVIRONMENTAL SERVICES INC,METHANE,1733.15,
1006021,2013,CHEMUNG COUNTY LANDFILL,METHANE,231.79,
1004882,2013,SANTA MARIA REGIONAL LANDFILL,METHANE,1033.9,
1007682,2013,AZUSA LAND RECLAMATION CO INC INERT LF,METHANE,4040.18,
1004840,2013,MILNER BUTTE LANDFILL,METHANE,1377.5,
1006462,2013,MUNDY LANDFILL,METHANE,1776.26,
1005266,2013,WM - TEKOI LANDFILL,METHANE,1540.75,
1005269,2013,WAYNE DISPOSAL,METHANE,295.53,
1005270,2013,RUMPKE OF KENTUCKY INC,METHANE,6582.07,
1004559,2013,HICKORY RIDGE LANDFILL,METHANE,426.3,
1000473,2013,DUBUQUE METROPOLITAN SANITARY LANDFILL,METHANE,2031.93,
1005165,2013,PINE RIDGE SANITARY LANDFILL,METHANE,1944.01,
1007332,2013,ELKHART COUNTY LANDFILL,METHANE,451.45,
1003516,2013,KNOX COUNTY LANDFILL,METHANE,2827.18,
1008253,2013,SIMCO ROAD REGIONAL LANDFILL,METHANE,1629.89,
1006176,2013,PRAIRIE VIEW RECYCLING & DISPOSAL FAC,METHANE,7829.55,
1003880,2013,CEREAL CITY LANDFILL,METHANE,780.24,
1003583,2013,DAKOTA MUNICIPAL SOLID WASTE LANDFILL,METHANE,2303.33,
1003666,2013,SMITH GAP REGIONAL LANDFILL,METHANE,2378.44,
1000287,2013,BLACK HAWK COUNTY SANITARY LANDFILL,METHANE,5407.32,
1006358,2013,WINNEBAGO LANDFILL,METHANE,9305.17,
1002831,2013,SALT RIVER LANDFILL,METHANE,2379.6,
1007863,2013,MIDWAY LANDFILL,METHANE,4348.2,
1005767,2013,RANDOLPH COUNTY SOLID WASTE FACILITY,METHANE,896.77,
1008252,2013,IESI MO CHAMP LANDFILL,METHANE,6452.15,
1000429,2013,PENNSAUKEN SANITARY LANDFILL,METHANE,2724.8,
1000349,2013,OSCEOLA LANDFILL,METHANE,6172.93,
1005730,2013,STILLWATER SANITARY LANDFILL,METHANE,1780.5,
1007573,2013,SANDY HILL CREATIVE DISPOSAL PROJECT,METHANE,420.0,
1007712,2013,BROKEN ARROW LANDFLL,METHANE,97.9,
1007862,2013,GRAY WOLF REGIONAL LANDFILL,METHANE,2905.24,
1007948,2013,BONDI ISLAND LANDFILL,METHANE,782.0,
1008024,2013,U.S. ARMY TRAINING CENTER (ATC) & FORT JACKSON RANGES,METHANE,954.77,
1007710,2013,ANTELOPE VALLEY RECYCLING AND DISPOSAL FACILITY,METHANE,1316.16,
1007708,2013,CITY & COUNTY OF HONOLULU - WAIMANALO GULCH MSWLF,METHANE,2270.49,
1007668,2013,REDWOOD LANDFILL,METHANE,4666.76,
1004745,2013,RECOLOGY OSTROM ROAD,METHANE,6949.36,
1007040,2013,VASCO ROAD LANDFILL,METHANE,1515.6,
1007090,2013,HORN RAPIDS LANDFILL,METHANE,1135.48,
1007084,2013,FAJARDO MUNICIPAL LANDFILL,METHANE,2872.59,
1007044,2013,FOOTHILLS ENVIRONMENTAL,METHANE,3322.2,
1001943,2013,BLACKBURN SANITARY LANDFILL,METHANE,1078.28,
1002059,2013,PINE BEND LANDFILL,METHANE,3828.8,
1002341,2013,LAUREL RIDGE LANDFILL,METHANE,5594.6,
1007198,2013,FOOTHILL SANITARY LANDFILL,METHANE,4594.2,
1006389,2013,DYER BOULEVARD LANDFILL (DYER PARK),METHANE,1887.67,
1006303,2013,NORTH SHELBY LANDFILL,METHANE,1733.7,
1006257,2013,OKLAHOMA LNDFLL HOL/SOUTHERN PLAINS LNDF,METHANE,4711.83,
1005964,2013,GOLDEN TRIANGLE REGIONAL SOLID WASTE MANAGEMENT AUTHORITY,METHANE,7019.85,
1005955,2013,CONTRA COSTA SANITARY LANDFILL,METHANE,984.7,
1005810,2013,AUCILLA AREA SOLID WASTE FACILITY,METHANE,1682.78,
1005488,2013,CHAUTAUQUA COUNTY LANDFILL,METHANE,2089.3,
1005392,2013,ANGELINA COUNTY WASTE MANAGEMENT CENTER,METHANE,3053.06,
1004856,2013,RUMPKE SANITARY LANDFILL,METHANE,43558.21,
1004467,2013,OHIO COUNTY BALEFILL LANDFILL,METHANE,1616.9,
1004419,2013,CRAZY HORSE SANITARY LANDFILL,METHANE,355.5,
1004406,2013,BARSTOW SANITARY LANDFILL,METHANE,562.3,
1004402,2013,WOODVILLE LANDFILL,METHANE,494.9,
1004065,2013,"DEFFENBAUGH INDUSTRIES, INC.",METHANE,33441.99,
1004052,2013,NEAL ROAD LANDFILL,METHANE,1312.9,
1004025,2013,SOUTHEAST BERRIEN COUNTY LANDFILL,METHANE,3296.0,
1003361,2013,PALOS VERDES LANDFILL,METHANE,2933.39,
1003283,2013,HOPKINS CO REGIONAL LANDFILL - BITUMINOU,METHANE,2065.28,
1006748,2013,WILKES COUNTY LANDFILL,METHANE,2045.79,
1007502,2013,CATOOSA COUNTY MUNICIPAL SOLID WASTE LANDFILL,METHANE,687.85,
1005493,2013,EBR NORTH LANDFILL,METHANE,2547.17,
1007023,2013,LEMONS EAST SANITARY LANDFILL/LEMONS WEST LF,METHANE,1189.4,
1007028,2013,MANISTEE COUNTY LANDFILL,METHANE,409.7,
1002167,2013,BARTHOLOMEW COUNTY LANDFILL II,METHANE,2270.33,
1002094,2013,ADS/MCLEAN COUNTY LANDFILL,METHANE,1308.5,
1007613,2013,SENECA EAST LANDFILL,METHANE,1036.78,
1004235,2013,GLOUCESTER COUNTY SOLID WASTE COMPLEX,METHANE,3165.06,
1004330,2013,EASTERN SANITARY LANDFILL SOLID WASTE MANAGEMENT FACILITY,METHANE,4455.66,
1007585,2013,MONROEVILLE LDFL,METHANE,1051.66,
1007072,2013,"ALTAIR DISPOSAL SERVICES, LLC",METHANE,1259.16,
1007160,2013,GRANT CNTY EPHRATA LANDFILL 1,METHANE,1555.33,
1007258,2013,NORTHSIDE LANDFILL,METHANE,395.3,
1000291,2013,WESTMORELAND SANITARY LDFL,METHANE,2746.5,
1008780,2013,LIVINGSTON COUNTY LANDFILL,METHANE,652.56,
1005462,2013,CLOSED CITY OF GLOVERSVILLE LANDFILL,METHANE,1530.13,
1001595,2013,KAPAA AND KALAHEO SANITARY LANDFILLS,METHANE,2240.18,
1005440,2013,UPPER SOUTHWEST REGIONAL SOILD WASTE MANAGEMENT DISTRICT,METHANE,2461.99,
1006036,2013,CARROLL COUNTY SOLID WASTE MANAGEMENT COMMISSION,METHANE,1018.55,
1006218,2013,BILLY WRIGHT LANDFILL,METHANE,904.0,
1004627,2013,WEST END DISPOSAL FACILITY,METHANE,1854.7,
1003921,2013,MAXWELL CREEK LANDFILL,METHANE,4775.96,
1006790,2013,ADS-STAR RIDGE LANDFILL,METHANE,3029.99,
1001636,2013,ADS-PECAN ROW-EVERGREEN LANDFILLS,METHANE,12478.01,
1006963,2013,ADVANCED DISPOSAL VALLEY VIEW LANDFILL INC,METHANE,1847.08,
1008034,2013,VEOLIA ES ARBOR HILLS LANDFILL,METHANE,10498.12,
1002223,2013,SABINE PARISH LANDFILL,METHANE,4069.0,
1002141,2013,IESI TIMBER RIDGE LANDFILL,METHANE,3882.51,
1001844,2013,VEOLIA ES CHESTNUT VALLEY LDFL,METHANE,2600.29,
1000522,2013,DOUGLAS COUNTY LANDFILL,METHANE,314.35,
1007212,2013,ADVANCED DISPOSAL EMERALD PARK LANDFILL LLC,METHANE,2234.81,
1002208,2013,LAKE AREA DISPOSAL LF,METHANE,1650.3,
1002107,2013,FRANK R. BOWERMAN LANDFILL,METHANE,10025.93,
1002320,2013,OLINDA ALPHA LANDFILL,METHANE,14264.12,
1002002,2013,MILLERSVILLE LANDFILL,METHANE,1481.64,
1002110,2013,I-95 LANDFILL,METHANE,1215.07,
1001627,2013,CUMBERLAND COUNTY ANN STREET LANDFILL,METHANE,1448.29,
1002236,2013,ANSON COUNTY WASTE MANAGEMENT FACILITY,METHANE,5386.77,
1002035,2013,"SENECA LANDFILL, INCORPORATED",METHANE,2624.81,
1004682,2013,SOUTH DADE SOLID WASTE DISPOSAL FACILITY,METHANE,2327.36,
1004993,2013,LAWTON LANDFILL,METHANE,5663.57,
1005032,2013,PONDEROSA LANDFILL/BLUE EARTH COUNTY,METHANE,812.02,
1005042,2013,RECOLOGY HAY ROAD,METHANE,2905.86,
1006796,2013,PLUMB THICKET LANDFILL,METHANE,3921.62,
1006977,2013,MESA COUNTY LANDFILL,METHANE,2969.19,
1006978,2013,CITY OF GREENSBORO WHITE STREET LANDFILL,METHANE,11103.3,
1005158,2013,ARECIBO LANDFILL,METHANE,2662.82,
1005729,2013,SOUTHEAST LANDFILL OKC,METHANE,3900.6,
1004894,2013,FULTON COUNTY DEPT OF SOLID WASTE,METHANE,669.61,
1007018,2013,"EASTERN AREA LANDFILL, BIRMINGHAM",METHANE,4651.1,
1005384,2013,ROSEBURG LANDFILL,METHANE,1759.86,
1004808,2013,BORDEAUX LANDFILL,METHANE,3646.78,
1005313,2013,CENTRAL MAUI LANDFILL REFUSE & RECYCLING CENTER,METHANE,819.0,
1005314,2013,SAVANNAH-DEAN FOREST ROAD LANDFILL,METHANE,5943.37,
1005316,2013,CLINT LANDFILL,METHANE,10337.25,
1006025,2013,WALKER MOUNTAIN LANDFILL-ROME-FLOYD SW COMMISSION,METHANE,2960.88,
1007154,2013,MCCOMBS LANDFILL,METHANE,6286.86,
1005107,2013,CHARLES COUNTY LANDFILL,METHANE,2306.16,
1004815,2013,BEECH HOLLOW SANITARY LANDFILL *,METHANE,10767.7,
1004848,2013,BRISTOL VIRGINIA INTEGRATED SOLID WASTE FACILITY,METHANE,2539.29,
1004850,2013,NOBLE ROAD LANDFILL (0370000134),METHANE,8177.63,
1005271,2013,RUMPKE OF KENTUCKY INC,METHANE,3569.23,
1007725,2013,METRO RECYCLING AND DISPOSAL FACILITY,METHANE,2581.36,
1007546,2013,NNSWC LANDFILL,METHANE,2238.38,
1005155,2013,COLONIE - TOWN LANDFILL,METHANE,1143.5,
1008019,2013,COLORADO SPRINGS LANDFILL,METHANE,5524.56,
1005103,2013,SOUTH STAGE LANDFILL,METHANE,96.8,
1004762,2013,NORTHERN AREA LANDFILL,METHANE,759.18,
1007875,2013,BALDWIN COUNTY SOLID WASTE,METHANE,6761.84,
1004863,2013,CROW WING COUNTY MMSW LANDFILL,METHANE,681.05,
1007121,2013,CAROLINA LANDFILL,METHANE,2637.58,
1007139,2013,SAN JUAN LANDFILL,METHANE,4293.06,
1007194,2013,TOA ALTA LANDFILL,METHANE,3525.47,
1005166,2013,TOA BAJA LANDFILL,METHANE,7610.78,
1005295,2013,CENTRAL SANITARY LANDFILL,METHANE,5711.36,
1007192,2013,ALLEN COUNTY PUBLIC WORKS,METHANE,2064.13,
1005300,2013,LIVINGSTON LANDFILL,METHANE,2374.06,
1004868,2013,CITY OF LOMPOC SANITARY LANDFILL,METHANE,1426.83,
1005280,2013,LYON COUNTY,METHANE,795.18,
1005196,2013,CRESCENT ACRES LANDFILL,METHANE,1119.3,
1005950,2013,"BAVARIAN TRUCKING CO., INC.",METHANE,2157.25,
1005347,2013,TEXAS DISPOSAL SYSTEMS LANDFILL,METHANE,15600.17,
1005282,2013,"NE MS SW MGT AUTHORITY, NE MS REG LF",METHANE,6049.49,
1005356,2013,CROOK COUNTY LANDFILL,METHANE,1308.29,
1002359,2013,CHARLESTON LANDFILL,METHANE,1816.96,
1008269,2013,MILAM RECYCLING AND DISPOSAL FACILITY,METHANE,3961.78,
1005195,2013,WEST CONTRA COSTA SANITARY LANDFILL,METHANE,324.5,
1005281,2013,BI-COUNTY SOLID WASTE MANAGEMENT SYSTEMS,METHANE,9201.43,
1007038,2013,MECKLENBURG COUNTY LANDFILL,METHANE,975.14,
1004803,2013,PALAILAI LANDFILL,METHANE,1413.93,
1005213,2013,HAVERHILL LANDFILL,METHANE,1364.95,
1005214,2013,DECATUR HILLS INCORPORATED,METHANE,1901.66,
1007726,2013,PHEASANT RUN RECYCLING AND DISPOSAL FACILITY,METHANE,1598.16,
1007083,2013,CABO ROJO LANDFILL,METHANE,985.0,
1005335,2013,RICE COUNTY LANDFILL,METHANE,1743.38,
1005259,2013,CLINTON COUNTY REGIONAL LANDFILL,METHANE,872.5,
1005254,2013,SOUTHBRIDGE RECYCLING & DISPOSAL PARK,METHANE,888.03,
1004884,2013,BROWNSVILLE MUNICIPAL LANDFILL,METHANE,4512.4,
1005097,2013,L P GILL LANDFILL,METHANE,3650.18,
1005225,2013,CASPER BALEFILL,METHANE,2472.52,
1005695,2013,SUMMIT COUNTY LANDFILL,METHANE,1289.26,
1005261,2013,NEWSVT LANDFILL,METHANE,2845.67,
1007832,2013,ROLLING MEADOWS LANDFILL,METHANE,2547.81,
1007691,2013,SOUTH HILLS (ARMONI) LANDFILL,METHANE,337.7,
1005257,2013,ONTARIO CO LANDFILL,METHANE,3260.68,
1006028,2013,"NEW GEORGIA LANDFILL, BIRMINGHAM",METHANE,4344.75,
1004876,2013,TANGERINE LANDFILL,METHANE,2821.16,
1007029,2013,NEWLAND PARK LANDFILL,METHANE,1104.88,
1004976,2013,CITIZENS DISPOSAL LANDFILL,METHANE,2559.2,
1005349,2013,CENTRAL PENINSULA BALING FACILITY-SOLDOTNA LF,METHANE,2111.4,
1004897,2013,DE SOLID WASTE AUTHORITY PIGEON POINT,METHANE,1304.34,
1005161,2013,GUAYNABO LANDFILL,METHANE,2410.25,
1005318,2013,CITY OF CONWAY LANDFILL & MRF,METHANE,4188.19,
1005397,2013,CRAIGHEAD COUNTY SOLID WASTE DISPOSAL,METHANE,3430.65,
1005319,2013,NORTHEAST ARKANSAS REGIONAL SOLID WASTE DISTRICT,METHANE,3235.9,
1006026,2013,FORT SMITH SANITARY LANDFILL,METHANE,2816.81,
1006834,2013,TWIN LANDFILL CORPORATION,METHANE,1796.81,
1005365,2013,LEXINGTON / FAYETTE LANDFILL,METHANE,3457.62,
1005412,2013,COWLITZ COUNTY LANDFILL,METHANE,788.36,
1007960,2013,CLINTON CNTY SOLID W/WAYNE TWP LDFL,METHANE,1381.41,
1005368,2013,TEHAMA COUNTY/RED BLUFF LANDFILL,METHANE,1032.59,
1005371,2013,TAZEWELL COUNTY LANDFILL,METHANE,1994.86,
1005137,2013,GASTON COUNTY LANDFILL,METHANE,2424.51,
1005138,2013,ALAMANCE COUNTY LANDFILL,METHANE,4505.37,
1005993,2013,HENDERSON COUNTY LANDFILL/TS SINCE 1997,METHANE,586.64,
1006306,2013,PERRY RIDGE LANDFILL INC,METHANE,1336.86,
1005117,2013,HAMM SANITARY LANDFILL,METHANE,11755.1,
1005535,2013,SURRY COUNTY LANDFILL,METHANE,2493.48,
1005466,2013,GARDNER STREET LANDFILL,METHANE,143.76,
1003514,2013,CENTRAL MISSOURI LANDFILL,METHANE,3227.71,
1005827,2013,MENCHVILLE RD LANDFILL / NEWPORT NEWS,METHANE,447.22,
1005666,2013,WLSSD LANDFILL,METHANE,800.09,
1006033,2013,OLMSTED COUNTY - KALMAR LANDFILL,METHANE,817.82,
1005530,2013,MCKEAN CNTY LDFL,METHANE,325.91,
1005480,2013,WEST TEXAS REGION DISPOSAL FACILITY,METHANE,3108.38,
1005482,2013,CALICHE CANYON LANDFILL,METHANE,2527.86,
1001819,2013,WEST CENTRAL LANDFILL,METHANE,2088.18,
1006996,2013,ROWAN COUNTY LANDFILL,METHANE,3588.8,
1005518,2013,BLACK OAK LANDFILL,METHANE,5250.25,
1005783,2013,NEWPORT NEWS CITY - LANDFILL NO 2,METHANE,173.9,
1000010,2013,SANTA ROSA CENTRAL LANDFILL,METHANE,4368.24,
1007990,2013,OAK GROVE LANDFILL,METHANE,1164.7,
1005524,2013,ORANGE COUNTY REGIONAL LANDFILL,METHANE,954.87,
1006103,2013,ERIE COUNTY SANITARY LANDFILL,METHANE,1503.48,
1005328,2013,VOLUSIA SOLID WASTE MANAGEMENT DIVISION,METHANE,11746.45,
1001935,2013,SARPY COUNTY SANITARY LANDFILL,METHANE,2367.63,
1006291,2013,MCKINNEY LANDFILL,METHANE,2691.83,
1004377,2013,121 REGIONAL DISPOSAL FACILITY,METHANE,11598.13,
1007240,2013,HARDIN COUNTY LANDFILL,METHANE,3754.65,
1007607,2013,VICTORVILLE SANITARY LANDFILL,METHANE,1135.5,
1000046,2013,BADLANDS SANITARY LANDFILL,METHANE,2250.68,
1003918,2013,MID-VALLEY SANITARY LANDFILL,METHANE,3141.7,
1007424,2013,LANDERS SANITARY LANDFILL,METHANE,1577.7,
1003963,2013,CITY OF SALLISAW SOLID WASTE DISPOSAL FACILITY,METHANE,4195.2,
1007674,2013,KING GEORGE LANDFILL INC - WM,METHANE,8778.16,
1006763,2013,FIGHTING CREEK FARM LANDFILL,METHANE,1074.31,
1004887,2013,LANDFILL 33 LTD,METHANE,3001.08,
1008115,2013,LAND AND LAKES CO,METHANE,6125.36,
1007047,2013,LAND AND LAKES CO,METHANE,1006.53,
1004653,2013,FOUNTAIN AVENUE LANDFILL,METHANE,793.98,
1006957,2013,MONTGOMERY CITY OF,METHANE,5172.73,
1007654,2013,BAKERSFIELD CITY LANDFILL,METHANE,319.44,
1006351,2013,THREE RIVERS REGIONAL MSW LANDFILL,METHANE,2427.58,
1005594,2013,CITY OF ALBEMARLE LANDFILL,METHANE,1276.73,
1004667,2013,FORT STEWART HQS 3RD INFANTRY DIVISION (MECHANIZED),METHANE,1242.42,
1005583,2013,CHEYENNE LANDFILL,METHANE,2737.03,
1006350,2013,CITY OF AMARILLO LANDFILL,METHANE,5667.89,
1005478,2013,GARY SANITARY CLOSED LANDFILL,METHANE,1224.35,
1006851,2013,LEFLORE COUNTY LANDFILL,METHANE,2472.38,
1006119,2013,NEW HANOVER COUNTY SECURE LANDFILL,METHANE,5618.35,
1006089,2013,TOYON CANYON PARK RECLAMATION PROJECT,METHANE,2776.61,
1006216,2013,HIGHWAY 59 LANDFILL,METHANE,462.0,
1006221,2013,BUENA VISTA DRIVE SANITARY LANDFILL,METHANE,974.7,
1009136,2013,KINGSLAND LANDFILL,METHANE,600.4,
1007590,2013,MONTMORENCY-OSCODA-ALPENA WASTE MANAGEME,METHANE,2389.49,
1008022,2013,CENTRAL KENTUCKY LANDFILL,METHANE,2977.41,
1007988,2013,MCMINN COUNTY LANDFILL,METHANE,1306.63,
1006960,2013,CITY OF SACRAMENTO LANDFILL,METHANE,781.3,
1007082,2013,SHELBY COUNTY HIGHWAY 70 LANDFILL,METHANE,2583.52,
1000365,2013,KERSEY VALLEY MSW LANDFILL,METHANE,3880.44,
1006485,2013,SOUTH YUMA COUNTY LANDFILL,METHANE,1425.65,
1006749,2013,LANDFILL OF NORTH IOWA,METHANE,3106.04,
1007096,2013,STAFFORD COUNTY LANDFILL,METHANE,2285.12,
1007261,2013,SALEM COUNTY IMPROVEMENT AUTHORITY LANDFILL,METHANE,2929.32,
1007470,2013,ROSSMAN'S LANDFILL,METHANE,1293.11,
1001561,2013,US ARMY JOINT BASE LEWIS-MCCHORD,METHANE,941.14,
1001568,2013,QUARANTINE ROAD LANDFILL,METHANE,1193.1,
1001614,2013,CITY OF FARGO LANDFILL,METHANE,4271.12,
1001581,2013,EDGEMERE LANDFILL,METHANE,35.37,
1006513,2013,SALINE COUNTY REGIONAL WASTE MGMT DISTRICT LANDFILL,METHANE,5161.3,
1000176,2013,LAKE COUNTY CENTRAL PHASE I LANDFILL,METHANE,2203.38,
1000425,2013,MERCER COUNTY LANDFILL,METHANE,2505.02,
1004446,2013,ROCKBRIDGE COUNTY SANITARY LANDFILL,METHANE,1802.01,
1000382,2013,WINNESHIEK COUNTY SANITARY LANDFILL,METHANE,1492.51,
1006684,2013,LINDEN CITY SLF,METHANE,427.97,
1001101,2013,DEFIANCE COUNTY LANDFILL,METHANE,2197.55,
1006079,2013,HIGHGROVE SANITARY LANDFILL,METHANE,113.82,
1000366,2013,MEAD VALLEY DISPOSAL SITE LANDFILL,METHANE,43.1,
1005654,2013,COACHELLA VALLEY DISPOSAL SITE LANDFILL,METHANE,161.93,
1000368,2013,RIV CO WASTE MGMT (EDOM HILL),METHANE,370.62,
1000339,2013,CITY OF SANTA CRUZ SANITARY LANDFILL,METHANE,251.46,
1006805,2013,GALLATIN COUNTY LOGAN LANDFILL,METHANE,1299.51,
1006529,2013,ACADIA PARISH POLICE JURY - ACADIA PARISH SANITARY LANDFILL,METHANE,2012.91,
1000478,2013,SANDOVAL COUNTY LANDFILL,METHANE,2610.49,
1004298,2013,UNION PARISH SANITARY LANDFILL,METHANE,2336.23,
1006766,2013,MONTANA WASTE SYSTEMS - HIGHPLAINS SANITARY LANDFILL,METHANE,3381.28,
1006817,2013,MCCOMMAS BLUFF LANDFILL,METHANE,16809.57,
1006107,2013,LOPEZ CANYON LANDFILL,METHANE,7004.3,
1006544,2013,"CANTON, CITY OF, CANTON SANITARY LANDFILL",METHANE,1546.24,
1006383,2013,PIKE SANITATION INC,METHANE,6005.46,
1006561,2013,VIRGINIA BEACH LANDFILL NO. 2,METHANE,579.7,
1005717,2013,RIVER BIRCH LANDFILL,METHANE,14111.37,
1006459,2013,NELSON COUNTY SOLID WASTE DISPOSAL FACILITY,METHANE,2246.69,
1006634,2013,CITY OF IRVING/ HUNTER FERRELL LANDFILL,METHANE,3863.8,
1006501,2013,WESTERN REGIONAL SANITARY LANDFILL,METHANE,1113.0,
1010524,2013,NORTHWEST IA. AREA SOLID WASTE AGENCY,METHANE,1847.54,
1011215,2013,OTERO/GREENTREE LANDFILL,METHANE,1182.2,
1011217,2013,ATHENS-HOCKING RECLAMATION CENTER LANDFILL,METHANE,2842.58,
1011227,2013,ORANGE COUNTY LANDFILL,METHANE,2547.34,
1010596,2013,TUNNELL HILL RECLAMATION,METHANE,1986.84,
1010561,2013,MARION COUNTY LANDFILL,METHANE,1713.85,
1011229,2013,CAMPBELL COUNTY LANDFILL NO.2,METHANE,973.07,
1011302,2013,TUCKER COUNTY LANDFILL,METHANE,1193.15,
1010601,2013,KEARNEY AREA SOLID WASTE AGENCY,METHANE,750.83,
1011009,2013,WEBER COUNTY LANDFILL,METHANE,1513.89,
1010671,2013,ROYALTON ROAD SANITARY LANDFILL,METHANE,1401.12,
1010661,2013,DECATUR-MORGAN COUNTY REGIONAL MSW LANDFILL,METHANE,5683.8,
1011449,2013,BKK CORPORATION,METHANE,15023.8,
1011466,2013,ANOKA MUNICIPAL REGIONAL LANDFILL,METHANE,1186.83,
1011381,2013,KEARNY MSLA : 1-D LANDFILL,METHANE,8169.72,
1011696,2013,WHITE OAK LANDFILL,METHANE,1633.52,
1009925,2013,SECCRA COMMUNITY LANDFILL,METHANE,1533.27,
1010760,2013,LAKEWAY SANITATION & RECYCLING CLASS I,METHANE,1607.31,
1011916,2013,STEELE COUNTY LANDFILL,METHANE,1569.79,
1010773,2013,PINE BELT REGIONAL SOLID WASTE MANAGEMENT AUTHORITY,METHANE,4103.03,
1011499,2013,SEWARD COUNTY LANDFILL,METHANE,1202.67,
1010693,2013,REGION 2000 REGIONAL LANDFILL - LIVESTOCK ROAD FACILITY,METHANE,1488.6,
1011713,2013,YAUCO LANDFILL,METHANE,2807.44,
1010845,2013,CROTON LANDFILL,METHANE,1636.53,
1010207,2013,CALIFORNIA STREET LANDFILL,METHANE,324.0,
1010987,2013,PITT COUNTY LANDFILL,METHANE,1612.08,
1011233,2013,"COUNTY OF BEDFORD, VIRGINIA",METHANE,1212.8,
1011008,2013,HABERSHAM COUNTY - S.R.-13 MUNICIPAL SOLID WASTE LANDFILL,METHANE,1434.14,
1011037,2013,PIONEER CROSSING LANDFILL,METHANE,1252.58,
1011066,2013,WILDERS GROVE LANDFILL,METHANE,1200.74,
1010378,2013,CHOCTAW ROAD LANDFILL,METHANE,1770.84,
1010379,2013,MACLAND DISPOSAL CENTER COMMERCIAL AND INDUSTRIAL LANDFILL,METHANE,3613.36,
1010391,2013,MIDDLEBOROUGH LANDFILL,METHANE,1079.23,
1008000,2013,YORK COUNTY LANDFILL,METHANE,1634.57,
1010769,2013,LEXINGTON AREA SOLID WASTE AGENCY,METHANE,1183.36,
1004959,2013,RECOLOGY YUBA-SUTTER LANDFILL,METHANE,697.16,
1005096,2013,MID COUNTY LANDFILL,METHANE,657.18,
1002100,2013,CGGSWA REGIONAL LANDFILL,METHANE,1423.22,
1002158,2013,BLUFF ROAD LANDFILL,METHANE,4371.21,
1002307,2013,MARATHON COUNTY LANDFILL,METHANE,1142.34,
1002401,2013,BARTON COUNTY SANITARY LANDFILL,METHANE,1317.28,
1002766,2013,BATH LANDFILL,METHANE,521.06,
1002799,2013,LOS REALES LANDFILL,METHANE,1362.7,
1003439,2013,COVEL GARDENS RECYCLING AND DISPOSAL FACILITY,METHANE,8249.52,
1003798,2013,CENTRAL WELD SANITARY LANDFILL,METHANE,977.47,
1003865,2013,CITY OF MIDLAND MUNICIPAL SOLID WASTE FACILITY,METHANE,7501.35,
1003163,2013,BROOKFIELD AVENUE LANDFILL,METHANE,839.37,
1003628,2013,DAVIESS COUNTY LANDFILL,METHANE,1103.94,
1003639,2013,TEMPLE RECYCLING AND DISPOSAL FACILITY,METHANE,3045.89,
1003667,2013,ROANOKE REGIONAL LANDFILL,METHANE,1727.69,
1003687,2013,SAUK TRAIL HILLS LANDFILL,METHANE,4626.1,
1003695,2013,WILLIAMS COUNTY LANDFILL,METHANE,6051.4,
1004026,2013,BRICKYARD DISPOSAL LANDFILL,METHANE,968.6,
1004044,2013,GRAND FORKS LANDFILL,METHANE,2597.18,
1000367,2013,DOUBLE BUTTE DISPOSAL SITE LANDFILL,METHANE,42.6,
1001102,2013,FAYETTE COUNTY SLF & RECYCLING,METHANE,356.27,
1001909,2013,CHARLOTTE CO.BOARD OF CO.COMMISIONERS,METHANE,14252.26,
1002222,2013,IESI CHEROKEE VILLAGE LANDFILL,METHANE,3053.05,
1002436,2013,BROOME CO NANTICOKE LANDFILL,METHANE,973.1,
1007899,2013,CHESSER ISLAND ROAD LANDFILL,METHANE,11901.25,
1005820,2013,CENTERPOINT LANDFILL,METHANE,1099.07,
